ticker_and_date,ticker,report_year,close_year,close_next_year,next_year_return,next_year_return_winsor,next_year_return_scaled
AALI_2021,AALI,2021,7658.787109375,6720.90966796875,-0.1224576983290486,-0.1224576983290486,-0.015762088497851406
AALI_2022,AALI,2022,6720.90966796875,6190.6220703125,-0.0789011642551235,-0.0789011642551235,-0.01015572847230101
AALI_2023,AALI,2023,6190.6220703125,5678.8154296875,-0.0826745090900314,-0.0826745090900314,-0.010641412884406447
AALI_2024,AALI,2024,5678.8154296875,7077.333984375,0.246269415162954,0.246269415162954,0.03169845888889939
ABBA_2021,ABBA,2021,281.2664489746094,151.0,-0.4631425093519378,-0.4631425093519378,-0.05961318332071359
ABBA_2022,ABBA,2022,151.0,52.0,-0.6556291390728477,-0.6556291390728477,-0.08438901476057688
ABBA_2023,ABBA,2023,52.0,26.0,-0.5,-0.5,-0.06435727893357125
ABMM_2021,ABMM,2021,976.8627319335938,2456.369873046875,1.5145496831317922,1.5145496831317922,0.19494459283212942
ABMM_2022,ABMM,2022,2456.369873046875,2890.3232421875,0.1766645055788566,0.1766645055788566,0.02273929372639986
ABMM_2023,ABMM,2023,2890.3232421875,3263.34326171875,0.1290582361469491,0.1290582361469491,0.016611673804767826
ABMM_2024,ABMM,2024,3263.34326171875,2687.333251953125,-0.176509169759313,-0.176509169759313,-0.022719299745066375
ACES_2021,ACES,2021,1068.221923828125,424.21185302734375,-0.6028804094311037,-0.6028804094311037,-0.07759948534668637
ACES_2022,ACES,2022,424.21185302734375,646.44580078125,0.5238749133668869,0.5238749133668869,0.06743032785170643
ACES_2023,ACES,2023,646.44580078125,738.0440673828125,0.141695199335912,0.141695199335912,0.018238234934418538
ACES_2024,ACES,2024,738.0440673828125,410.0,-0.4444776157419621,-0.4444776157419621,-0.05721073979206832
ACST_2021,ACST,2021,210.0,157.0,-0.2523809523809524,-0.2523809523809524,-0.032485102699802634
ACST_2022,ACST,2022,157.0,136.0,-0.1337579617834395,-0.1337579617834395,-0.01721659691216556
ACST_2023,ACST,2023,136.0,86.0,-0.3676470588235294,-0.3676470588235294,-0.04732152862762592
ACST_2024,ACST,2024,86.0,136.0,0.5813953488372093,0.5813953488372093,0.07483404527159448
ADCP_2024,ADCP,2024,50.0,57.0,0.14,0.14,0.018020038101399953
ADES_2021,ADES,2021,3290.0,7175.0,1.180851063829787,1.180851063829787,0.15199272258779592
ADES_2022,ADES,2022,7175.0,9675.0,0.3484320557491289,0.3484320557491289,0.044848278002488674
ADES_2023,ADES,2023,9675.0,9100.0,-0.0594315245478036,-0.0594315245478036,-0.007649702405540767
ADES_2024,ADES,2024,9100.0,15425.0,0.695054945054945,0.695054945054945,0.08946368994611828
ADHI_2021,ADHI,2021,819.508544921875,484.0,-0.409402131315006,-0.409402131315006,-0.05269601432207682
ADHI_2022,ADHI,2022,484.0,312.0,-0.3553719008264462,-0.3553719008264462,-0.04574153709328204
ADHI_2023,ADHI,2023,312.0,212.0,-0.3205128205128205,-0.3205128205128205,-0.04125466598305849
ADHI_2024,ADHI,2024,212.0,268.0,0.2641509433962264,0.2641509433962264,0.034000071889433874
ADMG_2021,ADMG,2021,202.0,151.0,-0.2524752475247525,-0.2524752475247525,-0.032497239857545886
ADMG_2022,ADMG,2022,151.0,137.0,-0.0927152317880794,-0.0927152317880794,-0.011933800067152278
ADMG_2023,ADMG,2023,137.0,109.0,-0.2043795620437956,-0.2043795620437956,-0.026306624965547372
ADMG_2024,ADMG,2024,109.0,220.0,1.018348623853211,1.018348623853211,0.13107629287387906
ADMR_2024,ADMR,2024,1113.1082763671875,1518.2183837890625,0.3639449243374765,0.3639449243374765,0.046845010024088925
ADRO_2021,ADRO,2021,760.5518798828125,1361.35205078125,0.7899529102354071,0.7899529102354071,0.10167843957681295
ADRO_2022,ADRO,2022,1361.35205078125,1081.865234375,-0.2053009111389362,-0.2053009111389362,-0.026425216006969687
ADRO_2023,ADRO,2023,1081.865234375,1974.2447509765625,0.8248527526786601,0.8248527526786601,0.1061705573665292
ADRO_2024,ADRO,2024,1974.2447509765625,1724.7208251953125,-0.1263895601889394,-0.1263895601889394,-0.016268176358741934
AGAR_2024,AGAR,2024,226.0,236.0,0.0442477876106194,0.0442477876106194,0.005695334418900102
AGII_2021,AGII,2021,1482.8404541015625,1906.949951171875,0.2860115502630227,0.2860115502630227,0.036813850237000977
AGII_2022,AGII,2022,1906.949951171875,1497.9468994140625,-0.2144802235142398,-0.2144802235142398,-0.027606727140881276
AGII_2023,AGII,2023,1497.9468994140625,1388.0159912109375,-0.0733877203832296,-0.0733877203832296,-0.009446067982004881
AGII_2024,AGII,2024,1388.0159912109375,1515.0,0.0914859840182955,0.0914859840182955,0.011775577983955371
AIMS_2021,AIMS,2021,402.0,206.0,-0.4875621890547263,-0.4875621890547263,-0.06275635159691526
AIMS_2023,AIMS,2023,860.0,342.0,-0.6023255813953489,-0.6023255813953489,-0.07752807090137188
AIMS_2024,AIMS,2024,342.0,380.0,0.1111111111111111,0.1111111111111111,0.014301617540793612
AISA_2021,AISA,2021,192.0,143.0,-0.2552083333333333,-0.2552083333333333,-0.032849027789010325
AISA_2022,AISA,2022,143.0,144.0,0.0069930069930069,0.0069930069930069,0.0009001018032667189
AISA_2023,AISA,2023,144.0,105.0,-0.2708333333333333,-0.2708333333333333,-0.03486019275568443
AISA_2024,AISA,2024,105.0,134.0,0.2761904761904762,0.2761904761904762,0.0355497350299727
AKKU_2021,AKKU,2021,50.0,50.0,0.0,0.0,0.0
AKKU_2022,AKKU,2022,50.0,50.0,0.0,0.0,0.0
AKKU_2023,AKKU,2023,50.0,14.0,-0.72,-0.72,-0.09267448166434261
AKPI_2021,AKPI,2021,1039.9857177734375,1162.800537109375,0.1180927941961342,0.1180927941961342,0.015200261792250867
AKPI_2022,AKPI,2022,1162.800537109375,716.9602661132812,-0.3834193885947244,-0.3834193885947244,-0.049351657080660055
AKPI_2023,AKPI,2023,716.9602661132812,595.8521728515625,-0.1689188355140777,-0.1689188355140777,-0.021742313228627082
AKPI_2024,AKPI,2024,595.8521728515625,559.9703979492188,-0.0602192566163261,-0.0602192566163261,-0.007751094990458411
AKRA_2021,AKRA,2021,598.1867065429688,1056.6343994140625,0.7663956551634982,0.7663956551634982,0.09864627790566868
AKRA_2022,AKRA,2022,1056.6343994140625,1238.457275390625,0.1720773770732706,0.1720773770732706,0.02214886350892359
AKRA_2023,AKRA,2023,1238.457275390625,1002.4601440429688,-0.1905573458504814,-0.1905573458504814,-0.024527504519480877
AKRA_2024,AKRA,2024,1002.4601440429688,1219.6153564453125,0.2166222903651277,0.2166222903651277,0.027882442328515177
AKSI_2021,AKSI,2021,885.0,290.0,-0.672316384180791,-0.672316384180791,-0.08653690613666644
AKSI_2022,AKSI,2022,290.0,141.0,-0.5137931034482759,-0.5137931034482759,-0.06613265214553185
AKSI_2023,AKSI,2023,141.0,242.0,0.7163120567375887,0.7163120567375887,0.09219978967788223
AKSI_2024,AKSI,2024,242.0,478.0,0.975206611570248,0.975206611570248,0.12552328783737865
ALDO_2021,ALDO,2021,497.12640380859375,400.9739379882813,-0.1934165336696411,-0.1934165336696411,-0.024895523615483136
ALDO_2022,ALDO,2022,400.9739379882813,464.0103454589844,0.15720824098185,0.15720824098185,0.020234989231050014
ALDO_2023,ALDO,2023,464.0103454589844,644.34716796875,0.3886482796657952,0.3886482796657952,0.05002469148300838
ALDO_2024,ALDO,2024,644.34716796875,800.0,0.2415667201920548,0.2415667201920548,0.031093153584936063
ALKA_2021,ALKA,2021,256.0,266.0,0.0390625,0.0390625,0.005027912416685255
ALKA_2022,ALKA,2022,266.0,486.0,0.8270676691729323,0.8270676691729323,0.10645564936380207
ALKA_2023,ALKA,2023,486.0,362.0,-0.2551440329218107,-0.2551440329218107,-0.032840751389970516
ALKA_2024,ALKA,2024,362.0,366.0,0.011049723756906,0.011049723756906,0.0014222603079242168
ALMI_2021,ALMI,2021,300.0,272.0,-0.0933333333333333,-0.0933333333333333,-0.01201335873426663
ALMI_2022,ALMI,2022,272.0,192.0,-0.2941176470588235,-0.2941176470588235,-0.03785722290210074
ALMI_2023,ALMI,2023,192.0,74.0,-0.6145833333333334,-0.6145833333333334,-0.07910582202251468
ALMI_2024,ALMI,2024,74.0,74.0,0.0,0.0,0.0
ALTO_2021,ALTO,2021,280.0,50.0,-0.8214285714285714,-0.8214285714285714,-0.10572981539086707
ALTO_2022,ALTO,2022,50.0,50.0,0.0,0.0,0.0
ALTO_2023,ALTO,2023,50.0,16.0,-0.68,-0.68,-0.08752589934965692
AMAN_2022,AMAN,2022,698.705322265625,118.9285659790039,-0.8297872333455746,-0.8297872333455746,-0.10680569686387505
AMAN_2023,AMAN,2023,118.9285659790039,102.0,-0.1423423030425889,-0.1423423030425889,-0.018321526601917645
AMAN_2024,AMAN,2024,102.0,202.0,0.9803921568627452,0.9803921568627452,0.12619074300700248
AMFG_2021,AMFG,2021,4155.4873046875,5258.09326171875,0.265337342214349,0.265337342214349,0.034152778688762625
AMFG_2022,AMFG,2022,5258.09326171875,5670.69482421875,0.0784698068221654,0.0784698068221654,0.010100206491035102
AMFG_2023,AMFG,2023,5670.69482421875,4194.66650390625,-0.2602905580474174,-0.2602905580474174,-0.033503184096065126
AMFG_2024,AMFG,2024,4194.66650390625,3390.0,-0.1918308650179724,-0.1918308650179724,-0.024691424976059813
AMIN_2021,AMIN,2021,175.67379760742188,97.0828857421875,-0.4473684347671554,-0.4473684347671554,-0.057582830284769994
AMIN_2022,AMIN,2022,97.0828857421875,147.93582153320312,0.5238094789030093,0.5238094789030093,0.06742190548361916
AMIN_2023,AMIN,2023,147.93582153320312,132.0500030517578,-0.1073831768181978,-0.1073831768181978,-0.013821778126523517
AMIN_2024,AMIN,2024,132.0500030517578,250.0,0.8932222205402824,0.8932222205402824,0.11497070319394972
AMRT_2021,AMRT,2021,1129.5196533203125,2489.247314453125,1.2038105376349897,1.2038105376349897,0.15494794110749482
AMRT_2022,AMRT,2022,2489.247314453125,2776.6435546875,0.1154550769486375,0.1154550769486375,0.014860749182960794
AMRT_2023,AMRT,2023,2776.6435546875,2727.9970703125,-0.0175198881011844,-0.0175198881011844,-0.0022550646508257607
AMRT_2024,AMRT,2024,2727.9970703125,1915.390869140625,-0.2978764933493087,-0.2978764933493087,-0.03834104114047109
ANDI_2021,ANDI,2021,50.0,50.0,0.0,0.0,0.0
ANDI_2022,ANDI,2022,50.0,50.0,0.0,0.0,0.0
ANDI_2023,ANDI,2023,50.0,6.0,-0.88,-0.86,-0.11069451976574256
ANDI_2024,ANDI,2024,6.0,27.0,3.5,3.5,0.4505009525349988
ANJT_2021,ANJT,2021,910.1795654296876,639.14404296875,-0.2977824736517613,-0.2977824736517613,-0.03832893943667047
ANJT_2022,ANJT,2022,639.14404296875,745.0,0.165621440418284,0.165621440418284,0.02131789047675871
ANJT_2024,ANJT,2024,715.0,1780.0,1.4895104895104896,1.4895104895104896,0.1917216840958137
ANTM_2021,ANTM,2021,1869.787109375,1675.5294189453125,-0.1038929455956194,-0.1038929455956194,-0.013372534557855243
ANTM_2022,ANTM,2022,1675.5294189453125,1498.4510498046875,-0.1056850253647528,-0.1056850253647528,-0.0136032013130019
ANTM_2023,ANTM,2023,1498.4510498046875,1452.6707763671875,-0.0305517310314989,-0.0305517310314989,-0.003932452551795239
ANTM_2024,ANTM,2024,1452.6707763671875,3150.0,1.1684197488142924,1.1684197488142924,0.15039263137186937
APEX_2021,APEX,2021,850.0,170.0,-0.8,-0.8,-0.10297164629371401
APEX_2022,APEX,2022,170.0,166.0,-0.0235294117647058,-0.0235294117647058,-0.0030285778321680486
APEX_2023,APEX,2023,166.0,120.0,-0.2771084337349397,-0.2771084337349397,-0.035667889529449125
APEX_2024,APEX,2024,120.0,234.0,0.95,0.95,0.12227882997378538
APII_2021,APII,2021,220.0,197.0,-0.1045454545454545,-0.1045454545454545,-0.013456521958837621
APII_2022,APII,2022,197.0,187.0,-0.0507614213197969,-0.0507614213197969,-0.0065337339018854
APII_2023,APII,2023,187.0,178.0,-0.0481283422459893,-0.0481283422459893,-0.00619481829307103
APII_2024,APII,2024,178.0,206.0,0.1573033707865168,0.1573033707865168,0.020247233821797692
APLI_2021,APLI,2021,177.49496459960938,241.2552947998047,0.3592233184982175,0.3592233184982175,0.04623727061606578
APLI_2022,APLI,2022,241.2552947998047,516.9756469726562,1.1428572061046214,1.1428572061046214,0.14710235998903412
APLI_2023,APLI,2023,516.9756469726562,474.0048828125,-0.0831195132919463,-0.0831195132919463,-0.010698691403504944
APLI_2024,APLI,2024,474.0048828125,325.2804260253906,-0.3137614446177333,-0.3137614446177333,-0.040385665619727465
APLN_2021,APLN,2021,122.0,154.0,0.2622950819672131,0.2622950819672131,0.03376119550613574
APLN_2022,APLN,2022,154.0,129.0,-0.1623376623376623,-0.1623376623376623,-0.020895220432977677
APLN_2023,APLN,2023,129.0,92.0,-0.2868217054263566,-0.2868217054263566,-0.036918129000653284
APLN_2024,APLN,2024,92.0,105.0,0.1413043478260869,0.1413043478260869,0.018187926655139696
ARCI_2023,ARCI,2023,395.2668151855469,240.26022338867188,-0.3921568566896047,-0.3921568566896047,-0.05047629642337084
ARCI_2024,ARCI,2024,240.26022338867188,1592.29931640625,5.627394638813634,5.627394638813634,0.724327612878825
ARGO_2021,ARGO,2021,900.0,900.0,0.0,0.0,0.0
ARGO_2023,ARGO,2023,960.0,980.0,0.0208333333333333,0.0208333333333333,0.0026815532888987983
ARGO_2024,ARGO,2024,980.0,995.0,0.0153061224489795,0.0153061224489795,0.001970120783680741
ARII_2021,ARII,2021,250.0,296.0,0.184,0.184,0.023683478647554223
ARII_2022,ARII,2022,296.0,218.0,-0.2635135135135135,-0.2635135135135135,-0.03391802538390917
ARII_2023,ARII,2023,218.0,236.0,0.0825688073394495,0.0825688073394495,0.010627807530314514
ARII_2024,ARII,2024,236.0,322.0,0.3644067796610169,0.3644067796610169,0.04690445752785701
ARKA_2022,ARKA,2022,50.0,50.0,0.0,0.0,0.0
ARKA_2023,ARKA,2023,50.0,28.0,-0.44,-0.44,-0.056634405461542706
ARKA_2024,ARKA,2024,28.0,34.0,0.2142857142857142,0.2142857142857142,0.027581690971530525
ARNA_2021,ARNA,2021,579.5275268554688,758.5030517578125,0.3088300669227388,0.3088300669227388,0.03975092552004036
ARNA_2022,ARNA,2022,758.5030517578125,536.6005859375,-0.2925531615279054,-0.2925531615279054,-0.03765585083869907
ARNA_2023,ARNA,2023,536.6005859375,592.400390625,0.1039875955223038,0.1039875955223038,0.013384717381320582
ARNA_2024,ARNA,2024,592.400390625,486.238525390625,-0.1792062714921087,-0.1792062714921087,-0.023066456002125875
ARTA_2021,ARTA,2021,2242.911865234375,2523.276123046875,0.1250001224560837,0.1250001224560837,0.016089335495273485
ARTA_2022,ARTA,2022,2523.276123046875,2953.167236328125,0.1703702220120694,0.1703702220120694,0.021929127800010422
ARTA_2023,ARTA,2023,2953.167236328125,2276.659912109375,-0.2290785688994362,-0.2290785688994362,-0.029485746712728675
ARTA_2024,ARTA,2024,2276.659912109375,3400.0,0.4934158509646818,0.4934158509646818,0.0635098031015589
ARTI_2021,ARTI,2021,50.0,50.0,0.0,0.0,0.0
ARTI_2022,ARTI,2022,50.0,5.0,-0.9,-0.86,-0.11069451976574256
ARTI_2023,ARTI,2023,5.0,2.0,-0.6,-0.6,-0.0772287347202855
ARTI_2024,ARTI,2024,2.0,2.0,0.0,0.0,0.0
ASGR_2021,ASGR,2021,592.2216796875,701.7085571289062,0.1848748217038924,0.1848748217038924,0.023796080936383315
ASGR_2022,ASGR,2022,701.7085571289062,685.8595581054688,-0.0225862986312791,-0.0225862986312791,-0.0029071854421803354
ASGR_2023,ASGR,2023,685.8595581054688,707.5537719726562,0.031630694084242,0.031630694084242,0.00407133080408405
ASGR_2024,ASGR,2024,707.5537719726562,1042.088134765625,0.4728041543193087,0.4728041543193087,0.06085677768095804
ASHA_2024,ASHA,2024,12.0,72.0,5.0,5.0,0.6435727893357126
ASII_2021,ASII,2021,3893.855712890625,4050.83251953125,0.0403139762269445,0.0403139762269445,0.0051889956259176554
ASII_2022,ASII,2022,4050.83251953125,4453.9208984375,0.099507539984125,0.099507539984125,0.012808069013503655
ASII_2023,ASII,2023,4453.9208984375,4295.0498046875,-0.0356699405698323,-0.0356699405698323,-0.004591240629593213
ASII_2024,ASII,2024,4295.0498046875,6377.958984375,0.484955768711755,0.484955768711755,0.06242086735485377
ASLC_2024,ASLC,2024,75.796875,87.0,0.1478045763760049,0.1478045763760049,0.019024600698977767
ASPI_2022,ASPI,2022,89.0,138.0,0.550561797752809,0.550561797752809,0.07086531837629195
ASPI_2023,ASPI,2023,138.0,132.0,-0.0434782608695652,-0.0434782608695652,-0.005596285124658368
ASPI_2024,ASPI,2024,132.0,680.0,4.151515151515151,4.151515151515151,0.5343604372060159
ASRI_2021,ASRI,2021,162.0,160.0,-0.0123456790123456,-0.0123456790123456,-0.0015890686156437247
ASRI_2022,ASRI,2022,160.0,164.0,0.025,0.025,0.003217863946678563
ASRI_2023,ASRI,2023,164.0,134.0,-0.1829268292682926,-0.1829268292682926,-0.023545345951306546
ASRI_2024,ASRI,2024,134.0,163.0,0.2164179104477611,0.2164179104477611,0.02785613565781441
ASSA_2021,ASSA,2021,2957.89501953125,690.4724731445312,-0.7665662680435652,-0.7665662680435652,-0.09866823826709295
ASSA_2022,ASSA,2022,690.4724731445312,703.83642578125,0.0193547942264186,0.0193547942264186,0.002491243781462993
ASSA_2023,ASSA,2023,703.83642578125,650.8214721679688,-0.0753228330779204,-0.0753228330779204,-0.009695145156925102
ASSA_2024,ASSA,2024,650.8214721679688,1125.0,0.7285846397361208,0.7285846397361208,0.0937794497724261
ATAP_2024,ATAP,2024,25.0,620.0,23.8,7.769128966998332,1.0
ATIC_2021,ATIC,2021,800.0,392.0,-0.51,-0.51,-0.06564442451224269
ATIC_2022,ATIC,2022,392.0,500.0,0.2755102040816326,0.2755102040816326,0.03546217410625355
ATIC_2023,ATIC,2023,500.0,374.0,-0.252,-0.252,-0.03243606858251991
ATIC_2024,ATIC,2024,374.0,645.0,0.7245989304812834,0.7245989304812834,0.09326643096790273
AUTO_2021,AUTO,2021,809.875,1079.6904296875,0.3331568818490508,0.3331568818490508,0.04288214074759641
AUTO_2022,AUTO,2022,1079.6904296875,1856.027099609375,0.719036353917274,0.719036353917274,0.09255044638486414
AUTO_2023,AUTO,2023,1856.027099609375,1980.058349609375,0.0668262063771073,0.0668262063771073,0.008601505607767786
AUTO_2024,AUTO,2024,1980.058349609375,2523.708984375,0.2745629364270382,0.2745629364270382,0.03534024696891058
AYLS_2022,AYLS,2022,101.0,51.0,-0.495049504950495,-0.495049504950495,-0.06372007815205075
AYLS_2023,AYLS,2023,51.0,129.0,1.5294117647058822,1.5294117647058822,0.19685755909092384
AYLS_2024,AYLS,2024,129.0,226.0,0.751937984496124,0.751937984496124,0.09678536521792887
BAJA_2021,BAJA,2021,334.0,124.0,-0.6287425149700598,-0.6287425149700598,-0.08092831482664649
BAJA_2022,BAJA,2022,124.0,123.0,-0.0080645161290322,-0.0080645161290322,-0.0010380206279608194
BAJA_2023,BAJA,2023,123.0,93.0,-0.2439024390243902,-0.2439024390243902,-0.031393794601742075
BAJA_2024,BAJA,2024,93.0,163.0,0.7526881720430108,0.7526881720430108,0.09688192527634383
BALI_2021,BALI,2021,760.3432006835938,762.0374145507812,0.0022282225522162,0.0022282225522162,0.0002868046806381041
BALI_2022,BALI,2022,762.0374145507812,775.968994140625,0.018282015192202,0.018282015192202,0.002353161502384663
BALI_2023,BALI,2023,775.968994140625,1677.3642578125,1.1616382490516362,1.1616382490516362,0.14951975362824294
BALI_2024,BALI,2024,1677.3642578125,1780.0,0.0611887022806544,0.0611887022806544,0.007875876760518647
BAPA_2021,BAPA,2021,68.0,95.0,0.3970588235294117,0.3970588235294117,0.05110725091783599
BAPA_2022,BAPA,2022,95.0,67.0,-0.2947368421052631,-0.2947368421052631,-0.03793692231873673
BAPA_2023,BAPA,2023,67.0,56.0,-0.1641791044776119,-0.1641791044776119,-0.02113224084385921
BAPA_2024,BAPA,2024,56.0,93.0,0.6607142857142857,0.6607142857142857,0.08504354716221917
BAPI_2022,BAPI,2022,50.0,50.0,0.0,0.0,0.0
BAPI_2023,BAPI,2023,50.0,10.0,-0.8,-0.8,-0.10297164629371401
BATA_2021,BATA,2021,1105.0,520.0,-0.5294117647058824,-0.5294117647058824,-0.06814300122378134
BATA_2023,BATA,2023,141.0,50.0,-0.6453900709219859,-0.6453900709219859,-0.08307109763056716
BATA_2024,BATA,2024,50.0,70.0,0.4,0.4,0.051485823146857006
BAUT_2024,BAUT,2024,15.0,36.0,1.4,1.4,0.18020038101399952
BAYU_2021,BAYU,2021,858.465087890625,771.4586181640625,-0.1013512033906354,-0.1013512033906354,-0.013045375333728472
BAYU_2022,BAYU,2022,771.4586181640625,1209.523193359375,0.5678393693207162,0.5678393693207162,0.07308919336167304
BAYU_2023,BAYU,2023,1209.523193359375,1189.3502197265625,-0.0166784512637441,-0.0166784512637441,-0.0021467594803215063
BAYU_2024,BAYU,2024,1189.3502197265625,1268.5185546875,0.0665643589649638,0.0665643589649638,0.008567802033885078
BBRM_2021,BBRM,2021,67.77452087402344,72.0,0.0623461305441127,0.0623461305441127,0.008024854627712616
BBRM_2023,BBRM,2023,65.0,79.0,0.2153846153846154,0.2153846153846154,0.027723135540615312
BBRM_2024,BBRM,2024,79.0,212.0,1.6835443037974684,1.6835443037974684,0.21669666071303742
BCIP_2021,BCIP,2021,92.0,68.0,-0.2608695652173913,-0.2608695652173913,-0.03357771074795022
BCIP_2022,BCIP,2022,68.0,60.0,-0.1176470588235294,-0.1176470588235294,-0.015142889160840294
BCIP_2023,BCIP,2023,60.0,59.0,-0.0166666666666666,-0.0166666666666666,-0.0021452426311190332
BCIP_2024,BCIP,2024,59.0,83.0,0.4067796610169492,0.4067796610169492,0.05235846421714272
BEEF_2021,BEEF,2021,65.80884552001953,57.149784088134766,-0.1315789900804538,-0.1315789900804538,-0.01693613153281074
BEEF_2024,BEEF,2024,130.97344970703125,456.0,2.481621664696214,2.481621664696214,0.3194208353648954
BELL_2021,BELL,2021,142.53228759765625,144.63587951660156,0.0147587045321505,0.0147587045321505,0.001899660128547544
BELL_2022,BELL,2022,144.63587951660156,77.52213287353516,-0.4640186575237922,-0.4640186575237922,-0.05972595634527993
BELL_2023,BELL,2023,77.52213287353516,59.218868255615234,-0.2361037285671531,-0.2361037285671531,-0.030389987033304935
BELL_2024,BELL,2024,59.218868255615234,69.0,0.1651691771981357,0.1651691771981357,0.021259677616337753
BESS_2022,BESS,2022,170.0,212.0,0.2470588235294117,0.2470588235294117,0.031800067237764615
BESS_2023,BESS,2023,212.0,344.0,0.6226415094339622,0.6226415094339622,0.0801430265965227
BESS_2024,BESS,2024,344.0,1590.0,3.622093023255814,3.622093023255814,0.4662161020420337
BEST_2021,BEST,2021,112.0,133.0,0.1875,0.1875,0.02413397960008922
BEST_2022,BEST,2022,133.0,137.0,0.0300751879699248,0.0300751879699248,0.003871114522320074
BEST_2023,BEST,2023,137.0,101.0,-0.2627737226277372,-0.2627737226277372,-0.033822803527132336
BEST_2024,BEST,2024,101.0,111.0,0.099009900990099,0.099009900990099,0.012744015630410149
BHIT_2021,BHIT,2021,56.0,57.0,0.0178571428571428,0.0178571428571428,0.002298474247627538
BHIT_2022,BHIT,2022,57.0,50.0,-0.1228070175438596,-0.1228070175438596,-0.015807050966140303
BHIT_2023,BHIT,2023,50.0,34.0,-0.32,-0.32,-0.041188658517485606
BHIT_2024,BHIT,2024,34.0,39.0,0.1470588235294117,0.1470588235294117,0.018928611451050358
BIKA_2021,BIKA,2021,250.0,101.0,-0.596,-0.596,-0.07671387648881693
BIKA_2022,BIKA,2022,101.0,51.0,-0.495049504950495,-0.495049504950495,-0.06372007815205075
BIKA_2023,BIKA,2023,51.0,55.0,0.0784313725490196,0.0784313725490196,0.010095259440560196
BIKE_2024,BIKE,2024,471.5897521972656,770.0,0.6327750898155853,0.6327750898155853,0.08144736591495445
BIMA_2021,BIMA,2021,246.0,117.0,-0.524390243902439,-0.524390243902439,-0.06749665839374547
BIMA_2022,BIMA,2022,117.0,90.0,-0.2307692307692307,-0.2307692307692307,-0.02970335950780211
BIMA_2023,BIMA,2023,90.0,87.0,-0.0333333333333333,-0.0333333333333333,-0.0042904852622380795
BIMA_2024,BIMA,2024,87.0,82.0,-0.057471264367816,-0.057471264367816,-0.007397388383169098
BINO_2024,BINO,2024,165.0,138.0,-0.1636363636363636,-0.1636363636363636,-0.0210623821964415
BIPI_2021,BIPI,2021,50.0,158.0,2.16,2.16,0.27802344499302784
BIPI_2022,BIPI,2022,158.0,105.0,-0.3354430379746835,-0.3354430379746835,-0.043176402322522484
BIPI_2023,BIPI,2023,105.0,87.0,-0.1714285714285714,-0.1714285714285714,-0.022065352777224427
BIPI_2024,BIPI,2024,87.0,86.0,-0.0114942528735632,-0.0114942528735632,-0.0014794776766338196
BIPP_2021,BIPP,2021,55.0,51.0,-0.0727272727272727,-0.0727272727272727,-0.009361058753973996
BIPP_2022,BIPP,2022,51.0,50.0,-0.0196078431372549,-0.0196078431372549,-0.002523814860140049
BIPP_2023,BIPP,2023,50.0,27.0,-0.46,-0.46,-0.05920869661888556
BIPP_2024,BIPP,2024,27.0,64.0,1.3703703703703705,1.3703703703703705,0.17638661633645458
BIRD_2021,BIRD,2021,1133.562744140625,1204.3795166015625,0.0624727416519188,0.0624727416519188,0.008041151320474947
BIRD_2022,BIRD,2022,1204.3795166015625,1579.508544921875,0.3114707807210359,0.3114707807210359,0.04009082382904183
BIRD_2023,BIRD,2023,1579.508544921875,1509.8963623046875,-0.0440720519309571,-0.0440720519309571,-0.005672714678590887
BIRD_2024,BIRD,2024,1509.8963623046875,1700.0,0.12590509020443,0.12590509020443,0.016205818018885904
BISI_2021,BISI,2021,821.6444091796875,1372.9610595703125,0.6709917869958465,0.6709917869958465,0.08636641119565425
BISI_2022,BISI,2022,1372.9610595703125,1432.92333984375,0.043673693332718,0.043673693332718,0.005621440127745967
BISI_2023,BISI,2023,1432.92333984375,1122.7235107421875,-0.2164804079019241,-0.2164804079019241,-0.027864179989994825
BISI_2024,BISI,2024,1122.7235107421875,842.7305297851562,-0.2493872964074112,-0.2493872964074112,-0.03209977559476195
BKDP_2021,BKDP,2021,88.0,87.0,-0.0113636363636363,-0.0113636363636363,-0.0014626654303084294
BKDP_2022,BKDP,2022,87.0,51.0,-0.4137931034482758,-0.4137931034482758,-0.053261196358817584
BKDP_2023,BKDP,2023,51.0,51.0,0.0,0.0,0.0
BKDP_2024,BKDP,2024,51.0,43.0,-0.1568627450980392,-0.1568627450980392,-0.020190518881120393
BKSL_2024,BKSL,2024,71.0,139.0,0.9577464788732394,0.9577464788732394,0.12327591457698156
BLTA_2021,BLTA,2021,50.0,50.0,0.0,0.0,0.0
BLTA_2022,BLTA,2022,50.0,50.0,0.0,0.0,0.0
BLTA_2023,BLTA,2023,50.0,21.0,-0.58,-0.58,-0.07465444356294265
BLTA_2024,BLTA,2024,21.0,42.0,1.0,1.0,0.1287145578671425
BLTZ_2021,BLTZ,2021,3370.0,3190.0,-0.0534124629080118,-0.0534124629080118,-0.006874961547799888
BLTZ_2022,BLTZ,2022,3190.0,2110.0,-0.3385579937304075,-0.3385579937304075,-0.043577342475396214
BLTZ_2023,BLTZ,2023,2110.0,2000.0,-0.0521327014218009,-0.0521327014218009,-0.0067102376139268555
BLTZ_2024,BLTZ,2024,2000.0,2900.0,0.45,0.45,0.05792155104021413
BLUE_2022,BLUE,2022,229.67047119140625,299.3051452636719,0.3031938486085676,0.3031938486085676,0.03902546217168912
BLUE_2023,BLUE,2023,299.3051452636719,314.2472839355469,0.0499227591250119,0.0499227591250119,0.0064257858682837616
BLUE_2024,BLUE,2024,314.2472839355469,2929.41015625,8.321990375104821,7.769128966998332,1.0
BMHS_2024,BMHS,2024,245.3337554931641,190.0,-0.2255448109125198,-0.2255448109125198,-0.029030900615833247
BMSR_2021,BMSR,2021,262.0,770.0,1.9389312977099236,1.9389312977099236,0.2495686847194977
BMSR_2022,BMSR,2022,770.0,336.0,-0.5636363636363636,-0.5636363636363636,-0.0725482053432985
BMSR_2023,BMSR,2023,336.0,318.0,-0.0535714285714285,-0.0535714285714285,-0.006895422742882625
BMSR_2024,BMSR,2024,318.0,312.0,-0.0188679245283018,-0.0188679245283018,-0.0024285765635309797
BMTR_2021,BMTR,2021,260.0,278.0,0.0692307692307692,0.0692307692307692,0.008911007852340632
BMTR_2022,BMTR,2022,278.0,268.0,-0.0359712230215827,-0.0359712230215827,-0.004630020067163395
BMTR_2023,BMTR,2023,268.0,183.0,-0.3171641791044776,-0.3171641791044776,-0.040823647084728035
BMTR_2024,BMTR,2024,183.0,139.0,-0.2404371584699453,-0.2404371584699453,-0.030947762547291088
BNBR_2021,BNBR,2021,3800.0,3800.0,0.0,0.0,0.0
BNBR_2022,BNBR,2022,3800.0,50.0,-0.986842105263158,-0.86,-0.11069451976574256
BNBR_2023,BNBR,2023,50.0,35.0,-0.3,-0.3,-0.03861436736014275
BNBR_2024,BNBR,2024,35.0,127.0,2.628571428571429,2.628571428571429,0.33833540925077465
BOBA_2024,BOBA,2024,164.2275390625,178.1818084716797,0.0849691196058726,0.0849691196058726,0.010936762662430242
BOGA_2021,BOGA,2021,1390.0,1295.0,-0.0683453237410072,-0.0683453237410072,-0.00879703812761046
BOGA_2022,BOGA,2022,1295.0,1185.0,-0.0849420849420849,-0.0849420849420849,-0.01093328290763372
BOGA_2023,BOGA,2023,1185.0,585.0,-0.5063291139240507,-0.5063291139240507,-0.06517192803399621
BOGA_2024,BOGA,2024,585.0,1115.0,0.905982905982906,0.905982905982906,0.11661318917877869
BOLA_2021,BOLA,2021,608.3602294921875,224.0,-0.6317971012224484,-0.6317971012224484,-0.08132148454558973
BOLA_2022,BOLA,2022,224.0,160.0,-0.2857142857142857,-0.2857142857142857,-0.036775587962040716
BOLA_2023,BOLA,2023,160.0,92.0,-0.425,-0.425,-0.05470368709353557
BOLA_2024,BOLA,2024,92.0,174.0,0.8913043478260869,0.8913043478260869,0.11472384505549658
BOLT_2021,BOLT,2021,710.6119384765625,647.7578735351562,-0.0884506177537,-0.0884506177537,-0.011384882157243122
BOLT_2022,BOLT,2022,647.7578735351562,660.365234375,0.0194630761815965,0.0194630761815965,0.002505181245448706
BOLT_2023,BOLT,2023,660.365234375,1214.981201171875,0.8398624547850236,0.8398624547850236,0.10810252453686729
BOLT_2024,BOLT,2024,1214.981201171875,968.48486328125,-0.2028807833840343,-0.2028807833840343,-0.026113710333015492
BOSS_2021,BOSS,2021,71.0,89.0,0.2535211267605634,0.2535211267605634,0.032631859740965705
BOSS_2022,BOSS,2022,89.0,50.0,-0.4382022471910112,-0.4382022471910112,-0.0564030085035793
BPTR_2021,BPTR,2021,304.18145751953125,117.88558959960938,-0.6124497838858569,-0.6124497838858569,-0.07883120314869506
BPTR_2022,BPTR,2022,117.88558959960938,88.0,-0.2535135100152089,-0.2535135100152089,-0.03263087935495502
BPTR_2023,BPTR,2023,88.0,82.0,-0.0681818181818181,-0.0681818181818181,-0.008775992581850614
BPTR_2024,BPTR,2024,82.0,89.0,0.0853658536585365,0.0853658536585365,0.010987828110609716
BRAM_2021,BRAM,2021,9905.1123046875,7003.08837890625,-0.2929824353841899,-0.2929824353841899,-0.03771110463331465
BRAM_2022,BRAM,2022,7003.08837890625,5384.8564453125,-0.2310740413426693,-0.2310740413426693,-0.029742593065995488
BRAM_2023,BRAM,2023,5384.8564453125,5552.66552734375,0.0311631486810251,0.0311631486810251,0.004011150904226171
BRAM_2024,BRAM,2024,5552.66552734375,4403.837890625,-0.2068966032730444,-0.2068966032730444,-0.0266306048145035
BRMS_2021,BRMS,2021,116.0,159.0,0.3706896551724138,0.3706896551724138,0.04771315507144076
BRMS_2022,BRMS,2022,159.0,170.0,0.0691823899371069,0.0691823899371069,0.008904780732946965
BRMS_2023,BRMS,2023,170.0,346.0,1.035294117647059,1.035294117647059,0.1332574246153946
BRMS_2024,BRMS,2024,346.0,1100.0,2.179190751445087,2.179190751445087,0.2804935740804204
BRNA_2021,BRNA,2021,1190.0,1070.0,-0.1008403361344537,-0.1008403361344537,-0.012979619280720243
BRNA_2022,BRNA,2022,1070.0,980.0,-0.0841121495327102,-0.0841121495327102,-0.010826458138357772
BRNA_2023,BRNA,2023,980.0,700.0,-0.2857142857142857,-0.2857142857142857,-0.036775587962040716
BRNA_2024,BRNA,2024,700.0,705.0,0.0071428571428571,0.0071428571428571,0.0009193896990510124
BRPT_2021,BRPT,2021,844.2576904296875,751.53173828125,-0.1098313384640231,-0.1098313384640231,-0.014136892170353216
BRPT_2022,BRPT,2022,751.53173828125,1326.6658935546875,0.765282590178782,0.765282590178782,0.09850301023828355
BRPT_2023,BRPT,2023,1326.6658935546875,920.0,-0.306532259199836,-0.306532259199836,-0.03945516421492322
BRPT_2024,BRPT,2024,920.0,3270.0,2.5543478260869565,2.5543478260869565,0.32878175107367924
BSDE_2021,BSDE,2021,1010.0,920.0,-0.0891089108910891,-0.0891089108910891,-0.011469614067369134
BSDE_2022,BSDE,2022,920.0,1080.0,0.1739130434782608,0.1739130434782608,0.022385140498633473
BSDE_2023,BSDE,2023,1080.0,945.0,-0.125,-0.125,-0.016089319733392813
BSDE_2024,BSDE,2024,945.0,905.0,-0.0423280423280423,-0.0423280423280423,-0.0054482352536356585
BSML_2024,BSML,2024,131.0,254.0,0.9389312977099236,0.9389312977099236,0.12085412685235518
BSSR_2021,BSSR,2021,1655.814697265625,2653.740234375,0.602679477816767,0.602679477816767,0.07757362252278549
BSSR_2022,BSSR,2022,2653.740234375,2837.1484375,0.0691130958295153,0.0691130958295153,0.008895861572525513
BSSR_2023,BSSR,2023,2837.1484375,3840.3369140625,0.3535904090539852,0.3535904090539852,0.04551223316744577
BSSR_2024,BSSR,2024,3840.3369140625,3892.267822265625,0.0135224875747138,0.0135224875747138,0.001740541009443215
BTEK_2021,BTEK,2021,50.0,50.0,0.0,0.0,0.0
BTEK_2022,BTEK,2022,50.0,50.0,0.0,0.0,0.0
BTEK_2023,BTEK,2023,50.0,3.0,-0.94,-0.86,-0.11069451976574256
BTEK_2024,BTEK,2024,3.0,17.0,4.666666666666667,4.666666666666667,0.6006679367133317
BTEL_2023,BTEL,2023,50.0,50.0,0.0,0.0,0.0
BTEL_2024,BTEL,2024,50.0,50.0,0.0,0.0,0.0
BTON_2021,BTON,2021,420.6113586425781,422.5676879882813,0.0046511567163014,0.0046511567163014,0.0005986715803095251
BTON_2022,BTON,2022,422.5676879882813,434.3056640625,0.0277777416680857,0.0277777416680857,0.0035753997373553525
BTON_2023,BTON,2023,434.3056640625,444.0,0.0223214586860762,0.0223214586860762,0.002873096685727986
BTON_2024,BTON,2024,444.0,374.0,-0.1576576576576576,-0.1576576576576576,-0.020292835699774713
BUDI_2021,BUDI,2021,150.446044921875,196.9837646484375,0.3093316261702262,0.3093316261702262,0.03981548349682488
BUDI_2022,BUDI,2022,196.9837646484375,257.7374267578125,0.3084196416786113,0.3084196416786113,0.03969809781620497
BUDI_2023,BUDI,2023,257.7374267578125,217.2462158203125,-0.1571025653777023,-0.1571025653777023,-0.020221387242384804
BUDI_2024,BUDI,2024,217.2462158203125,214.0,-0.0149425655496687,-0.0149425655496687,-0.0019233257181264021
BUKA_2024,BUKA,2024,125.0,158.0,0.264,0.264,0.033980643276925626
BUKK_2021,BUKK,2021,1215.0,1200.0,-0.0123456790123456,-0.0123456790123456,-0.0015890686156437247
BUKK_2022,BUKK,2022,1200.0,1100.0,-0.0833333333333333,-0.0833333333333333,-0.010726213155595205
BUKK_2023,BUKK,2023,1100.0,885.0,-0.1954545454545454,-0.1954545454545454,-0.025157845401305123
BUKK_2024,BUKK,2024,885.0,1920.0,1.1694915254237288,1.1694915254237288,0.1505305846242853
BULL_2021,BULL,2021,238.0,178.0,-0.2521008403361344,-0.2521008403361344,-0.032449048201800626
BULL_2022,BULL,2022,178.0,154.0,-0.1348314606741573,-0.1348314606741573,-0.01735477184725517
BULL_2023,BULL,2023,154.0,120.0,-0.2207792207792207,-0.2207792207792207,-0.028417499788849634
BULL_2024,BULL,2024,120.0,420.0,2.5,2.5,0.3217863946678563
BUMI_2021,BUMI,2021,67.0,161.0,1.4029850746268655,1.4029850746268655,0.18058460357479694
BUMI_2022,BUMI,2022,161.0,85.0,-0.4720496894409938,-0.4720496894409938,-0.06075966706771945
BUMI_2023,BUMI,2023,85.0,118.0,0.388235294117647,0.388235294117647,0.04997153423077297
BUMI_2024,BUMI,2024,118.0,366.0,2.1016949152542375,2.1016949152542375,0.2705187317885707
BUVA_2021,BUVA,2021,60.0,60.0,0.0,0.0,0.0
BUVA_2022,BUVA,2022,60.0,61.0,0.0166666666666666,0.0166666666666666,0.0021452426311190332
BUVA_2023,BUVA,2023,61.0,58.0,-0.0491803278688524,-0.0491803278688524,-0.006330224157400444
BUVA_2024,BUVA,2024,58.0,1390.0,22.96551724137931,7.769128966998332,1.0
BWPT_2021,BWPT,2021,74.0,65.0,-0.1216216216216216,-0.1216216216216216,-0.015654473254111925
BWPT_2022,BWPT,2022,65.0,54.0,-0.1692307692307692,-0.1692307692307692,-0.021782463639054884
BWPT_2023,BWPT,2023,54.0,59.0,0.0925925925925925,0.0925925925925925,0.011918014617327999
BWPT_2024,BWPT,2024,59.0,143.0,1.423728813559322,1.423728813559322,0.1832546247599995
BYAN_2021,BYAN,2021,2274.810791015625,19894.115234375,7.745393380823976,7.745393380823976,0.9969448845198502
BYAN_2022,BYAN,2022,19894.115234375,19412.306640625,-0.0242186489860822,-0.0242186489860822,-0.00311729269638309
BYAN_2023,BYAN,2023,19412.306640625,20050.2265625,0.032861624004022,0.032861624004022,0.004229769404473969
BYAN_2024,BYAN,2024,20050.2265625,15700.0,-0.2169664541664702,-0.2169664541664702,-0.027926741220038853
CAKK_2021,CAKK,2021,98.0,202.0,1.0612244897959184,1.0612244897959184,0.13659504100186554
CAKK_2022,CAKK,2022,202.0,185.0,-0.0841584158415841,-0.0841584158415841,-0.01083241328584862
CAKK_2023,CAKK,2023,185.0,150.0,-0.1891891891891892,-0.1891891891891892,-0.024351402839729665
CAKK_2024,CAKK,2024,150.0,180.0,0.2,0.2,0.025742911573428503
CAMP_2021,CAMP,2021,234.69552612304688,276.25,0.1770569493308825,0.1770569493308825,0.022789806950429595
CAMP_2022,CAMP,2022,276.25,382.8571472167969,0.3859082252191742,0.3859082252191742,0.04967200658637966
CAMP_2023,CAMP,2023,382.8571472167969,256.0,-0.3313432911961878,-0.3313432911961878,-0.042648705228561165
CAMP_2024,CAMP,2024,256.0,216.0,-0.15625,-0.15625,-0.02011164966674102
CANI_2021,CANI,2021,150.0,81.0,-0.46,-0.46,-0.05920869661888556
CANI_2022,CANI,2022,81.0,50.0,-0.382716049382716,-0.382716049382716,-0.049261127084955766
CANI_2023,CANI,2023,50.0,49.0,-0.02,-0.02,-0.0025742911573428504
CARE_2022,CARE,2022,476.0,160.0,-0.6638655462184874,-0.6638655462184874,-0.08544916026474167
CARE_2023,CARE,2023,160.0,189.0,0.18125,0.18125,0.02332951361341958
CARE_2024,CARE,2024,189.0,680.0,2.5978835978835977,2.5978835978835977,0.33438543869188875
CARS_2022,CARS,2022,84.0,100.0,0.1904761904761904,0.1904761904761904,0.02451705864136047
CARS_2023,CARS,2023,100.0,90.0,-0.1,-0.1,-0.012871455786714251
CARS_2024,CARS,2024,90.0,122.0,0.3555555555555555,0.3555555555555555,0.045765176130539556
CASH_2022,CASH,2022,136.0,110.0,-0.1911764705882352,-0.1911764705882352,-0.02460719488636547
CASH_2023,CASH,2023,110.0,71.0,-0.3545454545454545,-0.3545454545454545,-0.04563516142562325
CASH_2024,CASH,2024,71.0,103.0,0.4507042253521127,0.4507042253521127,0.05801219509505015
CASS_2021,CASS,2021,468.0,416.0,-0.1111111111111111,-0.1111111111111111,-0.014301617540793612
CASS_2022,CASS,2022,416.0,900.0,1.1634615384615383,1.1634615384615383,0.14975443751850234
CASS_2023,CASS,2023,900.0,1900.0,1.1111111111111112,1.1111111111111112,0.14301617540793612
CASS_2024,CASS,2024,1900.0,2560.0,0.3473684210526316,0.3473684210526316,0.04471137273279688
CCSI_2021,CCSI,2021,717.7980346679688,695.0,-0.0317610714530786,-0.0317610714530786,-0.0040881122694697335
CCSI_2022,CCSI,2022,695.0,470.0,-0.3237410071942446,-0.3237410071942446,-0.0416701806044706
CCSI_2023,CCSI,2023,470.0,288.0,-0.3872340425531915,-0.3872340425531915,-0.04984265857834029
CCSI_2024,CCSI,2024,288.0,348.0,0.2083333333333333,0.2083333333333333,0.026815532888988018
CEKA_2021,CEKA,2021,1547.6259765625,1695.9361572265625,0.0958307646098579,0.0958307646098579,0.012334814496828068
CEKA_2022,CEKA,2022,1695.9361572265625,1662.611572265625,-0.0196496694872256,-0.0196496694872256,-0.0025291985202837244
CEKA_2023,CEKA,2023,1662.611572265625,1977.368408203125,0.189314714986967,0.189314714986967,0.024367559837291556
CEKA_2024,CEKA,2024,1977.368408203125,2410.0,0.2187915969538605,0.2187915969538605,0.028161663666962197
CENT_2021,CENT,2021,232.0,112.0,-0.5172413793103449,-0.5172413793103449,-0.066576495448522
CENT_2022,CENT,2022,112.0,55.0,-0.5089285714285714,-0.5089285714285714,-0.06550651605738503
CENT_2023,CENT,2023,55.0,45.0,-0.1818181818181818,-0.1818181818181818,-0.023402646884935
CENT_2024,CENT,2024,45.0,153.0,2.4,2.4,0.308914938881142
CINT_2021,CINT,2021,229.4171600341797,213.9367523193359,-0.0674771133621277,-0.0674771133621277,-0.00868528681255732
CINT_2022,CINT,2022,213.9367523193359,151.5746307373047,-0.2914979352820383,-0.2914979352820383,-0.037520027859012484
CINT_2023,CINT,2023,151.5746307373047,176.88235473632812,0.1669654339642395,0.1669654339642395,0.021490882011802666
CINT_2024,CINT,2024,176.88235473632812,244.0,0.3794479407723943,0.3794479407723943,0.04884047393011641
CITA_2021,CITA,2021,2510.82373046875,3074.02392578125,0.2243089343461618,0.2243089343461618,0.028871825310016114
CITA_2022,CITA,2022,3074.02392578125,1682.2720947265625,-0.4527459332317915,-0.4527459332317915,-0.058274992622076874
CITA_2023,CITA,2023,1682.2720947265625,3072.340576171875,0.8263041905068603,0.8263041905068603,0.10635737854485762
CITA_2024,CITA,2024,3072.340576171875,4056.023681640625,0.3201738482699127,0.3201738482699127,0.04121103532068338
CITY_2021,CITY,2021,175.0,142.0,-0.1885714285714285,-0.1885714285714285,-0.024271888054946865
CITY_2022,CITY,2022,142.0,63.0,-0.5563380281690141,-0.5563380281690141,-0.07160880332045252
CITY_2023,CITY,2023,63.0,106.0,0.6825396825396826,0.6825396825396826,0.08785279346487505
CITY_2024,CITY,2024,106.0,408.0,2.849056603773585,2.849056603773585,0.36671506109317964
CLAY_2021,CLAY,2021,820.0,720.0,-0.1219512195121951,-0.1219512195121951,-0.015696897300871038
CLAY_2022,CLAY,2022,720.0,130.0,-0.8194444444444444,-0.8194444444444444,-0.1054744293633529
CLAY_2024,CLAY,2024,266.0,2340.0,7.796992481203008,7.769128966998332,1.0
CLEO_2021,CLEO,2021,232.0897674560547,274.6428527832031,0.1833475288185882,0.1833475288185882,0.023599496107917752
CLEO_2022,CLEO,2022,274.6428527832031,352.4021301269531,0.2831287126380508,0.2831287126380508,0.036442787066699955
CLEO_2023,CLEO,2023,352.4021301269531,784.8214721679688,1.2270622254333032,1.2270622254333032,0.15794077182211957
CLEO_2024,CLEO,2024,784.8214721679688,466.0,-0.4062343902075784,-0.4062343902075784,-0.0522882799259967
CLPI_2021,CLPI,2021,728.7822265625,709.2926635742188,-0.0267426431078171,-0.0267426431078171,-0.003442167483821464
CLPI_2022,CLPI,2022,709.2926635742188,794.5731201171875,0.1202331011196835,0.1202331011196835,0.015475750451615498
CLPI_2023,CLPI,2023,794.5731201171875,950.2880249023438,0.1959730336236275,0.1959730336236275,0.025224582376747868
CLPI_2024,CLPI,2024,950.2880249023438,1500.0,0.5784688017658092,0.5784688017658092,0.07445735605922184
CMNP_2021,CMNP,2021,2000.0,2190.0,0.095,0.095,0.01222788299737854
CMNP_2023,CMNP,2023,1665.0,1430.0,-0.1411411411411411,-0.1411411411411411,-0.018166919578845937
CMNP_2024,CMNP,2024,1430.0,1765.0,0.2342657342657342,0.2342657342657342,0.030153410409435474
CMNT_2024,CMNT,2024,880.0,855.0,-0.0284090909090909,-0.0284090909090909,-0.0036566635757710932
CMPP_2021,CMPP,2021,184.0,192.0,0.0434782608695652,0.0434782608695652,0.005596285124658368
CMPP_2022,CMPP,2022,192.0,125.0,-0.3489583333333333,-0.3489583333333333,-0.04491601758905494
CMPP_2023,CMPP,2023,125.0,86.0,-0.312,-0.312,-0.040158942054548466
CMPP_2024,CMPP,2024,86.0,89.0,0.0348837209302325,0.0348837209302325,0.004490042716295662
CMRY_2024,CMRY,2024,5017.3798828125,5528.49462890625,0.1018688554647059,0.1018688554647059,0.013112004691571465
CNKO_2021,CNKO,2021,50.0,50.0,0.0,0.0,0.0
CNKO_2022,CNKO,2022,50.0,50.0,0.0,0.0,0.0
CNKO_2023,CNKO,2023,50.0,22.0,-0.56,-0.56,-0.07208015240559981
CNKO_2024,CNKO,2024,22.0,64.0,1.9090909090909092,1.9090909090909092,0.24572779229181754
CNTX_2021,CNTX,2021,316.0,220.0,-0.3037974683544304,-0.3037974683544304,-0.03910315682039773
CNTX_2022,CNTX,2022,220.0,122.0,-0.4454545454545454,-0.4454545454545454,-0.057336484868090745
CNTX_2023,CNTX,2023,122.0,142.0,0.1639344262295081,0.1639344262295081,0.021100747191334826
CNTX_2024,CNTX,2024,142.0,142.0,0.0,0.0,0.0
COCO_2021,COCO,2021,288.0,268.0,-0.0694444444444444,-0.0694444444444444,-0.008938510962996003
COCO_2022,COCO,2022,268.0,175.0,-0.3470149253731343,-0.3470149253731343,-0.04466587269270243
COCO_2023,COCO,2023,175.0,82.0,-0.5314285714285715,-0.5314285714285715,-0.06840259360939574
COCO_2024,COCO,2024,82.0,336.0,3.097560975609756,3.097560975609756,0.3987011914421244
CPIN_2021,CPIN,2021,5317.63818359375,5152.5732421875,-0.0310410253024579,-0.0310410253024579,-0.003995431847548653
CPIN_2022,CPIN,2022,5152.5732421875,4669.06201171875,-0.0938387884542671,-0.0938387884542671,-0.012078418166679308
CPIN_2023,CPIN,2023,4669.06201171875,4448.49755859375,-0.0472395638720178,-0.0472395638720178,-0.006080419577623409
CPIN_2024,CPIN,2024,4448.49755859375,4310.04931640625,-0.0311224723322689,-0.0311224723322689,-0.004005915265980368
CPRI_2021,CPRI,2021,50.0,50.0,0.0,0.0,0.0
CPRO_2021,CPRO,2021,95.0,53.0,-0.4421052631578947,-0.4421052631578947,-0.05690538347810511
CPRO_2022,CPRO,2022,53.0,51.0,-0.0377358490566037,-0.0377358490566037,-0.004857153127061972
CPRO_2023,CPRO,2023,51.0,50.0,-0.0196078431372549,-0.0196078431372549,-0.002523814860140049
CPRO_2024,CPRO,2024,50.0,63.0,0.26,0.26,0.03346578504545705
CSAP_2021,CSAP,2021,454.28668212890625,767.1058349609375,0.6885941524107175,0.6885941524107175,0.08863209187744525
CSAP_2022,CSAP,2022,767.1058349609375,580.605712890625,-0.2431217617837693,-0.2431217617837693,-0.03129331007587861
CSAP_2023,CSAP,2023,580.605712890625,473.05328369140625,-0.185241768744841,-0.185241768744841,-0.02384331236251967
CSAP_2024,CSAP,2024,473.05328369140625,316.0,-0.3319991407011543,-0.3319991407011543,-0.04273312260762032
CSIS_2021,CSIS,2021,151.0,72.0,-0.5231788079470199,-0.5231788079470199,-0.06734072895035934
CSIS_2022,CSIS,2022,72.0,51.0,-0.2916666666666667,-0.2916666666666667,-0.037541746044583234
CSIS_2023,CSIS,2023,51.0,74.0,0.4509803921568627,0.4509803921568627,0.05804774178322113
CSIS_2024,CSIS,2024,74.0,338.0,3.5675675675675675,3.5675675675675675,0.4591978821206165
CSMI_2022,CSMI,2022,3150.0,2880.0,-0.0857142857142857,-0.0857142857142857,-0.011032676388612214
CSMI_2023,CSMI,2023,2880.0,3020.0,0.0486111111111111,0.0486111111111111,0.006256957674097204
CSMI_2024,CSMI,2024,3020.0,210.0,-0.9304635761589404,-0.86,-0.11069451976574256
CSRA_2022,CSRA,2022,543.16259765625,449.7767333984375,-0.1719298505839192,-0.1719298505839192,-0.022129874702073036
CSRA_2023,CSRA,2023,449.7767333984375,714.0802612304688,0.587632725763732,0.587632725763732,0.07563688648494257
CSRA_2024,CSRA,2024,714.0802612304688,935.0,0.3093766215983242,0.3093766215983242,0.039821275063458554
CTBN_2021,CTBN,2021,2257.47900390625,1500.282958984375,-0.3354166499939329,-0.3354166499939329,-0.04317300580524716
CTBN_2022,CTBN,2022,1500.282958984375,1349.7843017578125,-0.100313515077478,-0.100313515077478,-0.012911809741296515
CTBN_2023,CTBN,2023,1349.7843017578125,2633.7255859375,0.9512196004262472,0.9512196004262472,0.12243581030342437
CTBN_2024,CTBN,2024,2633.7255859375,5900.0,1.2401726404232951,1.2401726404232951,0.15962827309101116
CTRA_2021,CTRA,2021,900.2244262695312,885.7889404296875,-0.0160354300756572,-0.0160354300756572,-0.002063993292397696
CTRA_2022,CTRA,2022,885.7889404296875,1118.27490234375,0.2624620282584312,0.2624620282584312,0.033782683924197435
CTRA_2023,CTRA,2023,1118.27490234375,954.5729370117188,-0.1463879453870729,-0.1463879453870729,-0.01884225966757649
CTRA_2024,CTRA,2024,954.5729370117188,830.0,-0.1305012243503289,-0.1305012243503289,-0.01679740739337336
CTTH_2021,CTTH,2021,50.0,50.0,0.0,0.0,0.0
CTTH_2022,CTTH,2022,50.0,12.0,-0.76,-0.76,-0.09782306397902832
CTTH_2023,CTTH,2023,12.0,26.0,1.1666666666666667,1.1666666666666667,0.15016698417833294
CTTH_2024,CTTH,2024,26.0,134.0,4.153846153846154,4.153846153846154,0.5346604711404381
DADA_2022,DADA,2022,49.90277862548828,8.982500076293945,-0.8200000015288517,-0.8200000015288517,-0.10554593764784233
DADA_2023,DADA,2023,8.982500076293945,7.984444618225098,-0.1111110993144162,-0.1111110993144162,-0.014301616022387244
DADA_2024,DADA,2024,7.984444618225098,50.0,5.2621763179208765,5.2621763179208765,0.6773186981801336
DART_2021,DART,2021,312.0,172.0,-0.4487179487179487,-0.4487179487179487,-0.057756532376281894
DART_2022,DART,2022,172.0,128.0,-0.2558139534883721,-0.2558139534883721,-0.032926979919501574
DART_2023,DART,2023,128.0,168.0,0.3125,0.3125,0.04022329933348204
DART_2024,DART,2024,168.0,190.0,0.1309523809523809,0.1309523809523809,0.016855477815935323
DAYA_2021,DAYA,2021,304.0,212.0,-0.3026315789473684,-0.3026315789473684,-0.03895308988084576
DAYA_2022,DAYA,2022,212.0,288.0,0.3584905660377358,0.3584905660377358,0.046142954707088825
DAYA_2023,DAYA,2023,288.0,750.0,1.6041666666666667,1.6041666666666667,0.20647960324520778
DAYA_2024,DAYA,2024,750.0,1300.0,0.7333333333333333,0.7333333333333333,0.09439067576923783
DCII_2023,DCII,2023,43000.0,42100.0,-0.0209302325581395,-0.0209302325581395,-0.002694025629777397
DCII_2024,DCII,2024,42100.0,200000.0,3.750593824228028,3.750593824228028,0.48275602582474586
DEAL_2021,DEAL,2021,50.0,50.0,0.0,0.0,0.0
DEAL_2022,DEAL,2022,50.0,9.0,-0.82,-0.82,-0.10554593745105685
DEPO_2024,DEPO,2024,243.04000854492188,260.0,0.0697827141984458,0.0697827141984458,0.008982051204822119
DEWA_2021,DEWA,2021,50.0,53.0,0.06,0.06,0.007722873472028551
DEWA_2022,DEWA,2022,53.0,60.0,0.1320754716981132,0.1320754716981132,0.017000035944716937
DEWA_2023,DEWA,2023,60.0,111.0,0.85,0.85,0.10940737418707114
DEWA_2024,DEWA,2024,111.0,670.0,5.036036036036036,5.036036036036036,0.6482111517813753
DFAM_2021,DFAM,2021,384.0,92.0,-0.7604166666666666,-0.7604166666666666,-0.09787669504480628
DFAM_2022,DFAM,2022,92.0,53.0,-0.4239130434782608,-0.4239130434782608,-0.0545637799654191
DFAM_2023,DFAM,2023,53.0,50.0,-0.0566037735849056,-0.0566037735849056,-0.007285729690592965
DFAM_2024,DFAM,2024,50.0,98.0,0.96,0.96,0.12356597555245681
DGIK_2022,DGIK,2022,132.0,96.0,-0.2727272727272727,-0.2727272727272727,-0.0351039703274025
DGIK_2023,DGIK,2023,96.0,80.0,-0.1666666666666666,-0.1666666666666666,-0.02145242631119041
DGIK_2024,DGIK,2024,80.0,182.0,1.275,1.275,0.1641110612806067
DGNS_2023,DGNS,2023,246.0,195.0,-0.2073170731707317,-0.2073170731707317,-0.026684725411480766
DGNS_2024,DGNS,2024,195.0,184.0,-0.0564102564102564,-0.0564102564102564,-0.007260821213018294
DIGI_2021,DIGI,2021,103.0,50.0,-0.5145631067961165,-0.5145631067961165,-0.06623176278600537
DIGI_2022,DIGI,2022,50.0,10.0,-0.8,-0.8,-0.10297164629371401
DIGI_2023,DIGI,2023,10.0,15.0,0.5,0.5,0.06435727893357125
DIGI_2024,DIGI,2024,15.0,33.0,1.2,1.2,0.154457469440571
DILD_2021,DILD,2021,156.0,171.0,0.0961538461538461,0.0961538461538461,0.012376399794917543
DILD_2022,DILD,2022,171.0,198.0,0.1578947368421052,0.1578947368421052,0.02032335124218039
DILD_2023,DILD,2023,198.0,162.0,-0.1818181818181818,-0.1818181818181818,-0.023402646884935
DILD_2024,DILD,2024,162.0,137.0,-0.1543209876543209,-0.1543209876543209,-0.019863357695546674
DIVA_2021,DIVA,2021,2150.0,945.0,-0.5604651162790698,-0.5604651162790698,-0.07214001964181709
DIVA_2022,DIVA,2022,945.0,238.0,-0.7481481481481481,-0.7481481481481481,-0.09629755810801033
DIVA_2023,DIVA,2023,238.0,133.0,-0.4411764705882353,-0.4411764705882353,-0.056785834353151106
DIVA_2024,DIVA,2024,133.0,167.0,0.2556390977443609,0.2556390977443609,0.03290447343972064
DKFT_2021,DKFT,2021,115.39180755615234,97.42095184326172,-0.1557377087116482,-0.1557377087116482,-0.020045710320061624
DKFT_2022,DKFT,2022,97.42095184326172,105.9334716796875,0.0873787380985701,0.0873787380985701,0.01124691564134629
DKFT_2023,DKFT,2023,105.9334716796875,198.6252593994141,0.875,0.875,0.1126252381337497
DKFT_2024,DKFT,2024,198.6252593994141,725.0,2.650089632064887,2.650089632064887,0.3411051152995303
DLTA_2021,DLTA,2021,2701.494140625,2981.516357421875,0.1036545712189073,0.1036545712189073,0.013341852305349889
DLTA_2022,DLTA,2022,2981.516357421875,2989.680419921875,0.0027382249571353,0.0027382249571353,0.0003524494146984454
DLTA_2023,DLTA,2023,2989.680419921875,1987.092529296875,-0.3353495189466435,-0.3353495189466435,-0.04316436506217615
DLTA_2024,DLTA,2024,1987.092529296875,2020.0,0.0165606131661967,0.0165606131661967,0.0021315920016957875
DMAS_2021,DMAS,2021,126.22566986083984,116.36203002929688,-0.0781428994785082,-0.0781428994785082,-0.010058128756832744
DMAS_2022,DMAS,2022,116.36203002929688,136.1420440673828,0.1699868422122392,0.1699868422122392,0.021879781238580087
DMAS_2023,DMAS,2023,136.1420440673828,124.44886016845705,-0.0858895867109083,-0.0858895867109083,-0.01105524017888616
DMAS_2024,DMAS,2024,124.44886016845705,129.0,0.03657036171631,0.03657036171631,0.004707137939356317
DMMX_2022,DMMX,2022,990.0,314.0,-0.6828282828282828,-0.6828282828282828,-0.08788994052342256
DMMX_2023,DMMX,2023,314.0,246.0,-0.2165605095541401,-0.2165605095541401,-0.027874490238744238
DMMX_2024,DMMX,2024,246.0,380.0,0.5447154471544715,0.5447154471544715,0.07011280794389063
DMND_2022,DMND,2022,805.7235717773438,805.7235717773438,0.0,0.0,0.0
DMND_2023,DMND,2023,805.7235717773438,790.894287109375,-0.0184049284238474,-0.0184049284238474,-0.002368982224651922
DMND_2024,DMND,2024,790.894287109375,725.0,-0.0833161753515894,-0.0833161753515894,-0.010724004673561147
DOID_2021,DOID,2021,248.5946044921875,286.26043701171875,0.1515150845549222,0.1515150845549222,0.019502197118689526
DOID_2022,DOID,2022,286.26043701171875,345.4293212890625,0.2066959894808011,0.2066959894808011,0.026604782898932852
DOID_2023,DOID,2023,345.4293212890625,555.0,0.6066962640254976,0.6066962640254976,0.07809064138368908
DOID_2024,DOID,2024,555.0,316.0,-0.4306306306306306,-0.4306306306306306,-0.05542843122567038
DPNS_2021,DPNS,2021,349.42840576171875,368.4289245605469,0.0543759994480383,0.0543759994480383,0.006998982727538235
DPNS_2022,DPNS,2022,368.4289245605469,401.5408935546875,0.089873424117381,0.089873424117381,0.011568018049274879
DPNS_2023,DPNS,2023,401.5408935546875,315.6614074707031,-0.213874819383217,-0.213874819383217,-0.02752880281582574
DPNS_2024,DPNS,2024,315.6614074707031,310.0,-0.0179350637636264,-0.0179350637636264,-0.002308503802654181
DPUM_2021,DPUM,2021,50.0,50.0,0.0,0.0,0.0
DPUM_2022,DPUM,2022,50.0,37.0,-0.26,-0.26,-0.03346578504545705
DPUM_2023,DPUM,2023,37.0,64.0,0.7297297297297297,0.7297297297297297,0.09392683952467157
DPUM_2024,DPUM,2024,64.0,276.0,3.3125,3.3125,0.4263669729349096
DRMA_2024,DRMA,2024,823.1641235351562,984.6666870117188,0.1961972817558842,0.1961972817558842,0.02525344637594382
DSFI_2021,DSFI,2021,95.0,91.0,-0.0421052631578947,-0.0421052631578947,-0.005419560331248101
DSFI_2022,DSFI,2022,91.0,68.0,-0.2527472527472527,-0.2527472527472527,-0.03253225088949755
DSFI_2023,DSFI,2023,68.0,57.0,-0.1617647058823529,-0.1617647058823529,-0.0208214725961554
DSFI_2024,DSFI,2024,57.0,99.0,0.7368421052631579,0.7368421052631579,0.09484230579684184
DSNG_2021,DSNG,2021,411.6364135742187,510.851318359375,0.2410255786743405,0.2410255786743405,0.03102350079373991
DSNG_2022,DSNG,2022,510.851318359375,499.53961181640625,-0.0221428547533103,-0.0221428547533103,-0.0028501077594886904
DSNG_2023,DSNG,2023,499.53961181640625,884.3236694335938,0.770277368431406,0.770277368431406,0.09914591091271446
DSNG_2024,DSNG,2024,884.3236694335938,1477.8712158203125,0.671188125911957,0.671188125911957,0.08639168287243353
DSSA_2021,DSSA,2021,196.0,159.1999969482422,-0.1877551176110092,-0.1877551176110092,-0.024166816950594392
DSSA_2022,DSSA,2022,159.1999969482422,320.0,1.0100502897876047,1.0100502897876047,0.1300081764735907
DSSA_2023,DSSA,2023,320.0,1480.0,3.625,3.625,0.4665902722683916
DSSA_2024,DSSA,2024,1480.0,4040.0,1.7297297297297298,1.7297297297297298,0.2226413973918141
DUTI_2021,DUTI,2021,2889.953369140625,3820.243896484375,0.3219050304678055,0.3219050304678055,0.04143386367187263
DUTI_2022,DUTI,2022,3820.243896484375,4263.1708984375,0.1159420743687945,0.1159420743687945,0.01492343284057874
DUTI_2023,DUTI,2023,4263.1708984375,3620.0,-0.1508667876001005,-0.1508667876001005,-0.019418751862783034
DUTI_2024,DUTI,2024,3620.0,4180.0,0.154696132596685,0.154696132596685,0.019911644310939162
DVLA_2021,DVLA,2021,2164.156005859375,1951.2010498046875,-0.0984009264942636,-0.0984009264942636,-0.01266563174742633
DVLA_2022,DVLA,2022,1951.2010498046875,1462.2589111328125,-0.25058521710042,-0.25058521710042,-0.03225396542712248
DVLA_2023,DVLA,2023,1462.2589111328125,1499.4345703125,0.0254234451208695,0.0254234451208695,0.0032723674981922795
DVLA_2024,DVLA,2024,1499.4345703125,1650.0,0.1004148047994654,0.1004148047994654,0.012924847203078611
DWGL_2021,DWGL,2021,189.0,172.0,-0.0899470899470899,-0.0899470899470899,-0.011577499913975775
DWGL_2022,DWGL,2022,172.0,116.0,-0.3255813953488372,-0.3255813953488372,-0.04190706535209291
DWGL_2023,DWGL,2023,116.0,250.0,1.1551724137931034,1.1551724137931034,0.1486875065016991
DWGL_2024,DWGL,2024,250.0,312.0,0.248,0.248,0.031921210351051346
DYAN_2021,DYAN,2021,75.0,98.0,0.3066666666666666,0.3066666666666666,0.03947246441259036
DYAN_2022,DYAN,2022,98.0,85.0,-0.1326530612244898,-0.1326530612244898,-0.017074380125233192
DYAN_2023,DYAN,2023,85.0,90.0,0.0588235294117647,0.0588235294117647,0.007571444580420147
DYAN_2024,DYAN,2024,90.0,95.0,0.0555555555555555,0.0555555555555555,0.007150808770396799
EAST_2022,EAST,2022,73.27134704589844,122.98809051513672,0.6785291314228856,0.6785291314228856,0.08733657715107296
EAST_2023,EAST,2023,122.98809051513672,97.56544494628906,-0.2067081898935472,-0.2067081898935472,-0.026606353269665265
ECII_2021,ECII,2021,958.05419921875,493.8423767089844,-0.4845360762348408,-0.4845360762348408,-0.06236684682324759
ECII_2022,ECII,2022,493.8423767089844,288.0,-0.4168179694920854,-0.4168179694920854,-0.05365054065425387
ECII_2023,ECII,2023,288.0,256.0,-0.1111111111111111,-0.1111111111111111,-0.014301617540793612
ECII_2024,ECII,2024,256.0,177.0,-0.30859375,-0.30859375,-0.03972050809181351
EDGE_2023,EDGE,2023,5050.0,3700.0,-0.2673267326732673,-0.2673267326732673,-0.0344088422021074
EDGE_2024,EDGE,2024,3700.0,4510.0,0.2189189189189189,0.2189189189189189,0.02817805185740147
EKAD_2021,EKAD,2021,235.0153961181641,234.2658843994141,-0.0031892026272744,-0.0031892026272744,-0.0004104968061183537
EKAD_2022,EKAD,2022,234.2658843994141,214.53955078125,-0.0842048925251593,-0.0842048925251593,-0.010838395511626133
EKAD_2023,EKAD,2023,214.53955078125,190.93356323242188,-0.1100309358478026,-0.1100309358478026,-0.014162583259357833
EKAD_2024,EKAD,2024,190.93356323242188,173.77777099609375,-0.089852155618363,-0.089852155618363,-0.01156528048382728
ELSA_2021,ELSA,2021,199.23228454589844,230.8018341064453,0.1584559933772881,0.1584559933772881,0.020395593128956502
ELSA_2022,ELSA,2022,230.8018341064453,310.3924560546875,0.3448439751632786,0.3448439751632786,0.04438643979628928
ELSA_2023,ELSA,2023,310.3924560546875,369.1505737304687,0.1893026603244144,0.1893026603244144,0.02436600822673086
ELSA_2024,ELSA,2024,369.1505737304687,462.1359252929687,0.2518900366937862,0.2518900366937862,0.032421914704178996
ELTY_2021,ELTY,2021,50.0,50.0,0.0,0.0,0.0
ELTY_2022,ELTY,2022,50.0,50.0,0.0,0.0,0.0
ELTY_2023,ELTY,2023,50.0,12.0,-0.76,-0.76,-0.09782306397902832
EMDE_2021,EMDE,2021,166.0,122.0,-0.2650602409638554,-0.2650602409638554,-0.034117111723820905
EMDE_2022,EMDE,2022,122.0,117.0,-0.040983606557377,-0.040983606557377,-0.005275186797833703
EMDE_2023,EMDE,2023,117.0,119.0,0.017094017094017,0.017094017094017,0.0022002488524297745
EMDE_2024,EMDE,2024,119.0,98.0,-0.1764705882352941,-0.1764705882352941,-0.02271433374126044
EMTK_2021,EMTK,2021,2083.090087890625,943.7261352539062,-0.5469585589504962,-0.5469585589504962,-0.07040152908696252
EMTK_2022,EMTK,2022,943.7261352539062,544.3350830078125,-0.4232065186354503,-0.4232065186354503,-0.054472839932654595
EMTK_2023,EMTK,2023,544.3350830078125,458.6484069824219,-0.1574153103487559,-0.1574153103487559,-0.02026164207305914
EMTK_2024,EMTK,2024,458.6484069824219,1075.398193359375,1.344711497930899,1.344711497930899,0.1730839459150386
ENAK_2024,ENAK,2024,840.0,600.0,-0.2857142857142857,-0.2857142857142857,-0.036775587962040716
ENRG_2021,ENRG,2021,102.0,294.0,1.8823529411764703,1.8823529411764703,0.2422862265734447
ENRG_2022,ENRG,2022,294.0,220.0,-0.2517006802721088,-0.2517006802721088,-0.032397541776083484
ENRG_2023,ENRG,2023,220.0,230.0,0.0454545454545454,0.0454545454545454,0.005850661721233744
ENRG_2024,ENRG,2024,230.0,1600.0,5.956521739130435,5.956521739130435,0.7666910620781967
ENVY_2022,ENVY,2022,50.0,50.0,0.0,0.0,0.0
ENVY_2023,ENVY,2023,50.0,50.0,0.0,0.0,0.0
ENVY_2024,ENVY,2024,50.0,50.0,0.0,0.0,0.0
ENZO_2023,ENZO,2023,50.0,35.0,-0.3,-0.3,-0.03861436736014275
ENZO_2024,ENZO,2024,35.0,44.0,0.2571428571428571,0.2571428571428571,0.033098029165836644
EPAC_2023,EPAC,2023,10.0,10.0,0.0,0.0,0.0
EPAC_2024,EPAC,2024,10.0,39.0,2.9,2.9,0.37327221781471326
EPMT_2022,EPMT,2022,2222.9453125,2245.0,0.009921381050619,0.009921381050619,0.0012770261753618705
EPMT_2023,EPMT,2023,2245.0,2260.7509765625,0.0070160251948775,0.0070160251948775,0.0009030645809433898
EPMT_2024,EPMT,2024,2260.7509765625,2300.0,0.0173610556157665,0.0173610556157665,0.0022346205976902568
ERAA_2021,ERAA,2021,507.3111877441406,346.9542541503906,-0.3160918534180347,-0.3160918534180347,-0.040685623158107954
ERAA_2022,ERAA,2022,346.9542541503906,392.19287109375,0.1303878433603245,0.1303878433603245,0.016782813609374402
ERAA_2023,ERAA,2023,392.19287109375,388.7999877929687,-0.0086510580656888,-0.0086510580656888,-0.001113517114008111
ERAA_2024,ERAA,2024,388.7999877929687,408.0,0.0493827489965226,0.0493827489965226,0.006356278703351482
ERTX_2021,ERTX,2021,198.576904296875,442.5989990234375,1.2288543604333078,1.2288543604333078,0.15817144568628339
ERTX_2022,ERTX,2022,442.5989990234375,236.0,-0.4667859608342611,-0.4667859608342611,-0.06008214856737122
ERTX_2023,ERTX,2023,236.0,101.0,-0.5720338983050848,-0.5720338983050848,-0.07362909030535696
ERTX_2024,ERTX,2024,101.0,230.0,1.2772277227722773,1.2772277227722773,0.16439780163229095
ESIP_2022,ESIP,2022,57.73636245727539,49.772727966308594,-0.1379310048647392,-0.1379310048647392,-0.017753728307335587
ESIP_2023,ESIP,2023,49.772727966308594,21.899999618530273,-0.5600000137956174,-0.5600000137956174,-0.0720801541812966
ESIP_2024,ESIP,2024,21.899999618530273,83.0,2.7899544039156563,2.7899544039156563,0.3591077475694908
ESSA_2021,ESSA,2021,490.8548278808594,852.234130859375,0.736224403738023,0.736224403738023,0.09476279861814026
ESSA_2022,ESSA,2022,852.234130859375,517.7894287109375,-0.3924328890831801,-0.3924328890831801,-0.050511825810866905
ESSA_2023,ESSA,2023,517.7894287109375,797.2440795898438,0.5397071384300419,0.5397071384300419,0.06946816570076353
ESSA_2024,ESSA,2024,797.2440795898438,605.0,-0.2411357882880072,-0.2411357882880072,-0.03103768637543573
ESTA_2024,ESTA,2024,77.0,404.0,4.246753246753247,4.246753246753247,0.5466189665266962
ESTI_2022,ESTI,2022,53.0,50.0,-0.0566037735849056,-0.0566037735849056,-0.007285729690592965
ESTI_2023,ESTI,2023,50.0,41.0,-0.18,-0.18,-0.023168620416085653
ESTI_2024,ESTI,2024,41.0,105.0,1.5609756097560976,1.5609756097560976,0.2009202854511493
ETWA_2021,ETWA,2021,62.0,179.0,1.8870967741935485,1.8870967741935485,0.24289682694283346
ETWA_2022,ETWA,2022,179.0,97.0,-0.4581005586592179,-0.4581005586592179,-0.05896421086651222
EXCL_2021,EXCL,2021,2714.723876953125,1864.45458984375,-0.3132065453609507,-0.3132065453609507,-0.04031424200722989
EXCL_2022,EXCL,2022,1864.45458984375,1781.0394287109375,-0.0447397118638341,-0.0447397118638341,-0.0057586522316567575
EXCL_2023,EXCL,2023,1781.0394287109375,2042.1376953125,0.146598813250607,0.146598813250607,0.018869401431399674
FAPA_2023,FAPA,2023,5300.0,5400.0,0.0188679245283018,0.0188679245283018,0.0024285765635309797
FAPA_2024,FAPA,2024,5400.0,6375.0,0.1805555555555555,0.1805555555555555,0.023240128503789613
FAST_2021,FAST,2021,975.0,820.0,-0.1589743589743589,-0.1589743589743589,-0.020462314327597007
FAST_2022,FAST,2022,820.0,740.0,-0.0975609756097561,-0.0975609756097561,-0.01255751784069683
FAST_2023,FAST,2023,740.0,292.0,-0.6054054054054054,-0.6054054054054054,-0.07792448908713494
FAST_2024,FAST,2024,292.0,585.0,1.0034246575342465,1.0034246575342465,0.12915536114750942
FASW_2021,FASW,2021,7454.10498046875,5828.140625,-0.2181300585018728,-0.2181300585018728,-0.02807651403760249
FASW_2022,FASW,2022,5828.140625,5800.0,-0.0048284052857767,-0.0048284052857767,-0.0006214860515621218
FASW_2023,FASW,2023,5800.0,4830.0,-0.1672413793103448,-0.1672413793103448,-0.021526400195022107
FASW_2024,FASW,2024,4830.0,5312.4970703125,0.0998958737707039,0.0998958737707039,0.012858053225148032
FILM_2021,FILM,2021,939.5592041015624,1899.0032958984375,1.021164060347136,1.021164060347136,0.13143868053739763
FILM_2022,FILM,2022,1899.0032958984375,3937.200439453125,1.0732983707594863,1.0732983707594863,0.13814912525183168
FILM_2023,FILM,2023,3937.200439453125,3860.0,-0.0196079525643474,-0.0196079525643474,-0.002523828944999879
FILM_2024,FILM,2024,3860.0,14500.0,2.756476683937824,2.756476683937824,0.35479867764414413
FIMP_2023,FIMP,2023,76.0,48.0,-0.3684210526315789,-0.3684210526315789,-0.04742115289842092
FIMP_2024,FIMP,2024,48.0,69.0,0.4375,0.4375,0.05631261906687485
FIRE_2021,FIRE,2021,458.0,163.0,-0.6441048034934498,-0.6441048034934498,-0.08290566500176211
FIRE_2022,FIRE,2022,163.0,113.0,-0.3067484662576687,-0.3067484662576687,-0.039482993210779915
FIRE_2023,FIRE,2023,113.0,88.0,-0.2212389380530973,-0.2212389380530973,-0.02847667209450055
FIRE_2024,FIRE,2024,88.0,167.0,0.8977272727272727,0.8977272727272727,0.11555056899436657
FISH_2021,FISH,2021,7345.4287109375,6504.46044921875,-0.1144886561170392,-0.1144886561170392,-0.014736356752908023
FISH_2022,FISH,2022,6504.46044921875,5361.35205078125,-0.1757422321746607,-0.1757422321746607,-0.02262058371294616
FISH_2023,FISH,2023,5361.35205078125,10392.4775390625,0.9384061036521786,0.9384061036521786,0.12078652673141808
FISH_2024,FISH,2024,10392.4775390625,982.1219482421876,-0.9054968418694525,-0.86,-0.11069451976574256
FITT_2021,FITT,2021,510.0,438.0,-0.1411764705882353,-0.1411764705882353,-0.018171466993008353
FITT_2022,FITT,2022,438.0,520.0,0.1872146118721461,0.1872146118721461,0.024097245993391976
FITT_2023,FITT,2023,520.0,97.0,-0.8134615384615385,-0.8134615384615385,-0.10470434226500247
FITT_2024,FITT,2024,97.0,555.0,4.721649484536083,4.721649484536083,0.6077450258056832
FLMC_2024,FLMC,2024,83.0,139.0,0.6746987951807228,0.6746987951807228,0.08684355711518049
FMII_2021,FMII,2021,161.5589599609375,108.8397216796875,-0.326315781520237,-0.326315781520237,-0.04200159154344838
FMII_2022,FMII,2022,108.8397216796875,320.0,1.940103071392922,1.940103071392922,0.2497195090510252
FMII_2023,FMII,2023,320.0,545.0,0.703125,0.703125,0.09050242350033458
FMII_2024,FMII,2024,545.0,296.0,-0.4568807339449541,-0.4568807339449541,-0.05880720166774034
FOOD_2021,FOOD,2021,133.0,111.0,-0.1654135338345864,-0.1654135338345864,-0.021291129872760408
FOOD_2022,FOOD,2022,111.0,103.0,-0.072072072072072,-0.072072072072072,-0.009276724891325578
FOOD_2023,FOOD,2023,103.0,116.0,0.1262135922330097,0.1262135922330097,0.01624552672109566
FOOD_2024,FOOD,2024,116.0,350.0,2.0172413793103448,2.0172413793103448,0.2596483322492358
FORU_2021,FORU,2021,222.0,218.0,-0.018018018018018,-0.018018018018018,-0.0023191812228313944
FORU_2022,FORU,2022,218.0,135.0,-0.3807339449541284,-0.3807339449541284,-0.04900600138978361
FORU_2024,FORU,2024,3740.0,1680.0,-0.5508021390374331,-0.5508021390374331,-0.07089625379847957
FPNI_2021,FPNI,2021,464.0,218.0,-0.5301724137931034,-0.5301724137931034,-0.06824090783473503
FPNI_2022,FPNI,2022,218.0,197.0,-0.0963302752293578,-0.0963302752293578,-0.01239910878536694
FPNI_2023,FPNI,2023,197.0,188.0,-0.0456852791878172,-0.0456852791878172,-0.005880360511696859
FPNI_2024,FPNI,2024,188.0,905.0,3.8138297872340425,3.8138297872340425,0.490895414844368
GAMA_2021,GAMA,2021,50.0,50.0,0.0,0.0,0.0
GDST_2021,GDST,2021,87.52598571777344,132.1642303466797,0.5099999076027749,0.5099999076027749,0.0656444126193747
GDST_2022,GDST,2022,132.1642303466797,115.53429412841795,-0.1258278141872409,-0.1258278141872409,-0.016195871470499675
GDST_2023,GDST,2023,115.53429412841795,94.19548797607422,-0.184696728476355,-0.184696728476355,-0.023773157745341705
GDST_2024,GDST,2024,94.19548797607422,120.68797302246094,0.2812500430287685,0.2812500430287685,0.036200974938562745
GDYR_2021,GDYR,2021,1340.0,1395.0,0.0410447761194029,0.0410447761194029,0.005283060210964794
GDYR_2022,GDYR,2022,1395.0,1460.0,0.046594982078853,0.046594982078853,0.005997452517106993
GDYR_2023,GDYR,2023,1460.0,1010.0,-0.3082191780821918,-0.3082191780821918,-0.03967229523302338
GDYR_2024,GDYR,2024,1010.0,885.0,-0.1237623762376237,-0.1237623762376237,-0.01593001953801268
GEMA_2021,GEMA,2021,328.7942199707031,278.6391906738281,-0.1525423083816498,-0.1525423083816498,-0.019634415779377364
GEMA_2022,GEMA,2022,278.6391906738281,260.063232421875,-0.0666667104761222,-0.0666667104761222,-0.008580976163390867
GEMA_2023,GEMA,2023,260.063232421875,153.2008819580078,-0.4109091064842065,-0.4109091064842065,-0.05288998396469722
GEMA_2024,GEMA,2024,153.2008819580078,94.6904754638672,-0.3819195147334612,-0.3819195147334612,-0.04915860147975108
GEMS_2021,GEMS,2021,4554.77197265625,4838.51171875,0.0622950496308333,0.0622950496308333,0.008018279770544407
GEMS_2022,GEMS,2022,4838.51171875,4686.83544921875,-0.0313477115170519,-0.0313477115170519,-0.0040349068280640665
GEMS_2023,GEMS,2023,4686.83544921875,9980.7392578125,1.1295262797152803,1.1295262797152803,0.14538647569287064
GEMS_2024,GEMS,2024,9980.7392578125,8125.0,-0.1859320446989842,-0.1859320446989842,-0.02393216092676353
GGRM_2021,GGRM,2021,25739.869140625,16298.873046875,-0.3667849297201501,-0.3667849297201501,-0.04721056006126006
GGRM_2022,GGRM,2022,16298.873046875,19235.1875,0.1801544465485595,0.1801544465485595,0.023188499935297594
GGRM_2023,GGRM,2023,19235.1875,12563.203125,-0.3468634956118832,-0.3468634956118832,-0.04464638147793507
GGRM_2024,GGRM,2024,12563.203125,14000.0,0.1143654894937472,0.1143654894937472,0.014720503415447003
GGRP_2022,GGRP,2022,205.99371337890625,188.22171020507812,-0.0862744929557057,-0.0862744929557057,-0.01110478321600556
GGRP_2023,GGRP,2023,188.22171020507812,243.1533660888672,0.2918454827763382,0.2918454827763382,0.03756476228107913
GGRP_2024,GGRP,2024,243.1533660888672,266.9202575683594,0.0977444477194936,0.0977444477194936,0.012581133372182645
GHON_2021,GHON,2021,1790.4637451171875,1502.0086669921875,-0.1611063496324078,-0.1611063496324078,-0.02073673256252465
GHON_2022,GHON,2022,1502.0086669921875,1600.6163330078125,0.0656505306411377,0.0656505306411377,0.00845017902521733
GHON_2023,GHON,2023,1600.6163330078125,1440.5882568359375,-0.0999790348703719,-0.0999790348703719,-0.012868757269323542
GHON_2024,GHON,2024,1440.5882568359375,1675.0,0.1627194599509765,0.1627194599509765,0.020944363343970145
GIAA_2021,GIAA,2021,203.55413818359375,203.5541229248047,-7.496182194408388e-08,-7.496182194408388e-08,-9.648677768448219e-09
GIAA_2022,GIAA,2022,203.5541229248047,69.0,-0.6610238151477313,-0.6610238151477313,-0.08508338810639199
GIAA_2023,GIAA,2023,69.0,55.0,-0.2028985507246377,-0.2028985507246377,-0.02611599724840573
GIAA_2024,GIAA,2024,55.0,98.0,0.7818181818181819,0.7818181818181819,0.10063138160522052
GJTL_2021,GJTL,2021,565.803955078125,476.4664306640625,-0.1578948390378907,-0.1578948390378907,-0.020323364396265736
GJTL_2022,GJTL,2022,476.4664306640625,880.6121215820312,0.8482144069514013,0.8482144069514013,0.1091775423672901
GJTL_2023,GJTL,2023,880.6121215820312,994.9122924804688,0.1297962724986067,0.1297962724986067,0.01670666982746131
GJTL_2024,GJTL,2024,994.9122924804688,971.6666870117188,-0.0233644770945538,-0.0233644770945538,-0.003007348339022471
GLOB_2021,GLOB,2021,214.0,112.0,-0.4766355140186916,-0.4766355140186916,-0.0613499294506941
GLOB_2022,GLOB,2022,112.0,109.0,-0.0267857142857142,-0.0267857142857142,-0.0034477113714413065
GLOB_2023,GLOB,2023,109.0,65.0,-0.4036697247706422,-0.4036697247706422,-0.05195817014820432
GLOB_2024,GLOB,2024,65.0,155.0,1.3846153846153846,1.3846153846153846,0.1782201570468127
GLVA_2022,GLVA,2022,578.5978393554688,599.1959228515625,0.0356000007173187,0.0356000007173187,0.004582238352399633
GLVA_2023,GLVA,2023,599.1959228515625,317.8522644042969,-0.4695353351343852,-0.4695353351343852,-0.06043603306482298
GLVA_2024,GLVA,2024,317.8522644042969,428.0,0.3465375205117277,0.3465375205117277,0.04460442373704286
GMFI_2021,GMFI,2021,74.0,66.0,-0.1081081081081081,-0.1081081081081081,-0.01391508733698838
GMFI_2022,GMFI,2022,66.0,80.0,0.2121212121212121,0.2121212121212121,0.027303088032424167
GMFI_2023,GMFI,2023,80.0,49.0,-0.3875,-0.3875,-0.04987689117351773
GMFI_2024,GMFI,2024,49.0,82.0,0.673469387755102,0.673469387755102,0.08668531448195312
GMTD_2021,GMTD,2021,1664.5966796875,1443.1480712890625,-0.1330343927154839,-0.1330343927154839,-0.017123463039497314
GMTD_2022,GMTD,2022,1443.1480712890625,2376.697998046875,0.6468843671210662,0.6468843671210662,0.08326343530515434
GMTD_2023,GMTD,2023,2376.697998046875,4661.67724609375,0.9614091693284664,0.9614091693284664,0.12374735615953031
GMTD_2024,GMTD,2024,4661.67724609375,3331.968017578125,-0.2852426623121226,-0.2852426623121226,-0.036714883164351494
GOLD_2021,GOLD,2021,400.0,320.0,-0.2,-0.2,-0.025742911573428503
GOLD_2022,GOLD,2022,320.0,286.0,-0.10625,-0.10625,-0.013675921773383892
GOLD_2023,GOLD,2023,286.0,284.0,-0.0069930069930069,-0.0069930069930069,-0.0009001018032667189
GOLD_2024,GOLD,2024,284.0,330.0,0.1619718309859155,0.1619718309859155,0.02084813261228365
GOOD_2021,GOOD,2021,475.87933349609375,481.17669677734375,0.01113173636336,0.01113173636336,0.0014328165243034754
GOOD_2022,GOOD,2022,481.17669677734375,399.2471618652344,-0.1702691245457817,-0.1702691245457817,-0.021916115084335712
GOOD_2023,GOOD,2023,399.2471618652344,390.9111633300781,-0.0208792931581817,-0.0208792931581817,-0.002687468987433811
GOOD_2024,GOOD,2024,390.9111633300781,360.01422119140625,-0.0790382701672376,-0.0790382701672376,-0.010173375999159748
GOTO_2024,GOTO,2024,70.0,64.0,-0.0857142857142857,-0.0857142857142857,-0.011032676388612214
GPRA_2021,GPRA,2021,77.0923080444336,88.85041809082031,0.152519886155305,0.152519886155305,0.019631529712426994
GPRA_2022,GPRA,2022,88.85041809082031,85.10960388183594,-0.0421023816135634,-0.0421023816135634,-0.005419189434543524
GPRA_2023,GPRA,2023,85.10960388183594,81.6535415649414,-0.0406071954193658,-0.0406071954193658,-0.005226737204628323
GPRA_2024,GPRA,2024,81.6535415649414,145.0,0.7757956020153435,0.7757956020153435,0.09985618790867859
GPSO_2024,GPSO,2024,1225.0,680.0,-0.4448979591836735,-0.4448979591836735,-0.05726484411232055
GTBO_2021,GTBO,2021,72.51348114013672,180.80027770996097,1.4933333066792558,1.4933333066792558,0.19221373631749836
GTBO_2022,GTBO,2022,180.80027770996097,418.0,1.311943351495034,1.311943351495034,0.16886620843442046
GTBO_2023,GTBO,2023,418.0,218.0,-0.4784688995215311,-0.4784688995215311,-0.061585912855092115
GTBO_2024,GTBO,2024,218.0,238.0,0.091743119266055,0.091743119266055,0.011808675033682794
GTSI_2024,GTSI,2024,42.5,292.0,5.870588235294117,5.870588235294117,0.7556301691259307
GWSA_2021,GWSA,2021,183.0,151.0,-0.174863387978142,-0.174863387978142,-0.02250746367075715
GWSA_2022,GWSA,2022,151.0,154.0,0.0198675496688741,0.0198675496688741,0.0025572428715326233
GWSA_2023,GWSA,2023,154.0,133.0,-0.1363636363636363,-0.1363636363636363,-0.017551985163701243
GWSA_2024,GWSA,2024,133.0,158.0,0.18796992481203,0.18796992481203,0.024194465764500465
GZCO_2021,GZCO,2021,69.0,81.0,0.1739130434782608,0.1739130434782608,0.022385140498633473
GZCO_2022,GZCO,2022,81.0,120.0,0.4814814814814814,0.4814814814814814,0.061973676010105644
GZCO_2023,GZCO,2023,120.0,113.0,-0.0583333333333333,-0.0583333333333333,-0.007508349208916643
GZCO_2024,GZCO,2024,113.0,260.0,1.3008849557522124,1.3008849557522124,0.16744283191566328
HADE_2021,HADE,2021,50.0,50.0,0.0,0.0,0.0
HADE_2022,HADE,2022,50.0,4.0,-0.92,-0.86,-0.11069451976574256
HADE_2023,HADE,2023,4.0,7.0,0.75,0.75,0.09653591840035688
HADE_2024,HADE,2024,7.0,26.0,2.7142857142857144,2.7142857142857144,0.3493680856393868
HAIS_2024,HAIS,2024,189.56410217285156,230.95458984375,0.2183456002295047,0.2183456002295047,0.028104257395776547
HDIT_2022,HDIT,2022,54.0,50.0,-0.074074074074074,-0.074074074074074,-0.0095344116938624
HDIT_2023,HDIT,2023,50.0,19.0,-0.62,-0.62,-0.07980302587762836
HDIT_2024,HDIT,2024,19.0,75.0,2.9473684210526314,2.9473684210526314,0.3793692231873674
HDTX_2022,HDTX,2022,120.0,120.0,0.0,0.0,0.0
HDTX_2023,HDTX,2023,120.0,120.0,0.0,0.0,0.0
HDTX_2024,HDTX,2024,120.0,120.0,0.0,0.0,0.0
HEAL_2021,HEAL,2021,1031.66162109375,1501.0128173828125,0.4549468417672302,0.4549468417672302,0.058558281591121884
HEAL_2022,HEAL,2022,1501.0128173828125,1450.486328125,-0.0336615974711736,-0.0336615974711736,-0.004332737635603832
HEAL_2023,HEAL,2023,1450.486328125,1597.0185546875,0.1010228250492493,0.1010228250492493,0.013003108260703812
HEAL_2024,HEAL,2024,1597.0185546875,1358.277099609375,-0.1494919732631667,-0.1494919732631667,-0.019241793243255194
HELI_2021,HELI,2021,326.0,280.0,-0.1411042944785276,-0.1411042944785276,-0.018162176876958758
HELI_2022,HELI,2022,280.0,404.0,0.4428571428571428,0.4428571428571428,0.05700216134116311
HELI_2023,HELI,2023,404.0,270.0,-0.3316831683168317,-0.3316831683168317,-0.042692452361874
HELI_2024,HELI,2024,270.0,220.0,-0.1851851851851851,-0.1851851851851851,-0.023836029234656008
HERO_2021,HERO,2021,1840.0,1500.0,-0.1847826086956521,-0.1847826086956521,-0.023784211779798066
HERO_2022,HERO,2022,1500.0,885.0,-0.41,-0.41,-0.052772968725528425
HERO_2023,HERO,2023,885.0,565.0,-0.3615819209039548,-0.3615819209039548,-0.04654085708190464
HERO_2024,HERO,2024,565.0,430.0,-0.2389380530973451,-0.2389380530973451,-0.030754805862060596
HEXA_2021,HEXA,2021,3203.216552734375,4148.515625,0.2951093242380648,0.2951093242380648,0.037984866191773714
HEXA_2022,HEXA,2022,4148.515625,4781.69287109375,0.152627422270767,0.152627422270767,0.019645371175983434
HEXA_2023,HEXA,2023,4781.69287109375,4809.9765625,0.0059149954145382,0.0059149954145382,0.0007613460195684598
HEXA_2024,HEXA,2024,4809.9765625,4300.0,-0.1060247499906607,-0.1060247499906607,-0.013646928818022213
HITS_2021,HITS,2021,384.0,366.0,-0.046875,-0.046875,-0.006033494900022305
HITS_2022,HITS,2022,366.0,376.0,0.0273224043715847,0.0273224043715847,0.0035167911985558064
HITS_2023,HITS,2023,376.0,396.0,0.0531914893617021,0.0531914893617021,0.0068465190354863
HITS_2024,HITS,2024,396.0,116.0,-0.7070707070707071,-0.7070707070707071,-0.0910102934414139
HKMU_2021,HKMU,2021,53.0,50.0,-0.0566037735849056,-0.0566037735849056,-0.007285729690592965
HKMU_2022,HKMU,2022,50.0,50.0,0.0,0.0,0.0
HMSP_2021,HMSP,2021,664.9044799804688,616.6756591796875,-0.0725349614161088,-0.0725349614161088,-0.009336305488584684
HMSP_2022,HMSP,2022,616.6756591796875,695.27587890625,0.127457957123065,0.127457957123065,0.016405694597744522
HMSP_2023,HMSP,2023,695.27587890625,536.8058471679688,-0.227923960180487,-0.227923960180487,-0.02933713176195958
HMSP_2024,HMSP,2024,536.8058471679688,669.4660034179688,0.2471287467338076,0.2471287467338076,0.03180906737210309
HOKI_2021,HOKI,2021,174.24456787109375,99.9365005493164,-0.426458444183755,-0.426458444183755,-0.054891410091821496
HOKI_2022,HOKI,2022,99.9365005493164,170.00650024414062,0.7011452203116344,0.7011452203116344,0.09024759703307225
HOKI_2023,HOKI,2023,170.00650024414062,111.81053161621094,-0.342316138173284,-0.342316138173284,-0.044061070375761915
HOKI_2024,HOKI,2024,111.81053161621094,73.0,-0.3471098031214795,-0.3471098031214795,-0.044678084840132117
HOMI_2023,HOMI,2023,220.0,370.0,0.6818181818181818,0.6818181818181818,0.08775992581850625
HOMI_2024,HOMI,2024,370.0,655.0,0.7702702702702703,0.7702702702702703,0.09914499727604222
HOPE_2023,HOPE,2023,61.0,27.0,-0.5573770491803278,-0.5573770491803278,-0.07174254045053845
HOPE_2024,HOPE,2024,27.0,140.0,4.185185185185185,4.185185185185185,0.5386942607032261
HOTL_2021,HOTL,2021,50.0,50.0,0.0,0.0,0.0
HOTL_2022,HOTL,2022,50.0,50.0,0.0,0.0,0.0
HOTL_2023,HOTL,2023,50.0,50.0,0.0,0.0,0.0
HRME_2021,HRME,2021,53.0,52.0,-0.0188679245283018,-0.0188679245283018,-0.0024285765635309797
HRME_2022,HRME,2022,52.0,50.0,-0.0384615384615384,-0.0384615384615384,-0.004950559917967012
HRME_2023,HRME,2023,50.0,45.0,-0.1,-0.1,-0.012871455786714251
HRME_2024,HRME,2024,45.0,55.0,0.2222222222222222,0.2222222222222222,0.028603235081587224
HRTA_2021,HRTA,2021,177.6385040283203,177.6385040283203,0.0,0.0,0.0
HRTA_2022,HRTA,2022,177.6385040283203,316.6445007324219,0.7825217706288514,0.7825217706288514,0.10072194372790612
HRTA_2023,HRTA,2023,316.6445007324219,334.4607849121094,0.056265888523177,0.056265888523177,0.0072422389642626565
HRTA_2024,HRTA,2024,334.4607849121094,2101.955322265625,5.284609189140016,5.284609189140016,0.6802061352807957
HRUM_2021,HRUM,2021,1962.68017578125,1620.0,-0.1745980725794233,-0.1745980725794233,-0.02247331371651573
HRUM_2022,HRUM,2022,1620.0,1335.0,-0.1759259259259259,-0.1759259259259259,-0.022644227772923218
HRUM_2023,HRUM,2023,1335.0,1035.0,-0.2247191011235955,-0.2247191011235955,-0.028924619745425283
HRUM_2024,HRUM,2024,1035.0,1075.0,0.038647342995169,0.038647342995169,0.004974475666362985
IATA_2021,IATA,2021,65.0,120.0,0.8461538461538461,0.8461538461538461,0.10891231819527443
IATA_2022,IATA,2022,120.0,50.0,-0.5833333333333334,-0.5833333333333334,-0.07508349208916647
IATA_2023,IATA,2023,50.0,50.0,0.0,0.0,0.0
IATA_2024,IATA,2024,50.0,144.0,1.88,1.88,0.24198336879022792
IBFN_2021,IBFN,2021,54.0,97.0,0.7962962962962963,0.7962962962962963,0.10249492570902088
IBFN_2022,IBFN,2022,97.0,18.0,-0.8144329896907216,-0.8144329896907216,-0.10482938218045627
IBFN_2023,IBFN,2023,18.0,14.0,-0.2222222222222222,-0.2222222222222222,-0.028603235081587224
IBFN_2024,IBFN,2024,14.0,242.0,16.285714285714285,7.769128966998332,1.0
IBOS_2024,IBOS,2024,33.0,71.0,1.1515151515151516,1.1515151515151516,0.14821676360458835
IBST_2021,IBST,2021,5465.01513671875,5775.0,0.0567216843002868,0.0567216843002868,0.007300906516191054
IBST_2022,IBST,2022,5775.0,5600.0,-0.0303030303030303,-0.0303030303030303,-0.003900441147489167
IBST_2023,IBST,2023,5600.0,5025.0,-0.1026785714285714,-0.1026785714285714,-0.01321622692385838
IBST_2024,IBST,2024,5025.0,5200.0,0.0348258706467661,0.0348258706467661,0.004482596542636795
ICBP_2021,ICBP,2021,7996.5615234375,9418.9873046875,0.1778796770438075,0.1778796770438075,0.022895703984243784
ICBP_2022,ICBP,2022,9418.9873046875,10127.5966796875,0.0752320129625134,0.0752320129625134,0.009683455285925048
ICBP_2023,ICBP,2023,10127.5966796875,11107.3525390625,0.0967412003422347,0.0967412003422347,0.012452000829587395
ICBP_2024,ICBP,2024,11107.3525390625,8200.0,-0.2617502711683886,-0.2617502711683886,-0.0336910704250438
ICON_2021,ICON,2021,102.0,60.0,-0.4117647058823529,-0.4117647058823529,-0.053000112062941036
ICON_2022,ICON,2022,60.0,50.0,-0.1666666666666666,-0.1666666666666666,-0.02145242631119041
ICON_2023,ICON,2023,50.0,40.0,-0.2,-0.2,-0.025742911573428503
ICON_2024,ICON,2024,40.0,77.0,0.925,0.925,0.11906096602710683
IDEA_2024,IDEA,2024,34.28754425048828,95.0,1.7706854508440664,1.7706854508440664,0.22791299492717593
IDPR_2021,IDPR,2021,176.2237548828125,166.1453857421875,-0.0571907524460992,-0.0571907524460992,-0.0073612824151888575
IDPR_2022,IDPR,2022,166.1453857421875,130.6313934326172,-0.2137525044762806,-0.2137525044762806,-0.027513059106658858
IDPR_2023,IDPR,2023,130.6313934326172,163.64767456054688,0.2527438486290072,0.2527438486290072,0.03253181272992265
IDPR_2024,IDPR,2024,163.64767456054688,268.0,0.6376645786118063,0.6376645786118063,0.08207671430355638
IFII_2022,IFII,2022,142.0328826904297,139.0250701904297,-0.0211768742774568,-0.0211768742774568,-0.002725772009630915
IFII_2023,IFII,2023,139.0250701904297,195.1599884033203,0.403775507079405,0.403775507079405,0.05197178587130689
IFII_2024,IFII,2024,195.1599884033203,220.0,0.127280247349395,0.127280247349395,0.016382820762797914
IFSH_2022,IFSH,2022,871.96826171875,810.3876342773438,-0.0706225560549918,-0.0706225560549918,-0.009090151078065758
IFSH_2023,IFSH,2023,810.3876342773438,801.4200439453125,-0.0110658035151634,-0.0110658035151634,-0.0014243300068989286
IFSH_2024,IFSH,2024,801.4200439453125,776.3973388671875,-0.0312229588805149,-0.0312229588805149,-0.004018849347609446
IGAR_2021,IGAR,2021,426.4778442382813,456.5355529785156,0.0704789454981407,0.0704789454981407,0.009071666308735614
IGAR_2022,IGAR,2022,456.5355529785156,429.1042175292969,-0.0600858690418567,-0.0600858690418567,-0.007733926067785611
IGAR_2023,IGAR,2023,429.1042175292969,529.0326538085938,0.2328768448249388,0.2328768448249388,0.029974640119137155
IGAR_2024,IGAR,2024,529.0326538085938,491.9855041503906,-0.0700280963594488,-0.0700280963594488,-0.009013635461184106
IIKP_2021,IIKP,2021,50.0,50.0,0.0,0.0,0.0
IIKP_2024,IIKP,2024,50.0,50.0,0.0,0.0,0.0
IKAI_2021,IKAI,2021,50.0,50.0,0.0,0.0,0.0
IKAI_2022,IKAI,2022,50.0,50.0,0.0,0.0,0.0
IKAI_2023,IKAI,2023,50.0,11.0,-0.78,-0.78,-0.10039735513637117
IKAI_2024,IKAI,2024,11.0,20.0,0.8181818181818182,0.8181818181818182,0.10531191098220752
IKAN_2022,IKAN,2022,59.0,50.0,-0.1525423728813559,-0.1525423728813559,-0.019634424081428514
IKAN_2023,IKAN,2023,50.0,24.0,-0.52,-0.52,-0.0669315700909141
IKAN_2024,IKAN,2024,24.0,111.0,3.625,3.625,0.4665902722683916
IKBI_2022,IKBI,2022,182.9825134277344,401.2825622558594,1.1930104398436885,1.1930104398436885,0.15355781129536558
IKBI_2023,IKBI,2023,401.2825622558594,356.5948486328125,-0.1113622116341895,-0.1113622116341895,-0.014333937833601856
IKBI_2024,IKBI,2024,356.5948486328125,520.0,0.4582375544506157,0.4582375544506157,0.058981844219231645
IMAS_2021,IMAS,2021,855.8419189453125,854.793212890625,-0.0012253501861416,-0.0012253501861416,-0.00015772040744163683
IMAS_2022,IMAS,2022,854.793212890625,1377.4697265625,0.6114654466012401,0.6114654466012401,0.07870450461031346
IMAS_2023,IMAS,2023,1377.4697265625,900.4749755859375,-0.346283291587766,-0.346283291587766,-0.04457170077349809
IMAS_2024,IMAS,2024,900.4749755859375,1140.0,0.2659985351155416,0.2659985351155416,0.034237883840704524
IMJS_2021,IMJS,2021,416.6205139160156,313.6632080078125,-0.2471249073658378,-0.2471249073658378,-0.03180857318955237
IMJS_2022,IMJS,2022,313.6632080078125,278.2763366699219,-0.1128180495335915,-0.1128180495335915,-0.014521325365149614
IMJS_2023,IMJS,2023,278.2763366699219,148.72935485839844,-0.4655335892436513,-0.4655335892436513,-0.05992095011180051
IMJS_2024,IMJS,2024,148.72935485839844,282.0,0.8960614753455044,0.8960614753455044,0.11533615662087603
IMPC_2021,IMPC,2021,206.16786193847656,286.4189758300781,0.389251327229409,0.389251327229409,0.050102312483531794
IMPC_2022,IMPC,2022,286.4189758300781,382.9244384765625,0.3369380899669773,0.3369380899669773,0.043368837278698974
IMPC_2023,IMPC,2023,382.9244384765625,370.0,-0.0337519290437075,-0.0337519290437075,-0.004344364624023977
IMPC_2024,IMPC,2024,370.0,3930.0,9.62162162162162,7.769128966998332,1.0
INAF_2021,INAF,2021,2230.0,1150.0,-0.484304932735426,-0.484304932735426,-0.06233709528991656
INAF_2022,INAF,2022,1150.0,580.0,-0.4956521739130435,-0.4956521739130435,-0.06379765042110543
INAF_2023,INAF,2023,580.0,126.0,-0.7827586206896552,-0.7827586206896552,-0.10075242977876328
INAF_2024,INAF,2024,126.0,126.0,0.0,0.0,0.0
INAI_2021,INAI,2021,292.0,264.0,-0.0958904109589041,-0.0958904109589041,-0.012342491850273939
INAI_2022,INAI,2022,264.0,204.0,-0.2272727272727272,-0.2272727272727272,-0.029253308606168746
INAI_2023,INAI,2023,204.0,96.0,-0.5294117647058824,-0.5294117647058824,-0.06814300122378134
INAI_2024,INAI,2024,96.0,147.0,0.53125,0.53125,0.06837960886691946
INCF_2021,INCF,2021,276.0,57.0,-0.7934782608695652,-0.7934782608695652,-0.10213220352501526
INCF_2022,INCF,2022,57.0,50.0,-0.1228070175438596,-0.1228070175438596,-0.015807050966140303
INCF_2023,INCF,2023,50.0,19.0,-0.62,-0.62,-0.07980302587762836
INCF_2024,INCF,2024,19.0,65.0,2.4210526315789473,2.4210526315789473,0.3116247190467661
INCI_2021,INCI,2021,455.4230346679687,553.013671875,0.2142856855674434,0.2142856855674434,0.027581687275070998
INCI_2022,INCI,2022,553.013671875,464.99072265625,-0.1591695715592474,-0.1591695715592474,-0.02048744102915103
INCI_2023,INCI,2023,464.99072265625,520.1890258789062,0.118708396819913,0.118708396819913,0.015279498811792408
INCI_2024,INCI,2024,520.1890258789062,706.0655517578125,0.3573249657945996,0.3573249657945996,0.04599292498714371
INCO_2021,INCO,2021,4471.89697265625,6784.2880859375,0.5170940044953046,0.5170940044953046,0.06655752616436333
INCO_2022,INCO,2022,6784.2880859375,4173.3720703125,-0.3848474567341733,-0.3848474567341733,-0.049535470239833373
INCO_2023,INCO,2023,4173.3720703125,3505.244873046875,-0.160092890355591,-0.160092890355591,-0.020606285599792818
INCO_2024,INCO,2024,3505.244873046875,5086.3994140625,0.4510824773395169,0.4510824773395169,0.05806088163237125
INDF_2021,INDF,2021,5416.869140625,6001.22705078125,0.1078774278990292,0.1078774278990292,0.013885395435868088
INDF_2022,INDF,2022,6001.22705078125,5961.47412109375,-0.0066241335898672,-0.0066241335898672,-0.0008526224262726442
INDF_2023,INDF,2023,5961.47412109375,7437.07275390625,0.2475224420737353,0.2475224420737353,0.031859741693716234
INDF_2024,INDF,2024,7437.07275390625,6775.0,-0.0890232993294979,-0.0890232993294979,-0.011458594613070607
INDO_2022,INDO,2022,91.0,89.0,-0.0219780219780219,-0.0219780219780219,-0.0028288913816954296
INDO_2023,INDO,2023,89.0,116.0,0.3033707865168539,0.3033707865168539,0.03904823665632413
INDO_2024,INDO,2024,116.0,350.0,2.0172413793103448,2.0172413793103448,0.2596483322492358
INDR_2021,INDR,2021,3591.882080078125,5353.2822265625,0.4903836226288541,0.4903836226288541,0.06311951117196062
INDR_2022,INDR,2022,5353.2822265625,3050.0,-0.43025608011732,-0.43025608011732,-0.055380221121950686
INDR_2023,INDR,2023,3050.0,2770.0,-0.0918032786885245,-0.0918032786885245,-0.011816418427147498
INDR_2024,INDR,2024,2770.0,2800.0,0.0108303249097472,0.0108303249097472,0.001394020482315611
INDS_2021,INDS,2021,206.35704040527344,173.86204528808594,-0.1574697672217491,-0.1574697672217491,-0.020268651465389285
INDS_2022,INDS,2022,173.86204528808594,232.29879760742188,0.3361098865626906,0.3361098865626906,0.04326223544369214
INDS_2023,INDS,2023,232.29879760742188,236.06504821777344,0.0162129578333694,0.0162129578333694,0.0020868436992407674
INDS_2024,INDS,2024,236.06504821777344,226.0,-0.04263675751138,-0.04263675751138,-0.005487971391965844
INDX_2021,INDX,2021,125.0,266.0,1.128,1.128,0.14519002127413674
INDX_2022,INDX,2022,266.0,115.0,-0.5676691729323309,-0.5676691729323309,-0.07306728660879143
INDX_2023,INDX,2023,115.0,83.0,-0.2782608695652174,-0.2782608695652174,-0.03581622479781357
INDX_2024,INDX,2024,83.0,165.0,0.9879518072289156,0.9879518072289156,0.1271637800615143
INDY_2021,INDY,2021,1255.2620849609375,2311.1865234375,0.8411983848850353,0.8411983848850353,0.1082744781890317
INDY_2022,INDY,2022,2311.1865234375,1335.0682373046875,-0.4223450925462308,-0.4223450925462308,-0.05436196185444549
INDY_2023,INDY,2023,1335.0682373046875,1488.128173828125,0.1146457778311344,0.1146457778311344,0.014756580604869113
INDY_2024,INDY,2024,1488.128173828125,2229.705322265625,0.498328814331789,0.498328814331789,0.06414217300917358
INKP_2021,INKP,2021,7612.05908203125,8542.3251953125,0.1222095235016242,0.1222095235016242,0.015730144784665723
INKP_2022,INKP,2022,8542.3251953125,8207.302734375,-0.0392191181297265,-0.0392191181297265,-0.005048071450006979
INKP_2023,INKP,2023,8207.302734375,6741.630859375,-0.1785814319802367,-0.1785814319802367,-0.022986030060617352
INKP_2024,INKP,2024,6741.630859375,8500.0,0.2608225186610134,0.2608225186610134,0.03357165517124687
INOV_2022,INOV,2022,126.0,154.0,0.2222222222222222,0.2222222222222222,0.028603235081587224
INOV_2023,INOV,2023,154.0,92.0,-0.4025974025974026,-0.4025974025974026,-0.05182014667378465
INOV_2024,INOV,2024,92.0,125.0,0.358695652173913,0.358695652173913,0.04616935227843155
INPP_2021,INPP,2021,641.022705078125,439.8401794433594,-0.3138461774302462,-0.3138461774302462,-0.040396571966226896
INPP_2022,INPP,2022,439.8401794433594,710.055908203125,0.614349805653812,0.614349805653812,0.07907576361049534
INPP_2023,INPP,2023,710.055908203125,902.3627319335938,0.2708333548228933,0.2708333548228933,0.034860195521703635
INPP_2024,INPP,2024,902.3627319335938,760.0,-0.1577666351850958,-0.1577666351850958,-0.020306862694036375
INPS_2021,INPS,2021,1790.0,1180.0,-0.3407821229050279,-0.3407821229050279,-0.043863620278746886
INPS_2022,INPS,2022,1180.0,168.0,-0.8576271186440678,-0.8576271186440678,-0.11038909539114257
INPS_2023,INPS,2023,168.0,130.0,-0.2261904761904762,-0.2261904761904762,-0.02911400713661557
INPS_2024,INPS,2024,130.0,370.0,1.8461538461538465,1.8461538461538465,0.237626876062417
INRU_2021,INRU,2021,695.0,660.0,-0.0503597122302158,-0.0503597122302158,-0.006482028094028756
INRU_2022,INRU,2022,660.0,1000.0,0.5151515151515151,0.5151515151515151,0.06630749950731583
INRU_2023,INRU,2023,1000.0,460.0,-0.54,-0.54,-0.06950586124825696
INRU_2024,INRU,2024,460.0,590.0,0.2826086956521739,0.2826086956521739,0.036375853310279406
INTA_2021,INTA,2021,68.0,74.0,0.088235294117647,0.088235294117647,0.011357166870630214
INTA_2022,INTA,2022,74.0,50.0,-0.3243243243243243,-0.3243243243243243,-0.04174526201096514
INTA_2023,INTA,2023,50.0,12.0,-0.76,-0.76,-0.09782306397902832
INTA_2024,INTA,2024,12.0,115.0,8.583333333333334,7.769128966998332,1.0
INTD_2021,INTD,2021,258.0,163.0,-0.3682170542635659,-0.3682170542635659,-0.0473948953386765
INTD_2022,INTD,2022,163.0,136.0,-0.1656441717791411,-0.1656441717791411,-0.02132081633382115
INTD_2023,INTD,2023,136.0,204.0,0.5,0.5,0.06435727893357125
INTD_2024,INTD,2024,204.0,220.0,0.0784313725490196,0.0784313725490196,0.010095259440560196
INTP_2021,INTP,2021,9638.056640625,8305.1337890625,-0.1382978852753519,-0.1382978852753519,-0.017800951157177718
INTP_2022,INTP,2022,8305.1337890625,8013.2568359375,-0.0351441602914801,-0.0351441602914801,-0.0045235650535298474
INTP_2023,INTP,2023,8013.2568359375,6390.4716796875,-0.202512560058253,-0.202512560058253,-0.02606631463044118
INTP_2024,INTP,2024,6390.4716796875,6768.2724609375,0.0591193890195715,0.0591193890195715,0.007609526019029746
IPAC_2024,IPAC,2024,97.0,160.0,0.6494845360824743,0.6494845360824743,0.08359811490340184
IPCC_2021,IPCC,2021,355.986328125,419.8597717285156,0.1794266761309083,0.1794266761309083,0.023094825287760835
IPCC_2022,IPCC,2022,419.8597717285156,578.5833740234375,0.3780395574490849,0.3780395574490849,0.048659194493349184
IPCC_2023,IPCC,2023,578.5833740234375,645.7849731445312,0.1161485140054707,0.1161485140054707,0.014950004627139772
IPCC_2024,IPCC,2024,645.7849731445312,1385.0,1.1446767230522523,1.1446767230522523,0.1473365583084802
IPCM_2021,IPCM,2021,214.97007751464844,215.2628173828125,0.0013617703056562,0.0013617703056562,0.0001752796628091413
IPCM_2022,IPCM,2022,215.2628173828125,233.9007568359375,0.0865822517782076,0.0865822517782076,0.011144396256773605
IPCM_2023,IPCM,2023,233.9007568359375,244.7007751464844,0.0461735073312405,0.0461735073312405,0.005943202581315885
IPCM_2024,IPCM,2024,244.7007751464844,353.62445068359375,0.4451300796734492,0.4451300796734492,0.057294721398533935
IPOL_2021,IPOL,2021,164.1925506591797,172.0,0.0475505698003712,0.0475505698003712,0.006120450568185478
IPOL_2022,IPOL,2022,172.0,157.0,-0.0872093023255814,-0.0872093023255814,-0.011225106790739172
IPOL_2023,IPOL,2023,157.0,130.0,-0.1719745222929936,-0.1719745222929936,-0.022135624601355715
IPOL_2024,IPOL,2024,130.0,121.0,-0.0692307692307692,-0.0692307692307692,-0.008911007852340632
IPTV_2022,IPTV,2022,65.0,50.0,-0.2307692307692307,-0.2307692307692307,-0.02970335950780211
IPTV_2023,IPTV,2023,50.0,22.0,-0.56,-0.56,-0.07208015240559981
IPTV_2024,IPTV,2024,22.0,54.0,1.4545454545454546,1.4545454545454546,0.18722117507948002
IRRA_2022,IRRA,2022,1080.0,800.0,-0.2592592592592592,-0.2592592592592592,-0.03337044092851842
IRRA_2023,IRRA,2023,800.0,400.0,-0.5,-0.5,-0.06435727893357125
IRRA_2024,IRRA,2024,400.0,424.0,0.06,0.06,0.007722873472028551
ISAT_2021,ISAT,2021,1290.5152587890625,1331.173583984375,0.0315054974502693,0.0315054974502693,0.004055216174695799
ISAT_2022,ISAT,2022,1331.173583984375,2088.39453125,0.5688371196483366,0.5688371196483366,0.07321761835395449
ISAT_2023,ISAT,2023,2088.39453125,2269.519287109375,0.0867291850984514,0.0867291850984514,0.011163308714124737
ISAT_2024,ISAT,2024,2269.519287109375,2211.341796875,-0.0256342788381737,-0.0256342788381737,-0.0032995048668985755
ISSP_2021,ISSP,2021,323.38177490234375,206.61668395996097,-0.3610750512382587,-0.3610750512382587,-0.0464756155769883
ISSP_2022,ISSP,2022,206.61668395996097,250.6228179931641,0.2129844172783782,0.2129844172783782,0.02741419510257744
ISSP_2023,ISSP,2023,250.6228179931641,242.2157440185547,-0.0335447268605793,-0.0335447268605793,-0.004317694686633524
ISSP_2024,ISSP,2024,242.2157440185547,400.4693908691406,0.6533582178640835,0.6533582178640835,0.08409671414123969
ITIC_2022,ITIC,2022,252.51712036132812,294.36090087890625,0.1657067071638692,0.1657067071638692,0.02132886554821748
ITIC_2023,ITIC,2023,294.36090087890625,248.0,-0.1574968032115723,-0.1574968032115723,-0.02027213139086588
ITIC_2024,ITIC,2024,248.0,360.0,0.4516129032258064,0.4516129032258064,0.05812915516580629
ITMA_2021,ITMA,2021,750.0,815.0,0.0866666666666666,0.0866666666666666,0.011155261681819009
ITMA_2022,ITMA,2022,815.0,690.0,-0.1533742331288343,-0.1533742331288343,-0.01974149660538995
ITMA_2023,ITMA,2023,690.0,720.0,0.0434782608695652,0.0434782608695652,0.005596285124658368
ITMA_2024,ITMA,2024,720.0,1760.0,1.4444444444444444,1.4444444444444444,0.18592102803031696
ITMG_2021,ITMG,2021,9532.283203125,22706.611328125,1.3820747709930623,1.3820747709930623,0.17789314308770426
ITMG_2022,ITMG,2022,22706.611328125,19402.30078125,-0.1455219583021705,-0.1455219583021705,-0.018730794522824622
ITMG_2023,ITMG,2023,19402.30078125,22590.9375,0.1643432268523244,0.1643432268523244,0.021153365782756436
ITMG_2024,ITMG,2024,22590.9375,21022.34765625,-0.0694344731709341,-0.0694344731709341,-0.008937227514934752
JAST_2021,JAST,2021,220.0,84.0,-0.6181818181818182,-0.6181818181818182,-0.07956899940877901
JAST_2022,JAST,2022,84.0,50.0,-0.4047619047619047,-0.4047619047619047,-0.05209874961289101
JAST_2023,JAST,2023,50.0,69.0,0.38,0.38,0.04891153198951416
JAST_2024,JAST,2024,69.0,102.0,0.4782608695652174,0.4782608695652174,0.06155913637124207
JAWA_2022,JAWA,2022,105.0,180.0,0.7142857142857143,0.7142857142857143,0.0919389699051018
JAWA_2023,JAWA,2023,180.0,110.0,-0.3888888888888889,-0.3888888888888889,-0.050055661392777645
JAWA_2024,JAWA,2024,110.0,193.0,0.7545454545454545,0.7545454545454545,0.09712098457248027
JAYA_2021,JAYA,2021,162.44406127929688,92.71686553955078,-0.429238195540194,-0.429238195540194,-0.05524920455864613
JAYA_2022,JAYA,2022,92.71686553955078,103.58069610595705,0.1171721078272647,0.1171721078272647,0.015081756053347524
JAYA_2023,JAYA,2023,103.58069610595705,89.1546401977539,-0.1392735948930687,-0.1392735948930687,-0.017926539189228857
JAYA_2024,JAYA,2024,89.1546401977539,123.0,0.3796253310783791,0.3796253310783791,0.04886330664492116
JECC_2021,JECC,2021,1087.2725830078125,887.7894897460938,-0.1834710967417867,-0.1834710967417867,-0.023615401098518805
JECC_2022,JECC,2022,887.7894897460938,447.10394287109375,-0.4963851813576159,-0.4963851813576159,-0.06389199915024689
JECC_2023,JECC,2023,447.10394287109375,603.184326171875,0.3490919411233673,0.3490919411233673,0.04493321485667676
JECC_2024,JECC,2024,603.184326171875,1140.0,0.8899695342467527,0.8899695342467527,0.11455203511579752
JGLE_2021,JGLE,2021,50.0,50.0,0.0,0.0,0.0
JGLE_2022,JGLE,2022,50.0,50.0,0.0,0.0,0.0
JGLE_2023,JGLE,2023,50.0,6.0,-0.88,-0.86,-0.11069451976574256
JGLE_2024,JGLE,2024,6.0,41.0,5.833333333333333,5.833333333333333,0.7508349208916646
JIHD_2021,JIHD,2021,436.0,352.0,-0.1926605504587156,-0.1926605504587156,-0.02479821757073388
JIHD_2022,JIHD,2022,352.0,388.0,0.1022727272727272,0.1022727272727272,0.01316398887277593
JIHD_2023,JIHD,2023,388.0,1220.0,2.1443298969072164,2.1443298969072164,0.27600647460170763
JIHD_2024,JIHD,2024,1220.0,570.0,-0.5327868852459017,-0.5327868852459017,-0.06857742837183824
JKON_2021,JKON,2021,106.4844970703125,102.19076538085938,-0.0403225991349514,-0.0403225991349514,-0.0051901055197092925
JKON_2022,JKON,2022,102.19076538085938,78.612060546875,-0.2307322461683092,-0.2307322461683092,-0.029698599051246607
JKON_2023,JKON,2023,78.612060546875,76.19451904296875,-0.0307528067206012,-0.0307528067206012,-0.003958333920215873
JKON_2024,JKON,2024,76.19451904296875,83.4328384399414,0.0949979012649284,0.0949979012649284,0.012227612859621716
JKSW_2021,JKSW,2021,60.0,60.0,0.0,0.0,0.0
JKSW_2022,JKSW,2022,60.0,60.0,0.0,0.0,0.0
JKSW_2023,JKSW,2023,60.0,60.0,0.0,0.0,0.0
JKSW_2024,JKSW,2024,60.0,60.0,0.0,0.0,0.0
JPFA_2021,JPFA,2021,1375.232666015625,1076.027099609375,-0.2175672333854019,-0.2175672333854019,-0.028004070251579416
JPFA_2022,JPFA,2022,1076.027099609375,1027.3851318359375,-0.0452051512374509,-0.0452051512374509,-0.005818561054845803
JPFA_2023,JPFA,2023,1027.3851318359375,1766.1177978515625,0.7190416165508542,0.7190416165508542,0.09255112376241863
JPFA_2024,JPFA,2024,1766.1177978515625,2476.156982421875,0.4020338764685216,0.4020338764685216,0.051747612657259155
JRPT_2021,JRPT,2021,431.64935302734375,432.5467834472656,0.0020790727789299,0.0020790727789299,0.00026760693351357345
JRPT_2022,JRPT,2022,432.5467834472656,630.7974243164062,0.4583334068262943,0.4583334068262943,0.05899418181538763
JRPT_2023,JRPT,2023,630.7974243164062,691.6173095703125,0.096417459725389,0.096417459725389,0.012410330699226466
JRPT_2024,JRPT,2024,691.6173095703125,1049.0,0.5167347396954567,0.5167347396954567,0.06651128355449369
JSKY_2021,JSKY,2021,105.0,52.0,-0.5047619047619047,-0.5047619047619047,-0.06497020539960527
JSMR_2021,JSMR,2021,3448.708740234375,2641.941162109375,-0.2339332309257788,-0.2339332309257788,-0.030110612389043768
JSMR_2022,JSMR,2022,2641.941162109375,4412.9736328125,0.6703527300695447,0.6703527300695447,0.08628415526593337
JSMR_2023,JSMR,2023,4412.9736328125,3953.58935546875,-0.1040985774145613,-0.1040985774145613,-0.013399002366513766
JSMR_2024,JSMR,2024,3953.58935546875,3234.756103515625,-0.1818178842875546,-0.1818178842875546,-0.02340260858841187
JSPT_2021,JSPT,2021,733.6292724609375,816.2232666015625,0.1125827406853136,0.1125827406853136,0.014491037690781297
JSPT_2022,JSPT,2022,816.2232666015625,1258.34423828125,0.54166671028689,0.54166671028689,0.06972039112592662
JSPT_2023,JSPT,2023,1258.34423828125,9509.5361328125,6.5571817659382345,6.5571817659382345,0.8440047518572287
JSPT_2024,JSPT,2024,9509.5361328125,3092.51806640625,-0.6747982211523897,-0.6747982211523897,-0.0868563546851641
JTPE_2021,JTPE,2021,211.95542907714844,217.24070739746097,0.0249358006224447,0.0249358006224447,0.003209600552181187
JTPE_2022,JTPE,2022,217.24070739746097,272.5232238769531,0.2544758629346017,0.2544758629346017,0.03275474818548682
JTPE_2023,JTPE,2023,272.5232238769531,205.27560424804688,-0.246759225405572,-0.246759225405572,-0.03176150459771676
JTPE_2024,JTPE,2024,205.27560424804688,575.0,1.8011122028177926,1.8011122028177926,0.2318293608548073
KAEF_2021,KAEF,2021,2403.3720703125,1085.0,-0.5485509657857836,-0.5485509657857836,-0.07060649502871115
KAEF_2022,KAEF,2022,1085.0,1445.0,0.3317972350230415,0.3317972350230415,0.042707134407531155
KAEF_2023,KAEF,2023,1445.0,605.0,-0.5813148788927336,-0.5813148788927336,-0.0748236876182697
KAEF_2024,KAEF,2024,605.0,515.0,-0.1487603305785124,-0.1487603305785124,-0.019147620178583184
KARW_2021,KARW,2021,137.0,87.0,-0.364963503649635,-0.364963503649635,-0.04697611600990602
KARW_2022,KARW,2022,87.0,50.0,-0.425287356321839,-0.425287356321839,-0.0547406740354514
KARW_2023,KARW,2023,50.0,2230.0,43.6,7.769128966998332,1.0
KARW_2024,KARW,2024,2230.0,380.0,-0.8295964125560538,-0.8295964125560538,-0.10678113545032002
KBAG_2022,KBAG,2022,50.0,50.0,0.0,0.0,0.0
KBAG_2023,KBAG,2023,50.0,21.0,-0.58,-0.58,-0.07465444356294265
KBAG_2024,KBAG,2024,21.0,49.0,1.3333333333333333,1.3333333333333333,0.17161941048952334
KBLI_2022,KBLI,2022,290.56365966796875,316.78228759765625,0.0902336787733466,0.0902336787733466,0.01161438806803707
KBLI_2023,KBLI,2023,316.78228759765625,373.5074768066406,0.1790667958084537,0.1790667958084537,0.023048503451171005
KBLI_2024,KBLI,2024,373.5074768066406,322.0,-0.1379021304928396,-0.1379021304928396,-0.01775001175532284
KBLM_2021,KBLM,2021,193.0007476806641,208.3724670410156,0.0796459057546521,0.0796459057546521,0.010251587545138146
KBLM_2022,KBLM,2022,208.3724670410156,230.7362060546875,0.1073257869969444,0.1073257869969444,0.01381439122105481
KBLM_2023,KBLM,2023,230.7362060546875,264.767333984375,0.1474893277980902,0.1474893277980902,0.018984023617653233
KBLM_2024,KBLM,2024,264.767333984375,327.7762145996094,0.2379783021834286,0.2379783021834286,0.03063127194751325
KBLV_2022,KBLV,2022,99.0,72.0,-0.2727272727272727,-0.2727272727272727,-0.0351039703274025
KBLV_2023,KBLV,2023,72.0,90.0,0.25,0.25,0.032178639466785626
KBLV_2024,KBLV,2024,90.0,178.0,0.9777777777777776,0.9777777777777776,0.12585423435898377
KDSI_2021,KDSI,2021,205.5989532470703,234.14743041992188,0.1388551678983723,0.1388551678983723,0.01787268154360683
KDSI_2022,KDSI,2022,234.14743041992188,377.6855163574219,0.6130243910004806,0.6130243910004806,0.07890516344940116
KDSI_2023,KDSI,2023,377.6855163574219,424.24371337890625,0.1232723919903354,0.1232723919903354,0.015866951432261103
KDSI_2024,KDSI,2024,424.24371337890625,460.0,0.0842824194996582,0.0842824194996582,0.010848374361871535
KEEN_2022,KEEN,2022,624.6848754882812,751.3721923828125,0.2028019596208518,0.2028019596208518,0.02610356456718803
KEEN_2023,KEEN,2023,751.3721923828125,578.2945556640625,-0.2303487385790418,-0.2303487385790418,-0.029649236041455362
KEEN_2024,KEEN,2024,578.2945556640625,1000.1748657226562,0.7295249556242901,0.7295249556242901,0.09390048211622726
KEJU_2022,KEJU,2022,328.1650085449219,280.7711181640625,-0.1444209137074153,-0.1444209137074153,-0.018589074054618702
KEJU_2023,KEJU,2023,280.7711181640625,770.2863159179688,1.7434670665373375,1.7434670665373375,0.22440959262527735
KEJU_2024,KEJU,2024,770.2863159179688,660.3963623046875,-0.1426611785025971,-0.1426611785025971,-0.01836257051576728
KIAS_2021,KIAS,2021,50.0,50.0,0.0,0.0,0.0
KIAS_2022,KIAS,2022,50.0,15.0,-0.7,-0.7,-0.09010019050699976
KIAS_2023,KIAS,2023,15.0,22.0,0.4666666666666667,0.4666666666666667,0.06006679367133318
KIAS_2024,KIAS,2024,22.0,21.0,-0.0454545454545454,-0.0454545454545454,-0.005850661721233744
KICI_2021,KICI,2021,288.0,206.0,-0.2847222222222222,-0.2847222222222222,-0.03664789494828363
KICI_2022,KICI,2022,206.0,135.0,-0.3446601941747573,-0.3446601941747573,-0.044362784507607375
KICI_2023,KICI,2023,135.0,131.0,-0.0296296296296296,-0.0296296296296296,-0.0038137646775449597
KIJA_2021,KIJA,2021,164.3705596923828,144.56687927246094,-0.1204819187632151,-0.1204819187632151,-0.015507776904592213
KIJA_2022,KIJA,2022,144.56687927246094,132.68467712402344,-0.0821917316624333,-0.0821917316624333,-0.010579272401264921
KIJA_2023,KIJA,2023,132.68467712402344,184.17425537109375,0.3880597169403503,0.3880597169403503,0.04994893489202566
KIJA_2024,KIJA,2024,184.17425537109375,210.0,0.1402245095378277,0.1402245095378277,0.018048935747298402
KINO_2021,KINO,2021,1858.8416748046875,1410.4407958984375,-0.2412259661401041,-0.2412259661401041,-0.03104929357779779
KINO_2022,KINO,2022,1410.4407958984375,1162.350341796875,-0.1758956879459312,-0.1758956879459312,-0.022640335704697402
KINO_2023,KINO,2023,1162.350341796875,1120.3570556640625,-0.0361279079316956,-0.0361279079316956,-0.0046501876960930305
KINO_2024,KINO,2024,1120.3570556640625,1339.199951171875,0.1953331702615993,0.1953331702615993,0.025142222647009025
KIOS_2023,KIOS,2023,51.0,50.0,-0.0196078431372549,-0.0196078431372549,-0.002523814860140049
KIOS_2024,KIOS,2024,50.0,266.0,4.32,4.32,0.5560468899860557
KJEN_2022,KJEN,2022,181.0,89.0,-0.5082872928176796,-0.5082872928176796,-0.06542397416451443
KJEN_2023,KJEN,2023,89.0,206.0,1.3146067415730338,1.3146067415730338,0.16920902551073794
KJEN_2024,KJEN,2024,206.0,212.0,0.029126213592233,0.029126213592233,0.0037489677048682273
KKGI_2021,KKGI,2021,186.4717712402344,294.30517578125,0.5782827278563909,0.5782827278563909,0.07443340563824045
KKGI_2022,KKGI,2022,294.30517578125,296.057373046875,0.0059536746541194,0.0059536746541194,0.0007663246007897913
KKGI_2023,KKGI,2023,296.057373046875,481.4402770996094,0.6261722251496927,0.6261722251496927,0.08059748110882752
KKGI_2024,KKGI,2024,481.4402770996094,334.0,-0.3062483221965747,-0.3062483221965747,-0.03941861738908632
KLBF_2021,KLBF,2021,1445.052001953125,1911.1031494140625,0.3225151391306507,0.3225151391306507,0.04151239353866166
KLBF_2022,KLBF,2022,1911.1031494140625,1498.9310302734375,-0.2156723561818186,-0.2156723561818186,-0.02776017197010766
KLBF_2023,KLBF,2023,1498.9310302734375,1292.01806640625,-0.1380403498815033,-0.1380403498815033,-0.017767802602823356
KLBF_2024,KLBF,2024,1292.01806640625,1171.986328125,-0.0929025231165059,-0.0929025231165059,-0.011957907187683045
KMDS_2023,KMDS,2023,354.6897888183594,524.0828857421875,0.4775809799547859,0.4775809799547859,0.06147162468063692
KMDS_2024,KMDS,2024,524.0828857421875,646.6415405273438,0.2338535718669634,0.2338535718669634,0.03010035910850823
KMTR_2021,KMTR,2021,328.2477722167969,258.0,-0.2140083746566923,-0.2140083746566923,-0.027545993323801938
KMTR_2022,KMTR,2022,258.0,278.0,0.0775193798449612,0.0775193798449612,0.009977872702879259
KMTR_2023,KMTR,2023,278.0,320.0,0.1510791366906475,0.1510791366906475,0.01944608428208628
KMTR_2024,KMTR,2024,320.0,278.0,-0.13125,-0.13125,-0.016893785720062456
KOBX_2021,KOBX,2021,223.6593017578125,337.33331298828125,0.5082462939706378,0.5082462939706378,0.06541869701604439
KOBX_2022,KOBX,2022,337.33331298828125,157.0,-0.534584952167312,-0.534584952167312,-0.0688088657606431
KOBX_2023,KOBX,2023,157.0,170.0,0.0828025477707006,0.0828025477707006,0.010657893326578675
KOBX_2024,KOBX,2024,170.0,204.0,0.2,0.2,0.025742911573428503
KOIN_2021,KOIN,2021,160.0,127.0,-0.20625,-0.20625,-0.026547377560098142
KOIN_2022,KOIN,2022,127.0,81.0,-0.3622047244094488,-0.3622047244094488,-0.0466210209597524
KOIN_2023,KOIN,2023,81.0,70.0,-0.1358024691358024,-0.1358024691358024,-0.017479754772081073
KOIN_2024,KOIN,2024,70.0,85.0,0.2142857142857142,0.2142857142857142,0.027581690971530525
KONI_2021,KONI,2021,990.0,3040.0,2.0707070707070705,2.0707070707070705,0.2665301450784264
KONI_2022,KONI,2022,3040.0,1015.0,-0.6661184210526315,-0.6661184210526315,-0.08573913805294854
KONI_2023,KONI,2023,1015.0,1500.0,0.4778325123152709,0.4778325123152709,0.06150400055720603
KONI_2024,KONI,2024,1500.0,2080.0,0.3866666666666666,0.3866666666666666,0.04976962904196176
KOPI_2021,KOPI,2021,645.0,620.0,-0.0387596899224806,-0.0387596899224806,-0.004988936351439629
KOPI_2022,KOPI,2022,620.0,352.0,-0.432258064516129,-0.432258064516129,-0.05563790565870031
KOPI_2023,KOPI,2023,352.0,585.0,0.6619318181818182,0.6619318181818182,0.0852002613154665
KOPI_2024,KOPI,2024,585.0,296.0,-0.494017094017094,-0.494017094017094,-0.06358719183522082
KOTA_2022,KOTA,2022,50.0,50.0,0.0,0.0,0.0
KOTA_2023,KOTA,2023,50.0,10.0,-0.8,-0.8,-0.10297164629371401
KOTA_2024,KOTA,2024,10.0,58.0,4.8,4.8,0.617829877762284
KPIG_2021,KPIG,2021,94.0,71.0,-0.2446808510638297,-0.2446808510638297,-0.031493987563236986
KPIG_2022,KPIG,2022,71.0,62.0,-0.1267605633802817,-0.1267605633802817,-0.016315929870482852
KPIG_2023,KPIG,2023,62.0,149.0,1.403225806451613,1.403225806451613,0.18061558926518387
KPIG_2024,KPIG,2024,149.0,148.0,-0.0067114093959731,-0.0067114093959731,-0.0008638560930680635
KRAS_2021,KRAS,2021,412.0,326.0,-0.2087378640776699,-0.2087378640776699,-0.02686760188488897
KRAS_2022,KRAS,2022,326.0,142.0,-0.5644171779141104,-0.5644171779141104,-0.07264870750783503
KRAS_2023,KRAS,2023,142.0,101.0,-0.2887323943661972,-0.2887323943661972,-0.0371640624827665
KRAS_2024,KRAS,2024,101.0,342.0,2.386138613861386,2.386138613861386,0.3071307766928846
KREN_2021,KREN,2021,96.0,50.0,-0.4791666666666667,-0.4791666666666667,-0.061675725644672455
KREN_2022,KREN,2022,50.0,50.0,0.0,0.0,0.0
KREN_2023,KREN,2023,50.0,6.0,-0.88,-0.86,-0.11069451976574256
KREN_2024,KREN,2024,6.0,19.0,2.1666666666666665,2.1666666666666665,0.27888154204547544
KUAS_2024,KUAS,2024,48.283790588378906,73.8402099609375,0.5292960445137378,0.5292960445137378,0.06812810635041315
LABA_2023,LABA,2023,50.0,300.0,5.0,5.0,0.6435727893357126
LABA_2024,LABA,2024,300.0,159.0,-0.47,-0.47,-0.06049584219755698
LAND_2021,LAND,2021,88.0,50.0,-0.4318181818181818,-0.4318181818181818,-0.05558128635172063
LAND_2022,LAND,2022,50.0,15.0,-0.7,-0.7,-0.09010019050699976
LAND_2023,LAND,2023,15.0,17.0,0.1333333333333333,0.1333333333333333,0.017161941048952332
LAPD_2021,LAPD,2021,50.0,50.0,0.0,0.0,0.0
LAPD_2022,LAPD,2022,50.0,6.0,-0.88,-0.86,-0.11069451976574256
LAPD_2023,LAPD,2023,6.0,18.0,2.0,2.0,0.257429115734285
LAPD_2024,LAPD,2024,18.0,160.0,7.888888888888889,7.769128966998332,1.0
LCKM_2021,LCKM,2021,293.7900085449219,310.0,0.0551754347786117,0.0551754347786117,0.007101881692656363
LCKM_2022,LCKM,2022,310.0,286.0,-0.0774193548387096,-0.0774193548387096,-0.009964998028423926
LCKM_2023,LCKM,2023,286.0,280.0,-0.0209790209790209,-0.0209790209790209,-0.0027003054098001826
LCKM_2024,LCKM,2024,280.0,268.0,-0.0428571428571428,-0.0428571428571428,-0.005516338194306101
LEAD_2021,LEAD,2021,56.0,68.0,0.2142857142857142,0.2142857142857142,0.027581690971530525
LEAD_2022,LEAD,2022,68.0,62.0,-0.088235294117647,-0.088235294117647,-0.011357166870630214
LEAD_2023,LEAD,2023,62.0,98.0,0.5806451612903226,0.5806451612903226,0.07473748521317954
LEAD_2024,LEAD,2024,98.0,154.0,0.5714285714285714,0.5714285714285714,0.07355117592408143
LFLO_2023,LFLO,2023,55.88966751098633,85.11530303955078,0.522916611068039,0.522916611068039,0.06730698039500717
LFLO_2024,LFLO,2024,85.11530303955078,673.0046997070312,6.906976485700864,6.906976485700864,0.8890284245557365
LINK_2021,LINK,2021,3697.51123046875,2559.912109375,-0.3076661706175619,-0.3076661706175619,-0.03960111512171632
LINK_2022,LINK,2022,2559.912109375,1325.0,-0.4824041047551834,-0.4824041047551834,-0.06209243105685813
LINK_2023,LINK,2023,1325.0,1200.0,-0.0943396226415094,-0.0943396226415094,-0.01214288281765495
LINK_2024,LINK,2024,1200.0,4070.0,2.3916666666666666,2.3916666666666666,0.3078423175655825
LION_2021,LION,2021,331.75531005859375,819.6878662109375,1.4707603506517088,1.4707603506517088,0.1893082682626582
LION_2022,LION,2022,819.6878662109375,561.3976440429688,-0.3151080219863845,-0.3151080219863845,-0.040558989730367305
LION_2023,LION,2023,561.3976440429688,394.7368469238281,-0.2968676461107211,-0.2968676461107211,-0.0382111878142008
LION_2024,LION,2024,394.7368469238281,430.0,0.0893333200358074,0.0893333200358074,0.011498498791212895
LMPI_2021,LMPI,2021,195.0,116.0,-0.4051282051282051,-0.4051282051282051,-0.05214589780258594
LMPI_2022,LMPI,2022,116.0,111.0,-0.043103448275862,-0.043103448275862,-0.005548041287376824
LMPI_2023,LMPI,2023,111.0,136.0,0.2252252252252252,0.2252252252252252,0.028989765285392457
LMPI_2024,LMPI,2024,136.0,139.0,0.0220588235294117,0.0220588235294117,0.002839291717657547
LMSH_2021,LMSH,2021,750.0,615.0,-0.18,-0.18,-0.023168620416085653
LMSH_2022,LMSH,2022,615.0,440.0,-0.2845528455284553,-0.2845528455284553,-0.036626093702032424
LMSH_2023,LMSH,2023,440.0,400.0,-0.0909090909090909,-0.0909090909090909,-0.0117013234424675
LMSH_2024,LMSH,2024,400.0,256.0,-0.36,-0.36,-0.046337240832171306
LPCK_2021,LPCK,2021,1205.0,1000.0,-0.1701244813278008,-0.1701244813278008,-0.021897497396484823
LPCK_2022,LPCK,2022,1000.0,800.0,-0.2,-0.2,-0.025742911573428503
LPCK_2023,LPCK,2023,800.0,510.0,-0.3625,-0.3625,-0.04665902722683916
LPCK_2024,LPCK,2024,510.0,575.0,0.1274509803921568,0.1274509803921568,0.016404796590910313
LPIN_2021,LPIN,2021,825.88427734375,283.32208251953125,-0.6569469957331482,-0.6569469957331482,-0.08455864209793973
LPIN_2022,LPIN,2022,283.32208251953125,273.1216735839844,-0.0360028729311761,-0.0360028729311761,-0.004634093871283245
LPIN_2023,LPIN,2023,273.1216735839844,324.8962707519531,0.189566051234847,0.189566051234847,0.024399910471313416
LPIN_2024,LPIN,2024,324.8962707519531,391.834716796875,0.2060302073951074,0.2060302073951074,0.026519087052136927
LPKR_2021,LPKR,2021,141.0,79.0,-0.4397163120567376,-0.4397163120567376,-0.05659789069335345
LPKR_2022,LPKR,2022,79.0,97.0,0.2278481012658227,0.2278481012658227,0.029327367615298285
LPKR_2023,LPKR,2023,97.0,102.0,0.0515463917525773,0.0515463917525773,0.006634771024079509
LPKR_2024,LPKR,2024,102.0,84.0,-0.1764705882352941,-0.1764705882352941,-0.02271433374126044
LPLI_2021,LPLI,2021,274.0,274.0,0.0,0.0,0.0
LPLI_2022,LPLI,2022,274.0,234.0,-0.145985401459854,-0.145985401459854,-0.01879044640396241
LPLI_2023,LPLI,2023,234.0,254.0,0.0854700854700854,0.0854700854700854,0.011001244262148924
LPLI_2024,LPLI,2024,254.0,350.0,0.3779527559055118,0.3779527559055118,0.04864802187104599
LPPF_2021,LPPF,2021,2338.90185546875,2793.450439453125,0.1943427352120668,0.1943427352120668,0.025014739237512327
LPPF_2022,LPPF,2022,2793.450439453125,1312.653564453125,-0.5300959895640376,-0.5300959895640376,-0.06823107092388049
LPPF_2023,LPPF,2023,1312.653564453125,1038.497314453125,-0.2088565158577986,-0.2088565158577986,-0.026882874096308386
LPPF_2024,LPPF,2024,1038.497314453125,1480.9278564453125,0.4260295484973617,0.4260295484973617,0.05483620497317626
LRNA_2024,LRNA,2024,163.0,304.0,0.8650306748466258,0.8650306748466258,0.11134204085439936
LSIP_2021,LSIP,2021,976.4708862304688,871.6682739257812,-0.1073279437027186,-0.1073279437027186,-0.013814668820484988
LSIP_2022,LSIP,2022,871.6682739257812,804.5473022460938,-0.077002884798584,-0.077002884798584,-0.009911392271344249
LSIP_2023,LSIP,2023,804.5473022460938,924.2999877929688,0.1488448040439084,0.1488448040439084,0.019158493143333136
LSIP_2024,LSIP,2024,924.2999877929688,1195.0,0.2928702972867122,0.2928702972867122,0.03769667082767775
LTLS_2021,LTLS,2021,557.1143188476562,1176.051025390625,1.1109689440816866,1.1109689440816866,0.14299787644160047
LTLS_2022,LTLS,2022,1176.051025390625,1154.094970703125,-0.0186693044888994,-0.0186693044888994,-0.0024030112729757453
LTLS_2023,LTLS,2023,1154.094970703125,934.1038208007812,-0.1906178914966725,-0.1906178914966725,-0.024535297625561146
LTLS_2024,LTLS,2024,934.1038208007812,815.0993041992188,-0.1273996679507672,-0.1273996679507672,-0.016398191932703768
LUCK_2021,LUCK,2021,370.0,128.0,-0.654054054054054,-0.654054054054054,-0.08418627838877969
LUCK_2022,LUCK,2022,128.0,71.0,-0.4453125,-0.4453125,-0.0573182015502119
LUCK_2023,LUCK,2023,71.0,68.0,-0.0422535211267605,-0.0422535211267605,-0.005438643290160943
LUCK_2024,LUCK,2024,68.0,124.0,0.8235294117647058,0.8235294117647058,0.10600022412588207
LUCY_2024,LUCY,2024,132.0,530.0,3.015151515151515,3.015151515151515,0.38809389417517215
MAIN_2021,MAIN,2021,1294.5478515625,415.9530944824219,-0.6786885135374697,-0.6786885135374697,-0.08735709194948359
MAIN_2022,MAIN,2022,415.9530944824219,437.1751708984375,0.0510203595009255,0.0510203595009255,0.006567063015384289
MAIN_2023,MAIN,2023,437.1751708984375,649.3961181640625,0.4854368715164914,0.4854368715164914,0.06248279228965406
MAIN_2024,MAIN,2024,649.3961181640625,802.9586181640625,0.2364696919256979,0.2364696919256979,0.030437091845195604
MAPA_2021,MAPA,2021,249.35324096679688,377.9566955566406,0.5157480772707029,0.5157480772707029,0.06638428573672739
MAPA_2022,MAPA,2022,377.9566955566406,809.8334350585938,1.1426619625454737,1.1426619625454737,0.14707722930064202
MAPA_2023,MAPA,2023,809.8334350585938,1063.9718017578125,0.3138156016994175,0.3138156016994175,0.04039263642455183
MAPA_2024,MAPA,2024,1063.9718017578125,670.0,-0.3702840630803585,-0.3702840630803585,-0.047660949464637455
MAPB_2022,MAPB,2022,1895.0,1940.0,0.0237467018469656,0.0237467018469656,0.003056546229035034
MAPB_2023,MAPB,2023,1940.0,1200.0,-0.3814432989690721,-0.3814432989690721,-0.04909730557818837
MAPB_2024,MAPB,2024,1200.0,1535.0,0.2791666666666667,0.2791666666666667,0.035932814071243956
MAPI_2021,MAPI,2021,696.8592529296875,1418.255859375,1.0352113477900549,1.0352113477900549,0.1332467709298456
MAPI_2022,MAPI,2022,1418.255859375,1765.3017578125,0.244699076082391,0.244699076082391,0.03149633338844322
MAPI_2023,MAPI,2023,1765.3017578125,1398.53662109375,-0.2077634235028647,-0.2077634235028647,-0.026742177197135116
MAPI_2024,MAPI,2024,1398.53662109375,1165.0,-0.166986418211279,-0.166986418211279,-0.02149358298988253
MARI_2021,MARI,2021,476.0,128.0,-0.7310924369747899,-0.7310924369747899,-0.09410223978522184
MARI_2022,MARI,2022,128.0,50.0,-0.609375,-0.609375,-0.07843543370028996
MARI_2023,MARI,2023,50.0,50.0,0.0,0.0,0.0
MARK_2021,MARK,2021,758.6723022460938,491.35198974609375,-0.3523528033230982,-0.3523528033230982,-0.04535293529298081
MARK_2022,MARK,2022,491.35198974609375,482.6439514160156,-0.0177226072384035,-0.0177226072384035,-0.002281157554944126
MARK_2023,MARK,2023,482.6439514160156,898.8339233398438,0.8623126234210124,0.8623126234210124,0.11099218806689137
MARK_2024,MARK,2024,898.8339233398438,775.0,-0.1377717508477068,-0.1377717508477068,-0.017733229996944697
MBAP_2021,MBAP,2021,2521.66357421875,5777.92138671875,1.2913133400472894,1.2913133400472894,0.1662108256321299
MBAP_2022,MBAP,2022,5777.92138671875,4072.391357421875,-0.2951805528571645,-0.2951805528571645,-0.03799403435198862
MBAP_2023,MBAP,2023,4072.391357421875,2631.92041015625,-0.3537162371785283,-0.3537162371785283,-0.045528429078863585
MBAP_2024,MBAP,2024,2631.92041015625,1585.0,-0.3977781418147432,-0.3977781418147432,-0.051199837652898185
MBSS_2021,MBSS,2021,1090.0,1195.0,0.0963302752293578,0.0963302752293578,0.01239910878536694
MBSS_2022,MBSS,2022,1195.0,1210.0,0.0125523012552301,0.0125523012552301,0.0016156639062821204
MBSS_2023,MBSS,2023,1210.0,1020.0,-0.1570247933884297,-0.1570247933884297,-0.02021137685517113
MBSS_2024,MBSS,2024,1020.0,3130.0,2.0686274509803924,2.0686274509803924,0.26626246774477524
MBTO_2021,MBTO,2021,146.0,127.0,-0.1301369863013698,-0.1301369863013698,-0.016750524653943197
MBTO_2022,MBTO,2022,127.0,100.0,-0.2125984251968504,-0.2125984251968504,-0.02736451230246337
MBTO_2023,MBTO,2023,100.0,89.0,-0.11,-0.11,-0.014158601365385676
MBTO_2024,MBTO,2024,89.0,179.0,1.0112359550561798,1.0112359550561798,0.1301607888544138
MCAS_2021,MCAS,2021,9525.0,8025.0,-0.1574803149606299,-0.1574803149606299,-0.020270009112935826
MCAS_2022,MCAS,2022,8025.0,4350.0,-0.4579439252336448,-0.4579439252336448,-0.05894404986439236
MCAS_2023,MCAS,2023,4350.0,1130.0,-0.7402298850574712,-0.7402298850574712,-0.09527836237521814
MCAS_2024,MCAS,2024,1130.0,585.0,-0.4823008849557522,-0.4823008849557522,-0.06207914516601121
MCOL_2024,MCOL,2024,4744.01416015625,3526.790283203125,-0.2565809957264196,-0.2565809957264196,-0.03302570942203729
MDIA_2021,MDIA,2021,50.0,52.0,0.04,0.04,0.005148582314685701
MDIA_2022,MDIA,2022,52.0,50.0,-0.0384615384615384,-0.0384615384615384,-0.004950559917967012
MDIA_2023,MDIA,2023,50.0,10.0,-0.8,-0.8,-0.10297164629371401
MDIA_2024,MDIA,2024,10.0,88.0,7.8,7.769128966998332,1.0
MDKA_2021,MDKA,2021,3795.088623046875,4120.0,0.0856136468012889,0.0856136468012889,0.011019722695421601
MDKA_2022,MDKA,2022,4120.0,2700.0,-0.3446601941747573,-0.3446601941747573,-0.044362784507607375
MDKA_2023,MDKA,2023,2700.0,1615.0,-0.4018518518518518,-0.4018518518518518,-0.051724183439203555
MDKA_2024,MDKA,2024,1615.0,2280.0,0.4117647058823529,0.4117647058823529,0.053000112062941036
MDKI_2021,MDKI,2021,156.0210723876953,148.7830047607422,-0.046391602853282,-0.046391602853282,-0.005971274650008259
MDKI_2022,MDKI,2022,148.7830047607422,169.4021453857422,0.1385853220141482,0.1385853220141482,0.017837948449926658
MDKI_2023,MDKI,2023,169.4021453857422,152.53135681152344,-0.0995901706900029,-0.0995901706900029,-0.012818704788276979
MDKI_2024,MDKI,2024,152.53135681152344,201.28089904785156,0.3196034130645404,0.3196034130645404,0.041137612005432034
MDLN_2021,MDLN,2021,74.0,82.0,0.1081081081081081,0.1081081081081081,0.01391508733698838
MDLN_2022,MDLN,2022,82.0,62.0,-0.2439024390243902,-0.2439024390243902,-0.031393794601742075
MDLN_2023,MDLN,2023,62.0,52.0,-0.1612903225806451,-0.1612903225806451,-0.020760412559216526
MDLN_2024,MDLN,2024,52.0,61.0,0.173076923076923,0.173076923076923,0.02227751963085158
MDRN_2021,MDRN,2021,50.0,50.0,0.0,0.0,0.0
MDRN_2022,MDRN,2022,50.0,6.0,-0.88,-0.86,-0.11069451976574256
MDRN_2023,MDRN,2023,6.0,7.0,0.1666666666666666,0.1666666666666666,0.02145242631119041
MDRN_2024,MDRN,2024,7.0,44.0,5.285714285714286,5.285714285714286,0.6803483772977533
MERK_2021,MERK,2021,2652.5205078125,3619.3603515625,0.3644985367322723,0.3644985367322723,0.04691626799871483
MERK_2022,MERK,2022,3619.3603515625,3401.66064453125,-0.0601486687937186,-0.0601486687937186,-0.007742009310080682
MERK_2023,MERK,2023,3401.66064453125,3171.281005859375,-0.0677256383708497,-0.0677256383708497,-0.008717275599173901
MERK_2024,MERK,2024,3171.281005859375,3111.334228515625,-0.0189030165516679,-0.0189030165516679,-0.0024330934178032108
META_2021,META,2021,112.7402572631836,119.66290283203124,0.0614034927442755,0.0614034927442755,0.007903523420077715
META_2022,META,2022,119.66290283203124,235.37001037597656,0.96694217510636,0.96694217510636,0.12445953455190824
META_2023,META,2023,235.37001037597656,235.37001037597656,0.0,0.0,0.0
META_2024,META,2024,235.37001037597656,238.0,0.0111738518421371,0.0111738518421371,0.0014382373995336327
MFMI_2021,MFMI,2021,801.7410888671875,664.3527221679688,-0.1713625116723658,-0.1713625116723658,-0.022056849924911612
MFMI_2022,MFMI,2022,664.3527221679688,544.6765747070312,-0.1801394702958403,-0.1801394702958403,-0.023186572273550334
MFMI_2024,MFMI,2024,1071.1370849609375,1271.0,0.1865894831251698,0.1865894831251698,0.02401678282311488
MGLV_2023,MGLV,2023,63.0,78.0,0.238095238095238,0.238095238095238,0.030646323301700588
MGLV_2024,MGLV,2024,78.0,2200.0,27.205128205128204,7.769128966998332,1.0
MGNA_2021,MGNA,2021,50.0,50.0,0.0,0.0,0.0
MGNA_2022,MGNA,2022,50.0,11.0,-0.78,-0.78,-0.10039735513637117
MGNA_2023,MGNA,2023,11.0,17.0,0.5454545454545454,0.5454545454545454,0.070207940654805
MGNA_2024,MGNA,2024,17.0,248.0,13.588235294117649,7.769128966998332,1.0
MGRO_2021,MGRO,2021,843.2386474609375,845.0,0.0020887948439816,0.0020887948439816,0.0002688583048182586
MGRO_2022,MGRO,2022,845.0,705.0,-0.165680473372781,-0.165680473372781,-0.021325488877396385
MGRO_2023,MGRO,2023,705.0,695.0,-0.0141843971631205,-0.0141843971631205,-0.0018257384094630057
MGRO_2024,MGRO,2024,695.0,750.0,0.079136690647482,0.079136690647482,0.010186044147759477
MICE_2021,MICE,2021,368.1755676269531,508.4981384277344,0.3811295021699007,0.3811295021699007,0.0490569153619229
MICE_2022,MICE,2022,508.4981384277344,565.9183959960938,0.1129212739025979,0.1129212739025979,0.014534611844167388
MICE_2023,MICE,2023,565.9183959960938,485.6666870117187,-0.141807917099286,-0.141807917099286,-0.018252743351494998
MICE_2024,MICE,2024,485.6666870117187,575.0,0.1839395523253702,0.1839395523253702,0.023675698151840154
MIDI_2021,MIDI,2021,190.86705017089844,259.9205017089844,0.3617882262876536,0.3617882262876536,0.04656741158815304
MIDI_2022,MIDI,2022,259.9205017089844,401.0780029296875,0.5430795196707789,0.5430795196707789,0.06990224026112443
MIDI_2023,MIDI,2023,401.0780029296875,406.0203857421875,0.01232274713746,0.01232274713746,0.00158611694950676
MIDI_2024,MIDI,2024,406.0203857421875,374.5950012207031,-0.0773985386572158,-0.0773985386572158,-0.00996231868282647
MIKA_2021,MIKA,2021,2081.071044921875,2975.7001953125,0.4298888077721585,0.4298888077721585,0.055332947824426396
MIKA_2022,MIKA,2022,2975.7001953125,2695.3408203125,-0.0942162706584617,-0.0942162706584617,-0.012127005621694931
MIKA_2023,MIKA,2023,2695.3408203125,2429.793212890625,-0.0985209756854004,-0.0985209756854004,-0.01268108382598581
MIKA_2024,MIKA,2024,2429.793212890625,2315.022216796875,-0.0472348821639894,-0.0472348821639894,-0.0060798169736444715
MINA_2021,MINA,2021,50.0,80.0,0.6,0.6,0.0772287347202855
MINA_2022,MINA,2022,80.0,50.0,-0.375,-0.375,-0.04826795920017844
MINA_2023,MINA,2023,50.0,59.0,0.18,0.18,0.023168620416085653
MINA_2024,MINA,2024,59.0,382.0,5.47457627118644,5.47457627118644,0.7046576642557124
MIRA_2021,MIRA,2021,50.0,50.0,0.0,0.0,0.0
MIRA_2022,MIRA,2022,50.0,7.0,-0.86,-0.86,-0.11069451976574256
MIRA_2023,MIRA,2023,7.0,9.0,0.2857142857142857,0.2857142857142857,0.036775587962040716
MIRA_2024,MIRA,2024,9.0,33.0,2.6666666666666665,2.6666666666666665,0.3432388209790467
MITI_2021,MITI,2021,223.9491424560547,164.97821044921875,-0.2633228748281889,-0.2633228748281889,-0.033893487409815244
MITI_2022,MITI,2022,164.97821044921875,186.2251739501953,0.1287864830338701,0.1287864830338701,0.01657669522296884
MITI_2023,MITI,2023,186.2251739501953,159.0,-0.1461949175436211,-0.1461949175436211,-0.018817414174050546
MITI_2024,MITI,2024,159.0,404.0,1.5408805031446542,1.5408805031446542,0.19833375268836426
MKNT_2021,MKNT,2021,50.0,50.0,0.0,0.0,0.0
MKNT_2022,MKNT,2022,50.0,2.0,-0.96,-0.86,-0.11069451976574256
MKPI_2021,MKPI,2021,22173.57421875,34875.4140625,0.5728368245210242,0.5728368245210242,0.07373243859824154
MKPI_2022,MKPI,2022,34875.4140625,24734.060546875,-0.2907880461992723,-0.2907880461992723,-0.037428654799589546
MKPI_2023,MKPI,2023,24734.060546875,23099.875,-0.0660702493138139,-0.0660702493138139,-0.008504202928599432
MKPI_2024,MKPI,2024,23099.875,22957.71484375,-0.0061541526198734,-0.0061541526198734,-0.0007921290335139215
MLBI_2021,MLBI,2021,5905.0185546875,7124.9873046875,0.2065986310968606,0.2065986310968606,0.026592251457589294
MLBI_2022,MLBI,2022,7124.9873046875,6436.96826171875,-0.0965642482641485,-0.0965642482641485,-0.012429224521092859
MLBI_2023,MLBI,2023,6436.96826171875,5572.1240234375,-0.1343558338518708,-0.1343558338518708,-0.01729355175111481
MLBI_2024,MLBI,2024,5572.1240234375,5675.0,0.0184626142795426,0.0184626142795426,0.0023764072340629176
MLIA_2021,MLIA,2021,391.1030578613281,464.5455017089844,0.1877828423261688,0.1877828423261688,0.024170385525048153
MLIA_2022,MLIA,2022,464.5455017089844,409.6615905761719,-0.1181453935748034,-0.1181453935748034,-0.01520703209802036
MLIA_2023,MLIA,2023,409.6615905761719,302.1942443847656,-0.2623320044240855,-0.2623320044240855,-0.03376594796384744
MLIA_2024,MLIA,2024,302.1942443847656,340.0,0.1251041550847626,0.1251041550847626,0.01610272600907765
MLPL_2021,MLPL,2021,370.0,112.0,-0.6972972972972973,-0.6972972972972973,-0.08975231332357506
MLPL_2022,MLPL,2022,112.0,73.0,-0.3482142857142857,-0.3482142857142857,-0.04482024782873712
MLPL_2023,MLPL,2023,73.0,95.0,0.3013698630136986,0.3013698630136986,0.038790688672289526
MLPL_2024,MLPL,2024,95.0,139.0,0.4631578947368421,0.4631578947368421,0.059615163643729166
MLPT_2021,MLPT,2021,2538.272216796875,1610.895751953125,-0.3653573713279797,-0.3653573713279797,-0.047026812513982316
MLPT_2022,MLPT,2022,1610.895751953125,1364.6126708984375,-0.1528857970828233,-0.1528857970828233,-0.019678627775681266
MLPT_2023,MLPT,2023,1364.6126708984375,18364.8046875,12.457888145952015,7.769128966998332,1.0
MLPT_2024,MLPT,2024,18364.8046875,62163.69140625,2.384936157179047,2.384936157179047,0.3069760030126629
MMLP_2021,MMLP,2021,552.137939453125,463.20953369140625,-0.1610619365331053,-0.1610619365331053,-0.020731015950084416
MMLP_2022,MMLP,2022,463.20953369140625,291.21612548828125,-0.3713080057581637,-0.3713080057581637,-0.04779274579369245
MMLP_2023,MMLP,2023,291.21612548828125,498.3900146484375,0.7114094001930298,0.7114094001930298,0.09156874640837488
MMLP_2024,MMLP,2024,498.3900146484375,498.0,-0.0007825490819927,-0.0007825490819927,-0.00010072545909802863
MNCN_2021,MNCN,2021,893.3333129882812,734.5184936523438,-0.1777777868875028,-0.1777777868875028,-0.02288258923782401
MNCN_2022,MNCN,2022,734.5184936523438,386.0,-0.4744856619189518,-0.4744856619189518,-0.06107321218819634
MNCN_2023,MNCN,2023,386.0,276.0,-0.2849740932642487,-0.2849740932642487,-0.03668031441809761
MNCN_2024,MNCN,2024,276.0,262.0,-0.0507246376811594,-0.0507246376811594,-0.0065289993121014295
MOLI_2021,MOLI,2021,409.2916259765625,198.9080810546875,-0.5140186888014228,-0.5140186888014228,-0.06616168826452345
MOLI_2022,MOLI,2022,198.9080810546875,359.5646057128906,0.8076922958903437,0.8076922958903437,0.10396175675822285
MOLI_2023,MOLI,2023,359.5646057128906,207.34423828125,-0.4233463611632212,-0.4233463611632212,-0.054490839701787655
MOLI_2024,MOLI,2024,207.34423828125,296.4828796386719,0.4299065269250967,0.4299065269250967,0.05533522853736262
MPMX_2021,MPMX,2021,559.4530639648438,656.0808715820312,0.1727183455433888,0.1727183455433888,0.022231365482161633
MPMX_2022,MPMX,2022,656.0808715820312,700.6791381835938,0.0679767823348074,0.0679767823348074,0.008749601483455719
MPMX_2023,MPMX,2023,700.6791381835938,737.2931518554688,0.0522550361165188,0.0522550361165188,0.006725983870069281
MPMX_2024,MPMX,2024,737.2931518554688,811.6822509765625,0.1008948732724377,0.1008948732724377,0.012986639004323192
MPOW_2021,MPOW,2021,106.0,85.0,-0.1981132075471698,-0.1981132075471698,-0.025500053917075403
MPOW_2022,MPOW,2022,85.0,59.0,-0.3058823529411765,-0.3058823529411765,-0.039371511818184775
MPOW_2023,MPOW,2023,59.0,91.0,0.5423728813559322,0.5423728813559322,0.06981128562285696
MPOW_2024,MPOW,2024,91.0,123.0,0.3516483516483517,0.3516483516483517,0.04526226210712704
MPPA_2021,MPPA,2021,434.0,128.0,-0.7050691244239631,-0.7050691244239631,-0.0907526606160037
MPPA_2022,MPPA,2022,128.0,65.0,-0.4921875,-0.4921875,-0.06335169645023421
MPPA_2023,MPPA,2023,65.0,65.0,0.0,0.0,0.0
MPPA_2024,MPPA,2024,65.0,59.0,-0.0923076923076923,-0.0923076923076923,-0.011881343803120847
MPRO_2021,MPRO,2021,850.0,1510.0,0.7764705882352941,0.7764705882352941,0.09994306846154595
MPRO_2022,MPRO,2022,1510.0,2100.0,0.390728476821192,0.390728476821192,0.05029244314014177
MPRO_2023,MPRO,2023,2100.0,2020.0,-0.0380952380952381,-0.0380952380952381,-0.004903411728272096
MPRO_2024,MPRO,2024,2020.0,11500.0,4.693069306930693,4.693069306930693,0.6040663408814411
MRAT_2021,MRAT,2021,276.0,765.0,1.7717391304347827,1.7717391304347827,0.2280486188298286
MRAT_2022,MRAT,2022,765.0,370.0,-0.5163398692810458,-0.5163398692810458,-0.06646045798368798
MRAT_2023,MRAT,2023,370.0,306.0,-0.1729729729729729,-0.1729729729729729,-0.0222641397391814
MRAT_2024,MRAT,2024,306.0,490.0,0.6013071895424836,0.6013071895424836,0.07739698904429484
MSIN_2021,MSIN,2021,496.0,964.0,0.9435483870967742,0.9435483870967742,0.12144841347141673
MSIN_2022,MSIN,2022,964.0,600.0,-0.3775933609958506,-0.3775933609958506,-0.04860176251414925
MSIN_2023,MSIN,2023,600.0,840.0,0.4,0.4,0.051485823146857006
MSIN_2024,MSIN,2024,840.0,420.0,-0.5,-0.5,-0.06435727893357125
MSKY_2021,MSKY,2021,600.0,224.0,-0.6266666666666667,-0.6266666666666667,-0.08066112293007598
MSKY_2022,MSKY,2022,224.0,99.0,-0.5580357142857143,-0.5580357142857143,-0.07182732023836078
MSKY_2023,MSKY,2023,99.0,68.0,-0.3131313131313131,-0.3131313131313131,-0.04030455852405472
MSKY_2024,MSKY,2024,68.0,81.0,0.1911764705882352,0.1911764705882352,0.02460719488636547
MTDL_2021,MTDL,2021,641.766845703125,495.2047119140625,-0.2283728658941361,-0.2283728658941361,-0.02939491246241596
MTDL_2022,MTDL,2022,495.2047119140625,469.2687683105469,-0.0523741858256319,-0.0523741858256319,-0.006741320172197773
MTDL_2023,MTDL,2023,469.2687683105469,564.6275634765625,0.2032072057753271,0.2032072057753271,0.02615572564678868
MTDL_2024,MTDL,2024,564.6275634765625,560.5,-0.007310240844687,-0.007310240844687,-0.0009409344182262137
MTEL_2024,MTEL,2024,617.765625,700.0,0.1331158155651668,0.1331158155651668,0.01713394334559453
MTFN_2022,MTFN,2022,50.0,50.0,0.0,0.0,0.0
MTLA_2021,MTLA,2021,412.8746032714844,355.2331848144531,-0.1396099881181825,-0.1396099881181825,-0.017969837894468883
MTLA_2022,MTLA,2022,355.2331848144531,382.3278198242187,0.0762728150634851,0.0762728150634851,0.009817421668178812
MTLA_2023,MTLA,2023,382.3278198242187,467.3239440917969,0.2223121621300182,0.2223121621300182,0.028614811657053797
MTLA_2024,MTLA,2024,467.3239440917969,630.0,0.3481012645828575,0.3481012645828575,0.0448057003637757
MTMH_2024,MTMH,2024,930.0,1170.0,0.2580645161290322,0.2580645161290322,0.03321666009474645
MTPS_2021,MTPS,2021,109.0,96.0,-0.1192660550458715,-0.1192660550458715,-0.015351277543787631
MTPS_2022,MTPS,2022,96.0,12.0,-0.875,-0.86,-0.11069451976574256
MTPS_2023,MTPS,2023,12.0,11.0,-0.0833333333333333,-0.0833333333333333,-0.010726213155595205
MTPS_2024,MTPS,2024,11.0,81.0,6.363636363636363,6.363636363636363,0.819092640972725
MTSM_2021,MTSM,2021,310.0,157.0,-0.4935483870967742,-0.4935483870967742,-0.06352686243120259
MTSM_2022,MTSM,2022,157.0,256.0,0.6305732484076433,0.6305732484076433,0.08116395687163763
MTSM_2023,MTSM,2023,256.0,446.0,0.7421875,0.7421875,0.09553033591701983
MTSM_2024,MTSM,2024,446.0,500.0,0.1210762331838565,0.1210762331838565,0.01558427382247914
MYOH_2021,MYOH,2021,1499.0941162109375,1388.5284423828125,-0.0737549915195366,-0.0737549915195366,-0.009493341123931999
MYOH_2022,MYOH,2022,1388.5284423828125,1551.03759765625,0.1170369654038633,0.1170369654038633,0.01506436125607032
MYOH_2023,MYOH,2023,1551.03759765625,1453.2044677734375,-0.0630759241624101,-0.0630759241624101,-0.008118789690626028
MYOH_2024,MYOH,2024,1453.2044677734375,1460.6944580078125,0.005154120015782,0.005154120015782,0.0006634102790255697
MYOR_2021,MYOR,2021,1826.847412109375,2262.90576171875,0.2386944562085121,0.2386944562085121,0.030723451396216645
MYOR_2022,MYOR,2022,2262.90576171875,2283.566162109375,0.0091300312810785,0.0091300312810785,0.0011751679396571999
MYOR_2023,MYOR,2023,2283.566162109375,2609.57666015625,0.1427637628619145,0.1427637628619145,0.018375774616220905
MYOR_2024,MYOR,2024,2609.57666015625,2054.823486328125,-0.21258358962902,-0.21258358962902,-0.027362602748909372
MYTX_2021,MYTX,2021,83.0,54.0,-0.3493975903614458,-0.3493975903614458,-0.04497255636321847
MYTX_2022,MYTX,2022,54.0,60.0,0.1111111111111111,0.1111111111111111,0.014301617540793612
MYTX_2023,MYTX,2023,60.0,35.0,-0.4166666666666667,-0.4166666666666667,-0.05363106577797605
MYTX_2024,MYTX,2024,35.0,36.0,0.0285714285714285,0.0285714285714285,0.003677558796204063
NANO_2024,NANO,2024,26.0,46.0,0.7692307692307693,0.7692307692307693,0.0990111983593404
NASA_2021,NASA,2021,61.0,50.0,-0.180327868852459,-0.180327868852459,-0.02321082191046832
NASA_2022,NASA,2022,50.0,17.0,-0.66,-0.66,-0.08495160819231407
NASA_2023,NASA,2023,17.0,16.0,-0.0588235294117647,-0.0588235294117647,-0.007571444580420147
NASA_2024,NASA,2024,16.0,39.0,1.4375,1.4375,0.18502717693401738
NASI_2024,NASI,2024,78.0,108.0,0.3846153846153846,0.3846153846153846,0.04950559917967019
NATO_2021,NATO,2021,740.0,505.0,-0.3175675675675675,-0.3175675675675675,-0.04087556905240335
NATO_2022,NATO,2022,505.0,199.0,-0.6059405940594059,-0.6059405940594059,-0.07799337565811011
NATO_2023,NATO,2023,199.0,159.0,-0.2010050251256281,-0.2010050251256281,-0.02587227293811909
NATO_2024,NATO,2024,159.0,316.0,0.9874213836477987,0.9874213836477987,0.1270955068247885
NELY_2021,NELY,2021,236.8093414306641,249.24513244628903,0.0525139377547152,0.0525139377547152,0.006759308279960809
NELY_2022,NELY,2022,249.24513244628903,423.5353088378906,0.6992721369560151,0.6992721369560151,0.09000650393710541
NELY_2023,NELY,2023,423.5353088378906,411.1816711425781,-0.0291679051014868,-0.0291679051014868,-0.003754334009048644
NELY_2024,NELY,2024,411.1816711425781,387.3761596679687,-0.0578953614553377,-0.0578953614553377,-0.007451975852282197
NETV_2024,NETV,2024,112.0,156.0,0.3928571428571428,0.3928571428571428,0.05056643344780598
NFCX_2021,NFCX,2021,8950.0,8000.0,-0.106145251396648,-0.106145251396648,-0.01366243910321624
NFCX_2022,NFCX,2022,8000.0,4050.0,-0.49375,-0.49375,-0.06355281294690161
NFCX_2023,NFCX,2023,4050.0,1070.0,-0.7358024691358025,-0.7358024691358025,-0.0947084894923666
NFCX_2024,NFCX,2024,1070.0,1750.0,0.6355140186915887,0.6355140186915887,0.08179990593425879
NICL_2024,NICL,2024,247.14649963378903,1205.71337890625,3.8785371457529183,3.8785371457529183,0.4992241938868758
NIKL_2021,NIKL,2021,968.7683715820312,645.8460083007812,-0.3333328923134711,-0.3333328923134711,-0.04290479585670426
NIKL_2022,NIKL,2022,645.8460083007812,302.0572204589844,-0.5323076761692839,-0.5323076761692839,-0.06851574718741545
NIKL_2023,NIKL,2023,302.0572204589844,234.4917755126953,-0.2236842570544133,-0.2236842570544133,-0.028791420248599063
NIKL_2024,NIKL,2024,234.4917755126953,343.7887878417969,0.4661016877463331,0.4661016877463331,0.059994072659398184
NIRO_2023,NIRO,2023,140.0,131.0,-0.0642857142857142,-0.0642857142857142,-0.00827450729145915
NIRO_2024,NIRO,2024,131.0,328.0,1.5038167938931295,1.5038167938931295,0.19356311373913795
NPGF_2023,NPGF,2023,49.50642776489258,31.68411445617676,-0.3599999861301746,-0.3599999861301746,-0.04633723904692286
NPGF_2024,NPGF,2024,31.68411445617676,59.0,0.8621318920433979,0.8621318920433979,0.110968925307529
NRCA_2021,NRCA,2021,191.5392608642578,209.53900146484375,0.0939741571486077,0.0939741571486077,0.01209584208832041
NRCA_2022,NRCA,2022,209.53900146484375,260.9708251953125,0.2454522707988466,0.2454522707988466,0.031593280513359676
NRCA_2023,NRCA,2023,260.9708251953125,301.0812072753906,0.1536968051890828,0.1536968051890828,0.019783016325505127
NRCA_2024,NRCA,2024,301.0812072753906,1395.2127685546875,3.634008150759556,3.634008150759556,0.46774975241060845
NTBK_2024,NTBK,2024,49.91987991333008,125.91747283935548,1.522391341044308,1.522391341044308,0.19595392836328426
NZIA_2022,NZIA,2022,354.0,82.0,-0.768361581920904,-0.768361581920904,-0.09889932129904735
NZIA_2023,NZIA,2023,82.0,69.0,-0.1585365853658536,-0.1585365853658536,-0.020405966491132344
NZIA_2024,NZIA,2024,69.0,113.0,0.6376811594202898,0.6376811594202898,0.08207884849498942
OASA_2022,OASA,2022,135.69708251953125,137.0,0.0096016617032368,0.0096016617032368,0.0012358736409219992
OASA_2023,OASA,2023,137.0,141.0,0.0291970802919708,0.0291970802919708,0.0037580892807924818
OASA_2024,OASA,2024,141.0,264.0,0.8723404255319149,0.8723404255319149,0.11228291218197539
OBMD_2024,OBMD,2024,224.0,272.0,0.2142857142857142,0.2142857142857142,0.027581690971530525
OILS_2024,OILS,2024,94.0,230.0,1.446808510638298,1.446808510638298,0.1862253177652275
OKAS_2021,OKAS,2021,86.0,105.0,0.2209302325581395,0.2209302325581395,0.028436937203205902
OKAS_2022,OKAS,2022,105.0,93.0,-0.1142857142857142,-0.1142857142857142,-0.014710235184816275
OKAS_2023,OKAS,2023,93.0,100.0,0.075268817204301,0.075268817204301,0.009688192527634372
OKAS_2024,OKAS,2024,100.0,145.0,0.45,0.45,0.05792155104021413
OMRE_2021,OMRE,2021,631.086669921875,810.0,0.2835004106492591,0.2835004106492591,0.03649063001187273
OMRE_2022,OMRE,2022,810.0,498.0,-0.3851851851851852,-0.3851851851851852,-0.049578940808084525
OMRE_2023,OMRE,2023,498.0,412.0,-0.1726907630522088,-0.1726907630522088,-0.022227815214004524
OMRE_2024,OMRE,2024,412.0,410.0,-0.0048543689320388,-0.0048543689320388,-0.0006248279508113669
OPMS_2022,OPMS,2022,88.0,52.0,-0.4090909090909091,-0.4090909090909091,-0.05265595549110376
OPMS_2023,OPMS,2023,52.0,50.0,-0.0384615384615384,-0.0384615384615384,-0.004950559917967012
OPMS_2024,OPMS,2024,50.0,135.0,1.7,1.7,0.21881474837414228
PAMG_2022,PAMG,2022,67.0,75.0,0.1194029850746268,0.1194029850746268,0.015368902431897605
PAMG_2023,PAMG,2023,75.0,51.0,-0.32,-0.32,-0.041188658517485606
PAMG_2024,PAMG,2024,51.0,69.0,0.3529411764705882,0.3529411764705882,0.04542866748252088
PANI_2022,PANI,2022,948.5693969726562,4892.62109375,4.157894730069008,4.157894730069008,0.5351815818389541
PANI_2023,PANI,2023,4892.62109375,15982.48046875,2.266649953573262,2.266649953573262,0.2917508466137615
PANI_2024,PANI,2024,15982.48046875,12590.802734375,-0.2122122245671835,-0.2122122245671835,-0.027314802659167782
PANR_2021,PANR,2021,177.9709014892578,440.7298278808594,1.4764151004059587,1.4764151004059587,0.1900361168771258
PANR_2022,PANR,2022,440.7298278808594,545.66552734375,0.2380952974466195,0.2380952974466195,0.030646330941087416
PANR_2023,PANR,2023,545.66552734375,524.8442993164062,-0.038157492060566,-0.038157492060566,-0.004911424719894753
PANR_2024,PANR,2024,524.8442993164062,625.8823852539062,0.1925105904152889,0.1925105904152889,0.024778915530046474
PBID_2021,PBID,2021,265.1203918457031,277.4046936035156,0.0463348053776331,0.0463348053776331,0.005963963988042141
PBID_2022,PBID,2022,277.4046936035156,248.82733154296875,-0.1030168656821338,-0.1030168656821338,-0.01325977031913466
PBID_2023,PBID,2023,248.82733154296875,422.0248107910156,0.6960548834167691,0.6960548834167691,0.08959239657025486
PBID_2024,PBID,2024,422.0248107910156,439.5892028808594,0.041619335263541,0.041619335263541,0.0053570143371710535
PBRX_2021,PBRX,2021,106.19622039794922,74.47527313232422,-0.298701282839983,-0.298701282839983,-0.03844720355509669
PBRX_2022,PBRX,2022,74.47527313232422,50.0,-0.3286362319052887,-0.3286362319052887,-0.04230026728881295
PBRX_2023,PBRX,2023,50.0,23.0,-0.54,-0.54,-0.06950586124825696
PBRX_2024,PBRX,2024,23.0,36.0,0.5652173913043478,0.5652173913043478,0.07275170662055881
PBSA_2021,PBSA,2021,202.4009552001953,178.20204162597656,-0.1195592854306618,-0.1195592854306618,-0.015389020563119127
PBSA_2022,PBSA,2022,178.20204162597656,255.07083129882812,0.4313575140412217,0.4313575140412217,0.05552199170248557
PBSA_2023,PBSA,2023,255.07083129882812,322.8935241699219,0.2658974863011134,0.2658974863011134,0.03422487738723239
PBSA_2024,PBSA,2024,322.8935241699219,1500.0,3.645494219359534,3.645494219359534,0.46922817665208627
PCAR_2021,PCAR,2021,282.0,87.0,-0.6914893617021277,-0.6914893617021277,-0.08900474746132196
PCAR_2022,PCAR,2022,87.0,50.0,-0.425287356321839,-0.425287356321839,-0.0547406740354514
PCAR_2023,PCAR,2023,50.0,50.0,0.0,0.0,0.0
PCAR_2024,PCAR,2024,50.0,41.0,-0.18,-0.18,-0.023168620416085653
PDES_2021,PDES,2021,301.4078369140625,305.3999938964844,0.0132450337831133,0.0132450337831133,0.0017048286673287945
PDES_2023,PDES,2023,219.5686187744141,253.501953125,0.1545454652854979,0.1545454652854979,0.019892251234594684
PDES_2024,PDES,2024,253.501953125,598.823486328125,1.3622046258272789,1.3622046258272789,0.1753355661379345
PEHA_2021,PEHA,2021,1074.789794921875,671.5316772460938,-0.3751971963085986,-0.3751971963085986,-0.048293341235852744
PEHA_2022,PEHA,2022,671.5316772460938,640.0,-0.0469548620184278,-0.0469548620184278,-0.006043774304414618
PEHA_2023,PEHA,2023,640.0,324.0,-0.49375,-0.49375,-0.06355281294690161
PEHA_2024,PEHA,2024,324.0,300.0,-0.074074074074074,-0.074074074074074,-0.0095344116938624
PGAS_2021,PGAS,2021,875.1150512695312,1204.5836181640625,0.3764860019451962,0.3764860019451962,0.04845922928354409
PGAS_2022,PGAS,2022,1204.5836181640625,858.0326538085938,-0.2876935723928042,-0.2876935723928042,-0.03703035097175855
PGAS_2023,PGAS,2023,858.0326538085938,1331.5164794921875,0.5518249492975782,0.5518249492975782,0.07102790436889611
PGAS_2024,PGAS,2024,1331.5164794921875,1770.5172119140625,0.3296998115932449,0.3296998115932449,0.04243716547810471
PGJO_2022,PGJO,2022,76.0,83.0,0.0921052631578947,0.0921052631578947,0.011855288224605227
PGJO_2023,PGJO,2023,83.0,95.0,0.144578313253012,0.144578313253012,0.01860933366753867
PGJO_2024,PGJO,2024,95.0,1015.0,9.68421052631579,7.769128966998332,1.0
PGLI_2021,PGLI,2021,424.3049926757813,312.4903869628906,-0.263524133920173,-0.263524133920173,-0.03391939238485672
PGLI_2023,PGLI,2023,149.0,200.0,0.3422818791946309,0.3422818791946309,0.0440566607464716
PGLI_2024,PGLI,2024,200.0,226.0,0.13,0.13,0.016732892522728526
PGUN_2023,PGUN,2023,413.95404052734375,421.9146728515625,0.0192307153568969,0.0192307153568969,0.002475273024631852
PGUN_2024,PGUN,2024,421.9146728515625,9764.3544921875,22.142960225094573,7.769128966998332,1.0
PICO_2023,PICO,2023,120.0,122.0,0.0166666666666666,0.0166666666666666,0.0021452426311190332
PICO_2024,PICO,2024,122.0,208.0,0.7049180327868853,0.7049180327868853,0.09073321292273981
PJAA_2021,PJAA,2021,472.7771911621094,607.8562622070312,0.2857140182945182,0.2857140182945182,0.036775553541223575
PJAA_2022,PJAA,2022,607.8562622070312,833.634521484375,0.3714336321181888,0.3714336321181888,0.04780891573507954
PJAA_2023,PJAA,2023,833.634521484375,508.35064697265625,-0.3901996212111228,-0.3901996212111228,-0.05022437172411615
PJAA_2024,PJAA,2024,508.35064697265625,538.4806518554688,0.0592701220353382,0.0592701220353382,0.007628927552510137
PKPK_2021,PKPK,2021,196.0,258.0,0.3163265306122449,0.3163265306122449,0.040715829529402225
PKPK_2022,PKPK,2022,258.0,360.0,0.3953488372093023,0.3953488372093023,0.05088715078468425
PKPK_2023,PKPK,2023,360.0,785.0,1.1805555555555556,1.1805555555555556,0.15195468637093215
PKPK_2024,PKPK,2024,785.0,1315.0,0.6751592356687898,0.6751592356687898,0.08690282250902615
PLIN_2021,PLIN,2021,1856.73193359375,1642.0076904296875,-0.1156463349819478,-0.1156463349819478,-0.014885366876156868
PLIN_2022,PLIN,2022,1642.0076904296875,2304.173828125,0.4032661610263433,0.4032661610263433,0.05190622561928567
PLIN_2023,PLIN,2023,2304.173828125,2267.228759765625,-0.016033976216733,-0.016033976216733,-0.002063806159589067
PLIN_2024,PLIN,2024,2267.228759765625,2431.0,0.0722341049746144,0.0722341049746144,0.009297580884736251
PMJS_2022,PMJS,2022,142.13499450683594,138.1815185546875,-0.0278149372423432,-0.0278149372423432,-0.003580187349250521
PMJS_2023,PMJS,2023,138.1815185546875,115.8000030517578,-0.1619718449835377,-0.1619718449835377,-0.020848134413981402
PMJS_2024,PMJS,2024,115.8000030517578,114.0,-0.015544067394828,-0.015544067394828,-0.0020007477621823517
PMMP_2023,PMMP,2023,262.0,75.0,-0.7137404580152672,-0.7137404580152672,-0.09186878748532691
PNGO_2023,PNGO,2023,1215.9044189453125,1481.4127197265625,0.2183628060267718,0.2183628060267718,0.028106472032364535
PNGO_2024,PNGO,2024,1481.4127197265625,3015.6416015625,1.0356525642085237,1.0356525642085237,0.13330356190607257
PNSE_2021,PNSE,2021,661.7031860351562,415.927734375,-0.3714285450744349,-0.3714285450744349,-0.0478082609584919
PNSE_2022,PNSE,2022,415.927734375,427.86822509765625,0.0287080897372684,0.0287080897372684,0.003695149077742754
PNSE_2023,PNSE,2023,427.86822509765625,689.6443481445312,0.6118148244991257,0.6118148244991257,0.07874947463196837
PNSE_2024,PNSE,2024,689.6443481445312,740.0,0.0730168412036569,0.0730168412036569,0.009398330432384052
POLI_2021,POLI,2021,1475.0,805.0,-0.4542372881355932,-0.4542372881355932,-0.0584669517091427
POLI_2022,POLI,2022,805.0,805.0,0.0,0.0,0.0
POLI_2023,POLI,2023,805.0,770.0,-0.0434782608695652,-0.0434782608695652,-0.005596285124658368
POLL_2021,POLL,2021,1235.0,224.0,-0.8186234817813766,-0.8186234817813766,-0.10536875951715068
POLL_2022,POLL,2022,224.0,147.0,-0.34375,-0.34375,-0.04424562926683024
POLL_2023,POLL,2023,147.0,112.0,-0.238095238095238,-0.238095238095238,-0.030646323301700588
POLL_2024,POLL,2024,112.0,112.0,0.0,0.0,0.0
POLU_2021,POLU,2021,428.0,286.0,-0.3317757009345794,-0.3317757009345794,-0.04270436265685569
POLU_2022,POLU,2022,286.0,825.0,1.8846153846153848,1.8846153846153848,0.242577435980384
POLU_2023,POLU,2023,825.0,2300.0,1.7878787878787878,1.7878787878787878,0.23012602770186086
POLU_2024,POLU,2024,2300.0,18825.0,7.184782608695652,7.184782608695652,0.9247861168497957
POLY_2022,POLY,2022,55.0,50.0,-0.0909090909090909,-0.0909090909090909,-0.0117013234424675
POLY_2023,POLY,2023,50.0,21.0,-0.58,-0.58,-0.07465444356294265
POLY_2024,POLY,2024,21.0,28.0,0.3333333333333333,0.3333333333333333,0.042904852622380835
PORT_2021,PORT,2021,650.0,820.0,0.2615384615384615,0.2615384615384615,0.03366380744217573
PORT_2022,PORT,2022,820.0,710.0,-0.1341463414634146,-0.1341463414634146,-0.017266587030958135
PORT_2023,PORT,2023,710.0,810.0,0.1408450704225352,0.1408450704225352,0.018128810967203167
PORT_2024,PORT,2024,810.0,1240.0,0.5308641975308642,0.5308641975308642,0.0683299504726806
POSA_2021,POSA,2021,50.0,50.0,0.0,0.0,0.0
POSA_2022,POSA,2022,50.0,50.0,0.0,0.0,0.0
POSA_2023,POSA,2023,50.0,50.0,0.0,0.0,0.0
POSA_2024,POSA,2024,50.0,50.0,0.0,0.0,0.0
POWR_2021,POWR,2021,384.3421020507813,453.2052307128906,0.1791714420425655,0.1791714420425655,0.023061972944927168
POWR_2022,POWR,2022,453.2052307128906,539.9771728515625,0.1914627993198133,0.1914627993198133,0.024644049562455205
POWR_2023,POWR,2023,539.9771728515625,589.0494995117188,0.090878520662291,0.090878520662291,0.011697388606666762
POWR_2024,POWR,2024,589.0494995117188,654.3828125,0.1109131117884626,0.1109131117884626,0.014276132145520915
PPGL_2023,PPGL,2023,83.24664306640625,94.2506332397461,0.1321853923234106,0.1321853923234106,0.01701418432940257
PPGL_2024,PPGL,2024,94.2506332397461,184.0,0.9522415253376358,0.9522415253376358,0.12256734691656719
PPRE_2021,PPRE,2021,173.18370056152344,124.0,-0.2839972838208925,-0.2839972838208925,-0.03655458482247557
PPRE_2022,PPRE,2022,124.0,79.0,-0.3629032258064516,-0.3629032258064516,-0.0467109282582372
PPRE_2023,PPRE,2023,79.0,55.0,-0.3037974683544304,-0.3037974683544304,-0.03910315682039773
PPRE_2024,PPRE,2024,55.0,173.0,2.1454545454545455,2.1454545454545455,0.27615123324223306
PPRO_2021,PPRO,2021,58.0,50.0,-0.1379310344827586,-0.1379310344827586,-0.01775373211960586
PPRO_2022,PPRO,2022,50.0,50.0,0.0,0.0,0.0
PPRO_2023,PPRO,2023,50.0,21.0,-0.58,-0.58,-0.07465444356294265
PPRO_2024,PPRO,2024,21.0,21.0,0.0,0.0,0.0
PRAS_2021,PRAS,2021,254.0,152.0,-0.4015748031496063,-0.4015748031496063,-0.05168852323798637
PRAS_2022,PRAS,2022,152.0,105.0,-0.3092105263157895,-0.3092105263157895,-0.03979989618260328
PRDA_2021,PRDA,2021,6960.08837890625,4478.14599609375,-0.3565963889674813,-0.3565963889674813,-0.045899146542968935
PRDA_2022,PRDA,2022,4478.14599609375,4500.41552734375,0.0049729355115767,0.0049729355115767,0.0006400891956744071
PRDA_2023,PRDA,2023,4500.41552734375,2367.132080078125,-0.4740192176264974,-0.4740192176264974,-0.061013174017323424
PRDA_2024,PRDA,2024,2367.132080078125,2156.088134765625,-0.0891559651819406,-0.0891559651819406,-0.011475670639611838
PRIM_2021,PRIM,2021,400.0,173.0,-0.5675,-0.5675,-0.07304551158960337
PRIM_2022,PRIM,2022,173.0,88.0,-0.4913294797687861,-0.4913294797687861,-0.06324125675553245
PRIM_2023,PRIM,2023,88.0,56.0,-0.3636363636363636,-0.3636363636363636,-0.04680529376987
PRIM_2024,PRIM,2024,56.0,83.0,0.4821428571428571,0.4821428571428571,0.06205880468594371
PSAB_2021,PSAB,2021,112.46363830566406,86.5727310180664,-0.2302158073281335,-0.2302158073281335,-0.02963212585426797
PSAB_2022,PSAB,2022,86.5727310180664,71.19999694824219,-0.1775701642889857,-0.1775701642889857,-0.022855865186852654
PSDN_2021,PSDN,2021,153.0,83.0,-0.457516339869281,-0.457516339869281,-0.058889013403267805
PSDN_2023,PSDN,2023,90.0,75.0,-0.1666666666666666,-0.1666666666666666,-0.02145242631119041
PSDN_2024,PSDN,2024,75.0,130.0,0.7333333333333333,0.7333333333333333,0.09439067576923783
PSGO_2022,PSGO,2022,128.17745971679688,116.76439666748048,-0.0890411081209841,-0.0890411081209841,-0.011460886863792902
PSGO_2023,PSGO,2023,116.76439666748048,175.14659118652344,0.4999999673299621,0.4999999673299621,0.06435727472846177
PSGO_2024,PSGO,2024,175.14659118652344,201.46597290039065,0.1502705906838815,0.1502705906838815,0.01934201264031015
PSKT_2021,PSKT,2021,50.0,66.0,0.32,0.32,0.041188658517485606
PSKT_2022,PSKT,2022,66.0,50.0,-0.2424242424242424,-0.2424242424242424,-0.031203529179913335
PSKT_2023,PSKT,2023,50.0,32.0,-0.36,-0.36,-0.046337240832171306
PSKT_2024,PSKT,2024,32.0,310.0,8.6875,7.769128966998332,1.0
PSSI_2021,PSSI,2021,289.4646301269531,447.12213134765625,0.5446520397036344,0.5446520397036344,0.07010464648189066
PSSI_2022,PSSI,2022,447.12213134765625,411.92529296875,-0.0787186227459164,-0.0787186227459164,-0.010132232722651017
PSSI_2023,PSSI,2023,411.92529296875,386.8641052246094,-0.0608391574198427,-0.0608391574198427,-0.007830885248304536
PSSI_2024,PSSI,2024,386.8641052246094,354.23077392578125,-0.084353474147935,-0.084353474147935,-0.010857520129508889
PTBA_2021,PTBA,2021,1246.043212890625,1993.0184326171875,0.5994777805447831,0.5994777805447831,0.07716151747399765
PTBA_2022,PTBA,2022,1993.0184326171875,1871.1578369140625,-0.0611437374129552,-0.0611437374129552,-0.007870089127453189
PTBA_2023,PTBA,2023,1871.1578369140625,2440.10107421875,0.3040594577756176,0.3040594577756176,0.039136878672911705
PTBA_2024,PTBA,2024,2440.10107421875,2310.0,-0.0533179037513454,-0.0533179037513454,-0.0068627904077572825
PTDU_2023,PTDU,2023,50.0,18.0,-0.64,-0.64,-0.08237731703497121
PTDU_2024,PTDU,2024,18.0,113.0,5.277777777777778,5.277777777777778,0.6793268331876966
PTIS_2021,PTIS,2021,376.0,480.0,0.2765957446808511,0.2765957446808511,0.035601898984528785
PTIS_2022,PTIS,2022,480.0,334.0,-0.3041666666666666,-0.3041666666666666,-0.039150678017922505
PTIS_2023,PTIS,2023,334.0,230.0,-0.311377245508982,-0.311377245508982,-0.04007878448557731
PTIS_2024,PTIS,2024,230.0,340.0,0.4782608695652174,0.4782608695652174,0.06155913637124207
PTPP_2021,PTPP,2021,990.0,715.0,-0.2777777777777778,-0.2777777777777778,-0.03575404385198403
PTPP_2022,PTPP,2022,715.0,428.0,-0.4013986013986014,-0.4013986013986014,-0.05166584350751035
PTPP_2023,PTPP,2023,428.0,336.0,-0.2149532710280373,-0.2149532710280373,-0.027667615242469874
PTPP_2024,PTPP,2024,336.0,414.0,0.2321428571428571,0.2321428571428571,0.029880165219158077
PTPW_2022,PTPW,2022,877.1092529296875,968.8656005859376,0.1046122217383625,0.1046122217383625,0.013465115868552804
PTPW_2023,PTPW,2023,968.8656005859376,854.5891723632812,-0.1179486898425805,-0.1179486898425805,-0.015181713464096473
PTPW_2024,PTPW,2024,854.5891723632812,1035.0,0.2111082534989421,0.2111082534989421,0.027172705511220974
PTRO_2021,PTRO,2021,170.54638671875,340.3068542480469,0.99539175701946,0.99539175701946,0.12812140990935794
PTRO_2022,PTRO,2022,340.3068542480469,521.2028198242188,0.5315672115270363,0.5315672115270363,0.06842043860837231
PTRO_2023,PTRO,2023,521.2028198242188,2762.4990234375,4.300238061584515,4.300238061584515,0.5535032408203088
PTRO_2024,PTRO,2024,2762.4990234375,10925.0,2.954752529253581,2.954752529253581,0.38031966540969575
PTSN_2021,PTSN,2021,209.4372711181641,171.84596252441406,-0.1794871963001325,-0.1794871963001325,-0.02310261511458457
PTSN_2022,PTSN,2022,171.84596252441406,223.96888732910156,0.3033118965322355,0.3033118965322355,0.03904065665799117
PTSN_2023,PTSN,2023,223.96888732910156,186.6427001953125,-0.1666579120828585,-0.1666579120828585,-0.02145129946880624
PTSN_2024,PTSN,2024,186.6427001953125,357.12200927734375,0.9133992859277804,0.9133992859277804,0.11756778524435794
PTSP_2021,PTSP,2021,7000.0,3500.0,-0.5,-0.5,-0.06435727893357125
PTSP_2023,PTSP,2023,2590.0,865.0,-0.666023166023166,-0.666023166023166,-0.08572687734394627
PTSP_2024,PTSP,2024,865.0,1000.0,0.1560693641618497,0.1560693641618497,0.02008839920469854
PUDP_2021,PUDP,2021,134.12416076660156,139.67959594726562,0.0414200927626413,0.0414200927626413,0.005331368926759405
PUDP_2022,PUDP,2022,139.67959594726562,284.3038024902344,1.0353996627937692,1.0353996627937692,0.13327100981228845
PUDP_2023,PUDP,2023,284.3038024902344,235.23870849609375,-0.1725798021847631,-0.1725798021847631,-0.0222135329350107
PUDP_2024,PUDP,2024,235.23870849609375,568.1613159179688,1.415254358223121,1.415254358223121,0.18216383898823554
PURA_2022,PURA,2022,50.0,50.0,0.0,0.0,0.0
PURA_2023,PURA,2023,50.0,12.0,-0.76,-0.76,-0.09782306397902832
PURA_2024,PURA,2024,12.0,44.0,2.6666666666666665,2.6666666666666665,0.3432388209790467
PURE_2022,PURE,2022,51.0,51.0,0.0,0.0,0.0
PURE_2023,PURE,2023,51.0,51.0,0.0,0.0,0.0
PURI_2023,PURI,2023,200.0,278.0,0.39,0.39,0.050198677568185586
PURI_2024,PURI,2024,278.0,258.0,-0.0719424460431654,-0.0719424460431654,-0.00926004013432679
PWON_2021,PWON,2021,427.5766906738281,424.0247192382813,-0.0083072148529641,-0.0083072148529641,-0.0010692594869066336
PWON_2022,PWON,2022,424.0247192382813,427.84039306640625,0.0089987061013317,0.0089987061013317,0.0011582644772092675
PWON_2023,PWON,2023,427.84039306640625,384.165771484375,-0.102081575956416,-0.102081575956416,-0.01313938491561121
PWON_2024,PWON,2024,384.165771484375,338.0,-0.1201714856219372,-0.1201714856219372,-0.015467819640065321
PYFA_2021,PYFA,2021,1015.0,865.0,-0.1477832512315271,-0.1477832512315271,-0.019021855842434855
PYFA_2022,PYFA,2022,865.0,1145.0,0.3236994219653179,0.3236994219653179,0.0416648279801155
PYFA_2023,PYFA,2023,1145.0,210.0,-0.8165938864628821,-0.8165938864628821,-0.10510752105308145
PYFA_2024,PYFA,2024,210.0,476.0,1.2666666666666666,1.2666666666666666,0.1630384399650472
PZZA_2021,PZZA,2021,652.1463623046875,535.403076171875,-0.1790139344184046,-0.1790139344184046,-0.023041699420722594
PZZA_2022,PZZA,2022,535.403076171875,366.8502807617187,-0.3148147683709749,-0.3148147683709749,-0.040521243720916915
PZZA_2023,PZZA,2023,366.8502807617187,112.03805541992188,-0.6945946035879028,-0.6945946035879028,-0.08940443729772003
PZZA_2024,PZZA,2024,112.03805541992188,214.16123962402344,0.91150443321549,0.91150443321549,0.11732389011527213
RAJA_2021,RAJA,2021,165.72010803222656,970.8870239257812,4.858595166598485,4.858595166598485,0.6253719287241596
RAJA_2022,RAJA,2022,970.8870239257812,1327.7071533203125,0.3675197222759546,0.3675197222759546,0.047305138560204504
RAJA_2023,RAJA,2023,1327.7071533203125,2634.046142578125,0.9839059660038264,0.9839059660038264,0.12664302139702627
RAJA_2024,RAJA,2024,2634.046142578125,6080.13037109375,1.308285444514917,1.308285444514917,0.16839538255475556
RALS_2021,RALS,2021,399.34234619140625,363.5586242675781,-0.0896066301635761,-0.0896066301635761,-0.011533677783469254
RALS_2022,RALS,2022,363.5586242675781,357.54730224609375,-0.0165346703948908,-0.0165346703948908,-0.0021282527893572998
RALS_2023,RALS,2023,357.54730224609375,286.0511474609375,-0.1999627862831605,-0.1999627862831605,-0.025738121626318913
RANC_2021,RANC,2021,1800.0,815.0,-0.5472222222222223,-0.5472222222222223,-0.07043546638840854
RANC_2022,RANC,2022,815.0,670.0,-0.1779141104294478,-0.1779141104294478,-0.022900136062252344
RANC_2023,RANC,2023,670.0,470.0,-0.2985074626865671,-0.2985074626865671,-0.038422256079744026
RANC_2024,RANC,2024,470.0,905.0,0.925531914893617,0.925531914893617,0.11912943121746168
RBMS_2021,RBMS,2021,82.0,50.0,-0.3902439024390244,-0.3902439024390244,-0.05023007136278732
RBMS_2022,RBMS,2022,50.0,50.0,0.0,0.0,0.0
RBMS_2023,RBMS,2023,50.0,29.0,-0.42,-0.42,-0.05406011430419985
RBMS_2024,RBMS,2024,29.0,40.0,0.3793103448275862,0.3793103448275862,0.04882276332891612
RDTX_2021,RDTX,2021,5134.177734375,7508.71630859375,0.4624963717793479,0.4624963717793479,0.05953001600873633
RDTX_2022,RDTX,2022,7508.71630859375,13213.5244140625,0.759758109244263,0.759758109244263,0.09779192911735148
RDTX_2023,RDTX,2023,13213.5244140625,14150.884765625,0.0709394649140628,0.0709394649140628,0.009130941861745264
RDTX_2024,RDTX,2024,14150.884765625,12459.056640625,-0.119556349516021,-0.119556349516021,-0.0153886426681642
REAL_2023,REAL,2023,8.970000267028809,7.973333358764648,-0.1111111347373786,-0.1111111347373786,-0.014301620581838186
REAL_2024,REAL,2024,7.973333358764648,69.0,7.653846126244312,7.653846126244312,0.985161420122678
RICY_2021,RICY,2021,94.0,83.0,-0.1170212765957446,-0.1170212765957446,-0.015062341878069858
RICY_2022,RICY,2022,83.0,111.0,0.3373493975903614,0.3373493975903614,0.043421778557590246
RICY_2023,RICY,2023,111.0,68.0,-0.3873873873873873,-0.3873873873873873,-0.04986239629087502
RIGS_2021,RIGS,2021,310.0,505.0,0.6290322580645161,0.6290322580645161,0.08096560898094449
RIGS_2022,RIGS,2022,505.0,480.0,-0.0495049504950495,-0.0495049504950495,-0.006372007815205074
RIGS_2023,RIGS,2023,480.0,880.0,0.8333333333333334,0.8333333333333334,0.1072621315559521
RIGS_2024,RIGS,2024,880.0,765.0,-0.1306818181818181,-0.1306818181818181,-0.01682065244854702
RISE_2021,RISE,2021,258.10809326171875,743.2432250976562,1.8795812471638225,1.8795812471638225,0.24192946920406372
RISE_2022,RISE,2022,743.2432250976562,672.2973022460938,-0.0954545167125348,-0.0954545167125348,-0.012286385915075682
RISE_2023,RISE,2023,672.2973022460938,692.5675659179688,0.0301507437322053,0.0301507437322053,0.0038808396488563238
RISE_2024,RISE,2024,692.5675659179688,6097.97314453125,7.804878317465888,7.769128966998332,1.0
RMKE_2024,RMKE,2024,488.7408142089844,5855.01953125,10.979804757509791,7.769128966998332,1.0
ROCK_2023,ROCK,2023,380.0,278.0,-0.2684210526315789,-0.2684210526315789,-0.03454969711170667
ROCK_2024,ROCK,2024,278.0,1490.0,4.359712230215828,4.359712230215828,0.5611584321402041
RODA_2021,RODA,2021,88.0,57.0,-0.3522727272727273,-0.3522727272727273,-0.04534262833956157
RODA_2022,RODA,2022,57.0,50.0,-0.1228070175438596,-0.1228070175438596,-0.015807050966140303
RODA_2023,RODA,2023,50.0,39.0,-0.22,-0.22,-0.028317202730771353
RODA_2024,RODA,2024,39.0,50.0,0.282051282051282,0.282051282051282,0.03630410606509147
RONY_2022,RONY,2022,800.0,306.0,-0.6175,-0.6175,-0.07948123948296051
RONY_2023,RONY,2023,306.0,1815.0,4.931372549019608,4.931372549019608,0.6347394373252224
RONY_2024,RONY,2024,1815.0,3720.0,1.0495867768595042,1.0495867768595042,0.13509709792667024
ROTI_2021,ROTI,2021,929.60107421875,944.2091064453124,0.0157143022224229,0.0157143022224229,0.0020226594627498185
ROTI_2022,ROTI,2022,944.2091064453124,880.7116088867188,-0.0672494017746178,-0.0672494017746178,-0.008655977016249759
ROTI_2023,ROTI,2023,880.7116088867188,800.8892211914062,-0.0906339679071717,-0.0906339679071717,-0.011665911106916388
ROTI_2024,ROTI,2024,800.8892211914062,711.451416015625,-0.1116731288288949,-0.1116731288288949,-0.014373957402851653
RSGK_2024,RSGK,2024,1000.0,980.0,-0.02,-0.02,-0.0025742911573428504
RUIS_2021,RUIS,2021,198.1781005859375,219.9378204345703,0.1097988111920417,0.1097988111920417,0.014132705436921507
RUIS_2022,RUIS,2022,219.9378204345703,194.0,-0.1179325155779044,-0.1179325155779044,-0.015179631600769863
RUIS_2023,RUIS,2023,194.0,167.0,-0.1391752577319587,-0.1391752577319587,-0.017913881765014673
RUIS_2024,RUIS,2024,167.0,228.0,0.3652694610778443,0.3652694610778443,0.047015497185004154
RUNS_2024,RUNS,2024,47.0,89.0,0.8936170212765957,0.8936170212765957,0.1150215197961699
SAFE_2021,SAFE,2021,220.0,222.0,0.009090909090909,0.009090909090909,0.0011701323442467385
SAFE_2022,SAFE,2022,222.0,350.0,0.5765765765765766,0.5765765765765766,0.07421379913060469
SAFE_2023,SAFE,2023,350.0,198.0,-0.4342857142857143,-0.4342857142857143,-0.05589889370230189
SAFE_2024,SAFE,2024,198.0,400.0,1.02020202020202,1.02020202020202,0.1313148519654686
SAME_2021,SAME,2021,370.0,300.0,-0.1891891891891892,-0.1891891891891892,-0.024351402839729665
SAME_2022,SAME,2022,300.0,314.0,0.0466666666666666,0.0466666666666666,0.006006679367133309
SAME_2023,SAME,2023,314.0,264.0,-0.1592356687898089,-0.1592356687898089,-0.020495948704958997
SAME_2024,SAME,2024,264.0,362.0,0.3712121212121212,0.3712121212121212,0.0477804040567423
SAMF_2022,SAMF,2022,201.6381072998047,332.8433837890625,0.6506968263403498,0.6506968263403498,0.08375415430795093
SAMF_2023,SAMF,2023,332.8433837890625,366.7019653320313,0.1017252653711345,0.1017252653711345,0.01309352255616332
SAMF_2024,SAMF,2024,366.7019653320313,308.0,-0.1600808582492308,-0.1600808582492308,-0.020604736892542455
SAPX_2021,SAPX,2021,1255.0,740.0,-0.4103585657370518,-0.4103585657370518,-0.05281912135583936
SAPX_2022,SAPX,2022,740.0,1190.0,0.6081081081081081,0.6081081081081081,0.07827236627055964
SAPX_2023,SAPX,2023,1190.0,1490.0,0.2521008403361344,0.2521008403361344,0.032449048201800626
SAPX_2024,SAPX,2024,1490.0,304.0,-0.7959731543624161,-0.7959731543624161,-0.10245333263787317
SATU_2021,SATU,2021,104.0,69.0,-0.3365384615384615,-0.3365384615384615,-0.04331739928221142
SATU_2022,SATU,2022,69.0,100.0,0.4492753623188406,0.4492753623188406,0.05782827962146982
SATU_2023,SATU,2023,100.0,242.0,1.42,1.42,0.18277467217134236
SATU_2024,SATU,2024,242.0,262.0,0.0826446280991735,0.0826446280991735,0.01063756676587954
SBAT_2022,SBAT,2022,50.0,9.0,-0.82,-0.82,-0.10554593745105685
SBMA_2024,SBMA,2024,118.03252410888672,131.0,0.1098635820000815,0.1098635820000815,0.014141042382841048
SCCO_2021,SCCO,2021,9094.04296875,7601.89892578125,-0.1640792822396185,-0.1640792822396185,-0.021119392268630587
SCCO_2022,SCCO,2022,7601.89892578125,7236.24462890625,-0.0481003891849853,-0.0481003891849853,-0.006191220327182866
SCCO_2023,SCCO,2023,7236.24462890625,1987.6773681640625,-0.7253164493328499,-0.7253164493328499,-0.09335878608964344
SCCO_2024,SCCO,2024,1987.6773681640625,2202.95361328125,0.1083054265069333,0.1083054265069333,0.013940485087452216
SCMA_2021,SCMA,2021,241.49575805664065,154.47630310058594,-0.3603353353131986,-0.3603353353131986,-0.0463804033687469
SCMA_2022,SCMA,2022,154.47630310058594,132.74156188964844,-0.1406995168494232,-0.1406995168494232,-0.018110076103394074
SCMA_2023,SCMA,2023,132.74156188964844,140.56869506835938,0.0589652032663126,0.0589652032663126,0.007589680067969614
SCMA_2024,SCMA,2024,140.56869506835938,319.2221984863281,1.27093378316622,1.27093378316622,0.16358767997865478
SCNP_2023,SCNP,2023,209.6940155029297,155.3605499267578,-0.2591083271778577,-0.2591083271778577,-0.033351013772392864
SCNP_2024,SCNP,2024,155.3605499267578,155.46835327148438,0.0006938913693172,0.0006938913693172,8.931392080948949e-05
SCPI_2021,SCPI,2021,-5193.81640625,9413.791015625,-2.8124997649699126,-0.86,-0.11069451976574256
SCPI_2022,SCPI,2022,9413.791015625,29000.0,2.0805867638091637,2.0805867638091637,0.26780180540792536
SCPI_2023,SCPI,2023,29000.0,29000.0,0.0,0.0,0.0
SCPI_2024,SCPI,2024,29000.0,29000.0,0.0,0.0,0.0
SDMU_2021,SDMU,2021,68.0,70.0,0.0294117647058823,0.0294117647058823,0.0037857222902100674
SDMU_2022,SDMU,2022,70.0,50.0,-0.2857142857142857,-0.2857142857142857,-0.036775587962040716
SDMU_2023,SDMU,2023,50.0,26.0,-0.48,-0.48,-0.061782987776228405
SDMU_2024,SDMU,2024,26.0,103.0,2.9615384615384617,2.9615384615384617,0.38119311368346054
SDPC_2021,SDPC,2021,128.4434814453125,315.9466857910156,1.459810978617366,1.459810978617366,0.1878989246823349
SDPC_2022,SDPC,2022,315.9466857910156,152.60435485839844,-0.5169933355169318,-0.5169933355169318,-0.06654456860132114
SDPC_2023,SDPC,2023,152.60435485839844,129.9534912109375,-0.1484286845449376,-0.1484286845449376,-0.019104932506003213
SDPC_2024,SDPC,2024,129.9534912109375,155.0,0.1927344048680276,0.1927344048680276,0.02480772370837501
SEMA_2024,SEMA,2024,84.0,125.0,0.4880952380952381,0.4880952380952381,0.06282496276848623
SGER_2023,SGER,2023,504.6895751953125,372.2329406738281,-0.2624516951241251,-0.2624516951241251,-0.033781353899383845
SGER_2024,SGER,2024,372.2329406738281,418.0,0.1229527382593353,0.1229527382593353,0.01582580734360484
SGRO_2021,SGRO,2021,1429.3314208984375,1596.67529296875,0.1170784253557686,0.1170784253557686,0.015069697755449002
SGRO_2022,SGRO,2022,1596.67529296875,1678.640380859375,0.0513348507687024,0.0513348507687024,0.006607542619869271
SGRO_2023,SGRO,2023,1678.640380859375,1896.482666015625,0.129773051834203,0.129773051834203,0.01670368098990921
SGRO_2024,SGRO,2024,1896.482666015625,7575.0,2.994236349080129,2.994236349080129,0.3854018078215758
SHID_2021,SHID,2021,780.0,2300.0,1.948717948717949,1.948717948717949,0.2508283691769957
SHID_2022,SHID,2022,2300.0,650.0,-0.717391304347826,-0.717391304347826,-0.0923387045568631
SHID_2023,SHID,2023,650.0,935.0,0.4384615384615384,0.4384615384615384,0.05643638306482402
SHID_2024,SHID,2024,935.0,900.0,-0.0374331550802139,-0.0374331550802139,-0.004818192005721912
SHIP_2021,SHIP,2021,888.8158569335938,808.3758544921875,-0.090502438512881,-0.090502438512881,-0.011648981359083729
SHIP_2022,SHIP,2022,808.3758544921875,973.25244140625,0.2039603063325488,0.2039603063325488,0.026252660652040967
SHIP_2023,SHIP,2023,973.25244140625,961.5589599609376,-0.0120148493318101,-0.0120148493318101,-0.0015464860195842697
SHIP_2024,SHIP,2024,961.5589599609376,4755.85546875,3.9459842472303546,3.9459842472303546,0.5079056177329643
SICO_2024,SICO,2024,96.1267318725586,122.0923080444336,0.2701181624097992,0.2701181624097992,0.0347681398464623
SIDO_2021,SIDO,2021,666.2626953125,606.9247436523438,-0.0890608945655057,-0.0890608945655057,-0.011463433667251261
SIDO_2022,SIDO,2022,606.9247436523438,445.0574645996094,-0.2667007413120967,-0.2667007413120967,-0.034328268000825675
SIDO_2023,SIDO,2023,445.0574645996094,529.1024169921875,0.1888406758174209,0.1888406758174209,0.02430654409517172
SIDO_2024,SIDO,2024,529.1024169921875,524.2718505859375,-0.0091297379318555,-0.0091297379318555,-0.0011751301813416608
SILO_2021,SILO,2021,1033.4619140625,1236.3419189453125,0.1963110610291373,0.1963110610291373,0.02526809142479504
SILO_2022,SILO,2022,1236.3419189453125,2162.90185546875,0.7494366423439391,0.7494366423439391,0.09646340606873595
SILO_2023,SILO,2023,2162.90185546875,3240.0,0.4979875262522341,0.4979875262522341,0.06409824426490833
SILO_2024,SILO,2024,3240.0,2740.0,-0.1543209876543209,-0.1543209876543209,-0.019863357695546674
SIMP_2021,SIMP,2021,399.6829223632813,373.1923828125,-0.0662788877596911,-0.0662788877596911,-0.008531057733914603
SIMP_2022,SIMP,2022,373.1923828125,351.4912414550781,-0.0581500115138336,-0.0581500115138336,-0.007484753021972339
SIMP_2023,SIMP,2023,351.4912414550781,363.1764831542969,0.0332447592459061,0.0332447592459061,0.0042790844877364015
SIMP_2024,SIMP,2024,363.1764831542969,570.0,0.5694848825270258,0.5694848825270258,0.07330099486648772
SINI_2022,SINI,2022,1105.0,875.0,-0.2081447963800905,-0.2081447963800905,-0.026791265438409755
SINI_2023,SINI,2023,875.0,5000.0,4.714285714285714,4.714285714285714,0.6067972013736719
SINI_2024,SINI,2024,5000.0,14500.0,1.9,1.9,0.24455765994757075
SIPD_2021,SIPD,2021,2000.0,1425.0,-0.2875,-0.2875,-0.03700543538680347
SIPD_2022,SIPD,2022,1425.0,1350.0,-0.0526315789473684,-0.0526315789473684,-0.0067744504140601295
SIPD_2023,SIPD,2023,1350.0,825.0,-0.3888888888888889,-0.3888888888888889,-0.050055661392777645
SIPD_2024,SIPD,2024,825.0,1125.0,0.3636363636363636,0.3636363636363636,0.04680529376987
SKBM_2021,SKBM,2021,345.3419189453125,365.9978942871094,0.0598131133483042,0.0598131133483042,0.007698818439284255
SKBM_2022,SKBM,2022,365.9978942871094,314.0,-0.1420715668006529,-0.1420715668006529,-0.018286678906238238
SKBM_2023,SKBM,2023,314.0,454.0,0.445859872611465,0.445859872611465,0.0573886563738852
SKBM_2024,SKBM,2024,454.0,605.0,0.3325991189427312,0.3325991189427312,0.04281034854171479
SKLT_2021,SKLT,2021,207.29608154296875,171.10191345214844,-0.1746013133553511,-0.1746013133553511,-0.02247373085155642
SKLT_2022,SKLT,2022,171.10191345214844,250.04635620117188,0.4613884272609353,0.4613884272609353,0.059387407419907536
SKLT_2023,SKLT,2023,250.04635620117188,183.5092010498047,-0.2660992791985959,-0.2660992791985959,-0.034250851070812584
SKLT_2024,SKLT,2024,183.5092010498047,241.07142639160156,0.3136748730445096,0.3136748730445096,0.04037452259795611
SKRN_2021,SKRN,2021,132.97366333007812,335.6186218261719,1.523948076793762,1.523948076793762,0.19615430291699124
SKRN_2022,SKRN,2022,335.6186218261719,383.0859375,0.1414323061561615,0.1414323061561615,0.01820439675502067
SKRN_2023,SKRN,2023,383.0859375,290.95526123046875,-0.2404961060976853,-0.2404961060976853,-0.03095534996513296
SKRN_2024,SKRN,2024,290.95526123046875,521.642822265625,0.7928626554459388,0.7928626554459388,0.10205296614509257
SLIS_2022,SLIS,2022,251.2544403076172,75.0,-0.7014978127026309,-0.7014978127026309,-0.09029298080678669
SLIS_2023,SLIS,2023,75.0,50.0,-0.3333333333333333,-0.3333333333333333,-0.042904852622380835
SLIS_2024,SLIS,2024,50.0,93.0,0.86,0.86,0.11069451976574256
SMAR_2021,SMAR,2021,3369.225830078125,4075.46826171875,0.2096156408798067,0.2096156408798067,0.026980584537882043
SMAR_2022,SMAR,2022,4075.46826171875,3548.228759765625,-0.1293690609507463,-0.1293690609507463,-0.01665168148196272
SMAR_2023,SMAR,2023,3548.228759765625,3406.258544921875,-0.0400115732259404,-0.0400115732259404,-0.005150071957345716
SMAR_2024,SMAR,2024,3406.258544921875,4490.62890625,0.3183464634370541,0.3183464634370541,0.040975824289868866
SMBR_2021,SMBR,2021,590.9255981445312,367.89886474609375,-0.377419313190573,-0.377419313190573,-0.04857936002784519
SMBR_2022,SMBR,2022,367.89886474609375,266.3684387207031,-0.2759737410319602,-0.2759737410319602,-0.035521838059870046
SMBR_2023,SMBR,2023,266.3684387207031,197.6844024658203,-0.2578535076631225,-0.2578535076631225,-0.033189500233350655
SMBR_2024,SMBR,2024,197.6844024658203,282.1695251464844,0.4273737413110858,0.4273737413110858,0.05500922215688295
SMCB_2021,SMCB,2021,1437.5670166015625,1229.596435546875,-0.1446684423424893,-0.1446684423424893,-0.018620934593441708
SMCB_2022,SMCB,2022,1229.596435546875,1185.5440673828125,-0.0358266882454565,-0.0358266882454565,-0.004611416337357885
SMCB_2023,SMCB,2023,1185.5440673828125,676.5709838867188,-0.4293160393604721,-0.4293160393604721,-0.05525922419155592
SMCB_2024,SMCB,2024,676.5709838867188,738.4819946289062,0.0915070439268993,0.0915070439268993,0.011778288700780033
SMDM_2021,SMDM,2021,196.0,181.0,-0.0765306122448979,-0.0765306122448979,-0.009850603918403757
SMDM_2022,SMDM,2022,181.0,194.0,0.0718232044198895,0.0718232044198895,0.009244692001507473
SMDM_2023,SMDM,2023,194.0,525.0,1.7061855670103092,1.7061855670103092,0.2196109208970318
SMDM_2024,SMDM,2024,525.0,830.0,0.580952380952381,0.580952380952381,0.07477702885614947
SMDR_2021,SMDR,2021,162.03497314453125,326.98919677734375,1.018016175345537,1.018016175345537,0.13103350191120022
SMDR_2023,SMDR,2023,296.5929260253906,258.3946228027344,-0.1287903381059944,-0.1287903381059944,-0.01657719142687287
SMGR_2021,SMGR,2021,6282.5107421875,5865.1328125,-0.0664348931207993,-0.0664348931207993,-0.00855113789499455
SMGR_2022,SMGR,2022,5865.1328125,5958.7763671875,0.0159661439358923,0.0159661439358923,0.002055075157551536
SMGR_2023,SMGR,2023,5958.7763671875,3127.500244140625,-0.4751438799813891,-0.4751438799813891,-0.06115793443508312
SMGR_2024,SMGR,2024,3127.500244140625,2599.241943359375,-0.1689075170404678,-0.1689075170404678,-0.021740856376300653
SMKL_2022,SMKL,2022,238.47879028320312,191.6686553955078,-0.1962863650562232,-0.1962863650562232,-0.025264912693560303
SMKL_2023,SMKL,2023,191.6686553955078,162.06234741210938,-0.1544660910898858,-0.1544660910898858,-0.019882034620100412
SMKL_2024,SMKL,2024,162.06234741210938,170.0454559326172,0.0492594896222718,0.0492594896222718,0.00634041342749181
SMKM_2024,SMKM,2024,66.0,167.0,1.5303030303030305,1.5303030303030305,0.19697227794820296
SMMT_2021,SMMT,2021,166.42811584472656,587.5242309570312,2.53019817580088,2.53019817580088,0.3256733395144608
SMMT_2022,SMMT,2022,587.5242309570312,930.0,0.5829134374340653,0.5829134374340653,0.07502944537414195
SMMT_2023,SMMT,2023,930.0,730.0,-0.2150537634408602,-0.2150537634408602,-0.027680550078955375
SMMT_2024,SMMT,2024,730.0,1400.0,0.9178082191780822,0.9178082191780822,0.11813527913833628
SMRA_2021,SMRA,2021,783.4644775390625,573.9788818359375,-0.267383655173671,-0.267383655173671,-0.034416168956579556
SMRA_2022,SMRA,2022,573.9788818359375,551.2767333984375,-0.0395522364252924,-0.0395522364252924,-0.005090948624138201
SMRA_2023,SMRA,2023,551.2767333984375,478.3947448730469,-0.132205812634423,-0.132205812634423,-0.01701681272070604
SMRA_2024,SMRA,2024,478.3947448730469,382.0,-0.201496245320645,-0.201496245320645,-0.025935500128336106
SMRU_2021,SMRU,2021,50.0,50.0,0.0,0.0,0.0
SMRU_2022,SMRU,2022,50.0,50.0,0.0,0.0,0.0
SMRU_2023,SMRU,2023,50.0,50.0,0.0,0.0,0.0
SMRU_2024,SMRU,2024,50.0,50.0,0.0,0.0,0.0
SMSM_2021,SMSM,2021,1030.766357421875,1236.6239013671875,0.1997130993489134,0.1997130993489134,0.025705983282972095
SMSM_2022,SMSM,2022,1236.6239013671875,1700.766357421875,0.3753303292468636,0.3753303292468636,0.04831047738313908
SMSM_2023,SMSM,2023,1700.766357421875,1741.264892578125,0.0238119333555257,0.0238119333555257,0.0030649424738183537
SMSM_2024,SMSM,2024,1741.264892578125,1721.2261962890625,-0.0115081262905341,-0.0115081262905341,-0.0014812633873653356
SNLK_2023,SNLK,2023,515.0,700.0,0.3592233009708738,0.3592233009708738,0.04623726836004149
SNLK_2024,SNLK,2024,700.0,372.0,-0.4685714285714286,-0.4685714285714286,-0.06031196425774678
SOCI_2021,SOCI,2021,193.69412231445312,178.87059020996094,-0.0765306243027183,-0.0765306243027183,-0.009850605470420777
SOCI_2022,SOCI,2022,178.87059020996094,180.84706115722656,0.0110497256421282,0.0110497256421282,0.0014222605505797587
SOCI_2023,SOCI,2023,180.84706115722656,165.03529357910156,-0.0874317087429936,-0.0874317087429936,-0.0112537337344232
SOCI_2024,SOCI,2024,165.03529357910156,498.0,2.0175363657065764,2.0175363657065764,0.2596863012928035
SOFA_2023,SOFA,2023,17.0,46.0,1.7058823529411764,1.7058823529411764,0.21957189283218428
SOFA_2024,SOFA,2024,46.0,372.0,7.086956521739131,7.086956521739131,0.9121944753193144
SOHO_2023,SOHO,2023,463.3815002441406,599.0662841796875,0.2928144172006413,0.2928144172006413,0.03768947824710555
SOHO_2024,SOHO,2024,599.0662841796875,1339.869140625,1.236595809192813,1.236595809192813,0.15916788284061426
SONA_2021,SONA,2021,2737.5,2200.0,-0.1963470319634703,-0.1963470319634703,-0.02527272140770378
SONA_2022,SONA,2022,2200.0,1020.0,-0.5363636363636364,-0.5363636363636364,-0.06903780831055827
SONA_2023,SONA,2023,1020.0,4190.0,3.107843137254902,3.107843137254902,0.40002465533219783
SONA_2024,SONA,2024,4190.0,2130.0,-0.4916467780429594,-0.4916467780429594,-0.06328209766260467
SOSS_2021,SOSS,2021,369.4908752441406,468.6700134277344,0.2684210756708437,0.2684210756708437,0.034549700077195454
SOSS_2022,SOSS,2022,468.6700134277344,472.5593872070313,0.0082987468108978,0.0082987468108978,0.0010681695266160692
SOSS_2023,SOSS,2023,472.5593872070313,491.7747802734375,0.0406623878111384,0.0406623878111384,0.005233841268932964
SOSS_2024,SOSS,2024,491.7747802734375,1080.0,1.1961272584972666,1.1961272584972666,0.15395899123031295
SOTS_2021,SOTS,2021,272.0,314.0,0.1544117647058823,0.1544117647058823,0.019875042023602883
SOTS_2022,SOTS,2022,314.0,340.0,0.0828025477707006,0.0828025477707006,0.010657893326578675
SOTS_2023,SOTS,2023,340.0,306.0,-0.1,-0.1,-0.012871455786714251
SOTS_2024,SOTS,2024,306.0,1295.0,3.2320261437908497,3.2320261437908497,0.4160088161130848
SPMA_2021,SPMA,2021,456.6598510742187,365.6410217285156,-0.1993142798334383,-0.1993142798334383,-0.02565464940536893
SPMA_2022,SPMA,2022,365.6410217285156,256.5384826660156,-0.2983870314844143,-0.2983870314844143,-0.03840675483080552
SPMA_2023,SPMA,2023,256.5384826660156,227.6923065185547,-0.1124438557821183,-0.1124438557821183,-0.014473161181872094
SPMA_2024,SPMA,2024,227.6923065185547,240.0,0.0540540594876988,0.0540540594876988,0.006957544367883371
SPTO_2022,SPTO,2022,380.55718994140625,427.56402587890625,0.1235210821919763,0.1235210821919763,0.015898961481611202
SPTO_2023,SPTO,2023,427.56402587890625,550.8096923828125,0.2882507859508545,0.2882507859508545,0.037102072468520576
SPTO_2024,SPTO,2024,550.8096923828125,610.0877075195312,0.1076197749539972,0.1076197749539972,0.013852231750965128
SQMI_2021,SQMI,2021,59.0,68.0,0.1525423728813559,0.1525423728813559,0.019634424081428514
SQMI_2022,SQMI,2022,68.0,55.0,-0.1911764705882352,-0.1911764705882352,-0.02460719488636547
SQMI_2023,SQMI,2023,55.0,29.0,-0.4727272727272727,-0.4727272727272727,-0.060846881900831006
SRAJ_2021,SRAJ,2021,310.0,655.0,1.1129032258064515,1.1129032258064515,0.14324684665859408
SRAJ_2022,SRAJ,2022,655.0,300.0,-0.5419847328244275,-0.5419847328244275,-0.06976132525623754
SRAJ_2023,SRAJ,2023,300.0,2360.0,6.866666666666666,6.866666666666666,0.8838399640210453
SRAJ_2024,SRAJ,2024,2360.0,16500.0,5.991525423728813,5.991525423728813,0.7711965458649979
SRIL_2021,SRIL,2021,146.0,146.0,0.0,0.0,0.0
SRIL_2022,SRIL,2022,146.0,146.0,0.0,0.0,0.0
SRIL_2023,SRIL,2023,146.0,146.0,0.0,0.0,0.0
SRSN_2021,SRSN,2021,51.786277770996094,48.96156692504883,-0.0545455469581808,-0.0545455469581808,-0.007020805960343702
SRSN_2022,SRSN,2022,48.96156692504883,64.3468017578125,0.3142308508286845,0.3142308508286845,0.04044608503263014
SRSN_2023,SRSN,2023,64.3468017578125,49.0,-0.2385013914999933,-0.2385013914999933,-0.0306986011576199
SRSN_2024,SRSN,2024,49.0,61.0,0.2448979591836734,0.2448979591836734,0.03152193253889204
SSIA_2021,SSIA,2021,474.2165832519531,268.4614562988281,-0.4338842929999487,-0.4338842929999487,-0.05584722493898611
SSIA_2022,SSIA,2022,268.4614562988281,425.2272644042969,0.5839415842659014,0.5839415842659014,0.07516178283902424
SSIA_2023,SSIA,2023,425.2272644042969,1332.149658203125,2.13279455415292,2.13279455415292,0.2745217080592425
SSIA_2024,SSIA,2024,1332.149658203125,1680.0,0.2611195669006695,0.2611195669006695,0.033609889604079415
SSMS_2021,SSMS,2021,748.3832397460938,1286.25537109375,0.7187121554594699,0.7187121554594699,0.09250871732370666
SSMS_2022,SSMS,2022,1286.25537109375,955.1157836914062,-0.2574446683326684,-0.2574446683326684,-0.03313687665969255
SSMS_2023,SSMS,2023,955.1157836914062,1188.182373046875,0.2440191999075701,0.2440191999075701,0.031408823427196746
SSMS_2024,SSMS,2024,1188.182373046875,1444.8428955078125,0.2160110503935341,0.2160110503935341,0.027803766845820782
SSTM_2021,SSTM,2021,810.0,790.0,-0.0246913580246913,-0.0246913580246913,-0.003178137231287462
SSTM_2023,SSTM,2023,498.0,258.0,-0.4819277108433735,-0.4819277108433735,-0.06203111222512892
SSTM_2024,SSTM,2024,258.0,2500.0,8.689922480620154,7.769128966998332,1.0
STAA_2024,STAA,2024,707.0659790039062,1232.83154296875,0.7435876984288323,0.7435876984288323,0.09571056183871325
STTP_2021,STTP,2021,7550.0,7650.0,0.0132450331125827,0.0132450331125827,0.0017048285810217446
STTP_2022,STTP,2022,7650.0,9375.0,0.2254901960784313,0.2254901960784313,0.029023870891610556
STTP_2023,STTP,2023,9375.0,13625.0,0.4533333333333333,0.4533333333333333,0.058350599566437934
STTP_2024,STTP,2024,13625.0,9825.0,-0.2788990825688073,-0.2788990825688073,-0.03589837210239571
SULI_2021,SULI,2021,50.0,159.0,2.18,2.18,0.2805977361503707
SULI_2022,SULI,2022,159.0,140.0,-0.1194968553459119,-0.1194968553459119,-0.015380984902362935
SULI_2023,SULI,2023,140.0,82.0,-0.4142857142857143,-0.4142857142857143,-0.05332460254495905
SULI_2024,SULI,2024,82.0,135.0,0.6463414634146342,0.6463414634146342,0.0831935556946165
SUPR_2021,SUPR,2021,15475.0,34000.0,1.197092084006462,1.197092084006462,0.154083178319148
SUPR_2022,SUPR,2022,34000.0,39900.0,0.1735294117647058,0.1735294117647058,0.022335761512239424
SUPR_2023,SUPR,2023,39900.0,43875.0,0.0996240601503759,0.0996240601503759,0.012823066855185247
SUPR_2024,SUPR,2024,43875.0,43850.0,-0.0005698005698005,-0.0005698005698005,-7.334162841431725e-05
SURE_2021,SURE,2021,1990.0,1720.0,-0.135678391959799,-0.135678391959799,-0.017463784233230393
SURE_2022,SURE,2022,1720.0,1100.0,-0.3604651162790697,-0.3604651162790697,-0.04639710806838857
SURE_2023,SURE,2023,1100.0,2390.0,1.1727272727272726,1.1727272727272726,0.15094707240783076
SURE_2024,SURE,2024,2390.0,2670.0,0.1171548117154811,0.1171548117154811,0.015079529791966478
SWAT_2022,SWAT,2022,50.0,50.0,0.0,0.0,0.0
SWAT_2023,SWAT,2023,50.0,25.0,-0.5,-0.5,-0.06435727893357125
TALF_2021,TALF,2021,283.0946960449219,286.8946228027344,0.0134228115570541,0.0134228115570541,0.0017277112549001893
TALF_2022,TALF,2022,286.8946228027344,272.37481689453125,-0.0506102406742798,-0.0506102406742798,-0.006514274751939597
TALF_2023,TALF,2023,272.37481689453125,308.83782958984375,0.1338707194411136,0.1338707194411136,0.017231110464219216
TALF_2024,TALF,2024,308.83782958984375,555.0,0.7970596436876766,0.7970596436876766,0.10259317963100144
TAMA_2023,TAMA,2023,16.0,14.0,-0.125,-0.125,-0.016089319733392813
TAMA_2024,TAMA,2024,14.0,52.0,2.7142857142857144,2.7142857142857144,0.3493680856393868
TAMU_2021,TAMU,2021,50.0,50.0,0.0,0.0,0.0
TAMU_2022,TAMU,2022,50.0,9.0,-0.82,-0.82,-0.10554593745105685
TAMU_2023,TAMU,2023,9.0,15.0,0.6666666666666666,0.6666666666666666,0.08580970524476167
TAMU_2024,TAMU,2024,15.0,35.0,1.3333333333333333,1.3333333333333333,0.17161941048952334
TAPG_2023,TAPG,2023,351.8564147949219,626.0718994140625,0.7793391653210757,0.7793391653210757,0.10031229609285015
TAPG_2024,TAPG,2024,626.0718994140625,1406.5068359375,1.246558002769079,1.246558002769079,0.16045016218217023
TARA_2021,TARA,2021,50.0,50.0,0.0,0.0,0.0
TARA_2022,TARA,2022,50.0,7.0,-0.86,-0.86,-0.11069451976574256
TARA_2023,TARA,2023,7.0,12.0,0.7142857142857143,0.7142857142857143,0.0919389699051018
TARA_2024,TARA,2024,12.0,32.0,1.6666666666666667,1.6666666666666667,0.2145242631119042
TAXI_2021,TAXI,2021,50.0,50.0,0.0,0.0,0.0
TAXI_2022,TAXI,2022,50.0,50.0,0.0,0.0,0.0
TAXI_2023,TAXI,2023,50.0,7.0,-0.86,-0.86,-0.11069451976574256
TAXI_2024,TAXI,2024,7.0,20.0,1.8571428571428572,1.8571428571428572,0.23904132175326467
TAYS_2024,TAYS,2024,50.0,77.0,0.54,0.54,0.06950586124825696
TBIG_2021,TBIG,2021,2629.954345703125,2077.1796875,-0.2101841270006302,-0.2101841270006302,-0.027053756977577444
TBIG_2022,TBIG,2022,2077.1796875,1941.8953857421875,-0.0651288391523964,-0.0651288391523964,-0.008383029735900943
TBIG_2023,TBIG,2023,1941.8953857421875,2008.2183837890625,0.0341537440862328,0.0341537440862328,0.004396084069566988
TBIG_2024,TBIG,2024,2008.2183837890625,2591.60693359375,0.2905005523871177,0.2905005523871177,0.037391650160668526
TBLA_2021,TBLA,2021,592.0554809570312,584.3224487304688,-0.0130613303571861,-0.0130613303571861,-0.0016811833620818954
TBLA_2022,TBLA,2022,584.3224487304688,610.5562744140625,0.04489614551108,0.04489614551108,0.005778787519397558
TBLA_2023,TBLA,2023,610.5562744140625,604.8206787109375,-0.0093940492358862,-0.0093940492358862,-0.0012091508939792602
TBLA_2024,TBLA,2024,604.8206787109375,680.0,0.1243001834019518,0.1243001834019518,0.015999243149386954
TBMS_2021,TBMS,2021,728.869140625,698.0602416992188,-0.0422694516869829,-0.0422694516869829,-0.005440693785176545
TBMS_2022,TBMS,2022,698.0602416992188,1191.418701171875,0.7067562797613609,0.7067562797613609,0.09096982206931005
TBMS_2023,TBMS,2023,1191.418701171875,878.3162231445312,-0.262798021987885,-0.262798021987885,-0.03382593120853021
TBMS_2024,TBMS,2024,878.3162231445312,1360.0,0.5484172603927928,0.5484172603927928,0.0705892851981679
TCID_2021,TCID,2021,2542.001220703125,2993.384765625,0.1775701526992268,0.1775701526992268,0.02285586369508196
TCID_2022,TCID,2022,2993.384765625,2632.79541015625,-0.1204620801206827,-0.1204620801206827,-0.01550522338248997
TCID_2023,TCID,2023,2632.79541015625,2170.0,-0.1757810000621295,-0.1757810000621295,-0.022625573704441147
TCID_2024,TCID,2024,2170.0,3000.0,0.3824884792626728,0.3824884792626728,0.04923183549757064
TCPI_2021,TCPI,2021,10014.46875,7924.7919921875,-0.2086657625061239,-0.2086657625061239,-0.026858321362985903
TCPI_2022,TCPI,2022,7924.7919921875,7359.02734375,-0.0713917348234815,-0.0713917348234815,-0.009189155583172704
TCPI_2023,TCPI,2023,7359.02734375,6643.95458984375,-0.0971694655426928,-0.0971694655426928,-0.012507124795514244
TCPI_2024,TCPI,2024,6643.95458984375,9100.0,0.3696661945749407,0.3696661945749407,0.04758142079314257
TDPM_2021,TDPM,2021,119.0,119.0,0.0,0.0,0.0
TDPM_2022,TDPM,2022,119.0,119.0,0.0,0.0,0.0
TEBE_2022,TEBE,2022,557.097900390625,609.18212890625,0.0934920567446128,0.0934920567446128,0.012033788747972637
TEBE_2023,TEBE,2023,609.18212890625,562.6996459960938,-0.076303096733341,-0.076303096733341,-0.009821319359925793
TEBE_2024,TEBE,2024,562.6996459960938,2349.833740234375,3.176000032974408,3.176000032974408,0.40879744003033097
TECH_2022,TECH,2022,4000.0,50.0,-0.9875,-0.86,-0.11069451976574256
TELE_2021,TELE,2021,121.0,50.0,-0.5867768595041323,-0.5867768595041323,-0.07552672403774478
TELE_2022,TELE,2022,50.0,50.0,0.0,0.0,0.0
TELE_2023,TELE,2023,50.0,9.0,-0.82,-0.82,-0.10554593745105685
TELE_2024,TELE,2024,9.0,9.0,0.0,0.0,0.0
TFAS_2022,TFAS,2022,4980.0,680.0,-0.8634538152610441,-0.86,-0.11069451976574256
TFAS_2024,TFAS,2024,106.0,290.0,1.7358490566037736,1.7358490566037736,0.22342904384485116
TFCO_2021,TFCO,2021,710.0,650.0,-0.0845070422535211,-0.0845070422535211,-0.010877286580321898
TFCO_2022,TFCO,2022,650.0,670.0,0.0307692307692307,0.0307692307692307,0.003960447934373607
TFCO_2023,TFCO,2023,670.0,635.0,-0.0522388059701492,-0.0522388059701492,-0.0067238948139551995
TGKA_2021,TGKA,2021,5510.62939453125,5795.33203125,0.0516642685137361,0.0516642685137361,0.006649943479274874
TGKA_2022,TGKA,2022,5795.33203125,5540.099609375,-0.0440410351811971,-0.0440410351811971,-0.005668722371359053
TGKA_2023,TGKA,2023,5540.099609375,5391.3330078125,-0.0268526943650536,-0.0268526943650536,-0.003456332682739383
TGKA_2024,TGKA,2024,5391.3330078125,4658.419921875,-0.1359428335952252,-0.1359428335952252,-0.017497821721415938
TGRA_2021,TGRA,2021,90.0,55.0,-0.3888888888888889,-0.3888888888888889,-0.050055661392777645
TGRA_2022,TGRA,2022,55.0,50.0,-0.0909090909090909,-0.0909090909090909,-0.0117013234424675
TGRA_2023,TGRA,2023,50.0,31.0,-0.38,-0.38,-0.04891153198951416
TGRA_2024,TGRA,2024,31.0,27.0,-0.1290322580645161,-0.1290322580645161,-0.016608330047373224
TINS_2021,TINS,2021,1270.1163330078125,1053.834228515625,-0.1702852714128959,-0.1702852714128959,-0.02191819342119726
TINS_2022,TINS,2022,1053.834228515625,607.8001098632812,-0.4232488436825626,-0.4232488436825626,-0.05447828778238036
TINS_2023,TINS,2023,607.8001098632812,1008.28857421875,0.6589147613769842,0.6589147613769842,0.08481192218277224
TINS_2024,TINS,2024,1008.28857421875,3110.0,2.0844344362522547,2.0844344362522547,0.2682970568652554
TIRA_2021,TIRA,2021,442.0,398.0,-0.0995475113122171,-0.0995475113122171,-0.012813213905326392
TIRA_2022,TIRA,2022,398.0,368.0,-0.0753768844221105,-0.0753768844221105,-0.009702102351794657
TIRA_2023,TIRA,2023,368.0,420.0,0.1413043478260869,0.1413043478260869,0.018187926655139696
TIRA_2024,TIRA,2024,420.0,1335.0,2.1785714285714284,2.1785714285714284,0.2804138582105605
TIRT_2021,TIRT,2021,112.0,51.0,-0.5446428571428571,-0.5446428571428571,-0.07010346455264012
TIRT_2022,TIRT,2022,51.0,50.0,-0.0196078431372549,-0.0196078431372549,-0.002523814860140049
TIRT_2023,TIRT,2023,50.0,33.0,-0.34,-0.34,-0.04376294967482846
TIRT_2024,TIRT,2024,33.0,127.0,2.8484848484848486,2.8484848484848486,0.3666414678639817
TKIM_2021,TKIM,2021,7408.35888671875,6967.62353515625,-0.0594916307783932,-0.0594916307783932,-0.007657438952436168
TKIM_2022,TKIM,2022,6967.62353515625,7246.345703125,0.0400024723727413,0.0400024723727413,0.00514890054504998
TKIM_2023,TKIM,2023,7246.345703125,5948.326171875,-0.1791274643011065,-0.1791274643011065,-0.023056312369379276
TKIM_2024,TKIM,2024,5948.326171875,7275.0,0.2230331339928545,0.2230331339928545,0.02870761123161342
TLDN_2024,TLDN,2024,477.8510437011719,659.619384765625,0.3803870337010783,0.3803870337010783,0.04896134886122813
TLKM_2023,TLKM,2023,3190.59228515625,2322.736328125,-0.2720046560222749,-0.2720046560222749,-0.0350109590377113
TLKM_2024,TLKM,2024,2322.736328125,3217.62939453125,0.3852753562986812,0.3852753562986812,0.04959054714309055
TMAS_2021,TMAS,2021,110.623046875,168.4481201171875,0.5227217553276011,0.5227217553276011,0.06728189962452882
TMAS_2022,TMAS,2022,168.4481201171875,139.00686645507812,-0.1747793542701896,-0.1747793542701896,-0.02249664730919212
TMAS_2023,TMAS,2023,139.00686645507812,129.1938018798828,-0.0705940995969902,-0.0705940995969902,-0.009086488317655617
TMPO_2023,TMPO,2023,89.0,149.0,0.6741573033707865,0.6741573033707865,0.08677385923627585
TNCA_2021,TNCA,2021,2550.0,310.0,-0.8784313725490196,-0.86,-0.11069451976574256
TNCA_2023,TNCA,2023,193.0,197.0,0.0207253886010362,0.0207253886010362,0.00266765923040709
TNCA_2024,TNCA,2024,197.0,266.0,0.350253807106599,0.350253807106599,0.045082763923009306
TOBA_2021,TOBA,2021,1031.60791015625,567.3843383789062,-0.4500000118330144,-0.4500000118330144,-0.05792155256329535
TOBA_2022,TOBA,2022,567.3843383789062,294.5929260253906,-0.4807877022705941,-0.4807877022705941,-0.06188437652571887
TOBA_2023,TOBA,2023,294.5929260253906,385.6841735839844,0.3092105733412713,0.3092105733412713,0.03979990223546738
TOBA_2024,TOBA,2024,385.6841735839844,717.1033325195312,0.8593019409010801,0.8593019409010801,0.11060466939745996
TOPS_2021,TOPS,2021,50.0,50.0,0.0,0.0,0.0
TOPS_2023,TOPS,2023,9.0,1.0,-0.8888888888888888,-0.86,-0.11069451976574256
TOTL_2021,TOTL,2021,167.4569854736328,173.41909790039062,0.0356038442343546,0.0356038442343546,0.004582733068995564
TOTL_2022,TOTL,2022,173.41909790039062,282.55218505859375,0.6293025882356253,0.6293025882356253,0.08100040440939696
TOTL_2023,TOTL,2023,282.55218505859375,558.3132934570312,0.9759652304272644,0.9759652304272644,0.1256209331281492
TOTL_2024,TOTL,2024,558.3132934570312,920.7805786132812,0.6492184395465161,0.6492184395465161,0.08356386440542601
TOTO_2021,TOTO,2021,149.48463439941406,195.5401306152344,0.3080951858420629,0.3080951858420629,0.039656335626656235
TOTO_2022,TOTO,2022,195.5401306152344,179.14710998535156,-0.0838345590662382,-0.0838345590662382,-0.010790728204197695
TOTO_2023,TOTO,2023,179.14710998535156,190.27638244628903,0.0621236505676676,0.0621236505676676,0.007996218215910192
TOTO_2024,TOTO,2024,190.27638244628903,257.0169372558594,0.3507558528889403,0.3507558528889403,0.04514738452391243
TOWR_2021,TOWR,2021,988.2192993164062,989.862548828125,0.0016628389193121,0.0016628389193121,0.00021403157630353403
TOWR_2022,TOWR,2022,989.862548828125,912.8594970703124,-0.0777916609219882,-0.0777916609219882,-0.010012919241324381
TOWR_2023,TOWR,2023,912.8594970703124,619.0014038085938,-0.3219094441201661,-0.3219094441201661,-0.041434431773184795
TOWR_2024,TOWR,2024,619.0014038085938,574.3369140625,-0.0721557164027124,-0.0721557164027124,-0.00928749113436205
TOYS_2023,TOYS,2023,50.0,8.0,-0.84,-0.84,-0.1081202286083997
TPIA_2021,TPIA,2021,1816.015625,2550.440185546875,0.4044153312540331,0.4044153312540331,0.05205414055705686
TPIA_2022,TPIA,2022,2550.440185546875,5222.81591796875,1.047809608539733,1.047809608539733,0.1348683504921354
TPIA_2023,TPIA,2023,5222.81591796875,7465.7529296875,0.4294497541071809,0.4294497541071809,0.05527643522605886
TPIA_2024,TPIA,2024,7465.7529296875,6975.91259765625,-0.065611645154155,-0.065611645154155,-0.008445173896952905
TPMA_2021,TPMA,2021,265.6914978027344,325.8312072753906,0.2263516520852603,0.2263516520852603,0.02913475282065155
TPMA_2022,TPMA,2022,325.8312072753906,587.0689697265625,0.8017579550947532,0.8017579550947532,0.10319792070648547
TPMA_2023,TPMA,2023,587.0689697265625,567.3758544921875,-0.0335448069134831,-0.0335448069134831,-0.004317704990607642
TPMA_2024,TPMA,2024,567.3758544921875,565.0,-0.0041874437788931,-0.0041874437788931,-0.0005389849745937418
TRIN_2022,TRIN,2022,300.0,175.0,-0.4166666666666667,-0.4166666666666667,-0.05363106577797605
TRIN_2023,TRIN,2023,175.0,112.0,-0.36,-0.36,-0.046337240832171306
TRIN_2024,TRIN,2024,112.0,1130.0,9.089285714285714,7.769128966998332,1.0
TRIO_2021,TRIO,2021,426.0,426.0,0.0,0.0,0.0
TRIO_2022,TRIO,2022,426.0,426.0,0.0,0.0,0.0
TRIO_2023,TRIO,2023,426.0,426.0,0.0,0.0,0.0
TRIO_2024,TRIO,2024,426.0,426.0,0.0,0.0,0.0
TRIS_2021,TRIS,2021,179.025146484375,199.4953765869141,0.1143427641564626,0.1143427641564626,0.014717578333706035
TRIS_2022,TRIS,2022,199.4953765869141,182.2467498779297,-0.0864612854898402,-0.0864612854898402,-0.011128826134449566
TRIS_2023,TRIS,2023,182.2467498779297,151.47328186035156,-0.1688560593711023,-0.1688560593711023,-0.0217342330251394
TRIS_2024,TRIS,2024,151.47328186035156,184.1741180419922,0.2158851764484026,0.2158851764484026,0.02778756503662619
TRJA_2023,TRJA,2023,272.0,184.0,-0.3235294117647059,-0.3235294117647059,-0.041642945192310814
TRJA_2024,TRJA,2024,184.0,175.0,-0.0489130434782608,-0.0489130434782608,-0.006295820765240658
TRST_2021,TRST,2021,554.7785034179688,722.2996215820312,0.3019603627969927,0.3019603627969927,0.03886669459081686
TRST_2022,TRST,2022,722.2996215820312,594.0,-0.1776265939348278,-0.1776265939348278,-0.02286312850376782
TRST_2023,TRST,2023,594.0,594.0,0.0,0.0,0.0
TRST_2024,TRST,2024,594.0,515.0,-0.132996632996633,-0.132996632996633,-0.017118602813980234
TRUE_2023,TRUE,2023,50.0,17.0,-0.66,-0.66,-0.08495160819231407
TRUE_2024,TRUE,2024,17.0,210.0,11.352941176470589,7.769128966998332,1.0
TRUK_2021,TRUK,2021,163.0,100.0,-0.3865030674846625,-0.3865030674846625,-0.04974857144558268
TRUK_2022,TRUK,2022,100.0,86.0,-0.14,-0.14,-0.018020038101399953
TRUK_2023,TRUK,2023,86.0,84.0,-0.0232558139534883,-0.0232558139534883,-0.00299336181086377
TRUK_2024,TRUK,2024,84.0,535.0,5.369047619047619,5.369047619047619,0.6910745904533484
TSPC_2021,TSPC,2021,1146.7034912109375,1136.5565185546875,-0.0088488198858927,-0.0088488198858927,-0.0011389719392586573
TSPC_2022,TSPC,2022,1136.5565185546875,1625.793701171875,0.4304556567405292,0.4304556567405292,0.05540590953876768
TSPC_2023,TSPC,2023,1625.793701171875,2324.42724609375,0.4297184473148707,0.4297184473148707,0.055311019953488555
TSPC_2024,TSPC,2024,2324.42724609375,2850.0,0.226108498250262,0.226108498250262,0.02910345538228604
UANG_2023,UANG,2023,658.8871459960938,735.0,0.1155172846616095,0.1155172846616095,0.01486875622123191
UANG_2024,UANG,2024,735.0,4500.0,5.122448979591836,5.122448979591836,0.6593337556051586
UCID_2022,UCID,2022,1021.91552734375,946.0447387695312,-0.0742436987638582,-0.0742436987638582,-0.009556244860811323
UCID_2023,UCID,2023,946.0447387695312,736.9096069335938,-0.2210626234314755,-0.2210626234314755,-0.028453977835932988
UCID_2024,UCID,2024,736.9096069335938,420.0,-0.4300522125804663,-0.4300522125804663,-0.0553539804020811
UFOE_2023,UFOE,2023,153.70266723632812,220.0,0.4313349530996446,0.4313349530996446,0.05551908778086541
UFOE_2024,UFOE,2024,220.0,184.0,-0.1636363636363636,-0.1636363636363636,-0.0210623821964415
ULTJ_2021,ULTJ,2021,1439.04833984375,1375.0433349609375,-0.0444773140072293,-0.0444773140072293,-0.005724877807558584
ULTJ_2022,ULTJ,2022,1375.0433349609375,1514.8177490234375,0.1016509156538479,0.1016509156538479,0.013083952665175229
ULTJ_2023,ULTJ,2023,1514.8177490234375,1746.7742919921875,0.1531250496096221,0.1531250496096221,0.01970942305888677
ULTJ_2024,ULTJ,2024,1746.7742919921875,1440.0,-0.1756233151578576,-0.1756233151578576,-0.022605277361705468
UNIC_2021,UNIC,2021,9437.8359375,7776.4091796875,-0.1760389530836237,-0.1760389530836237,-0.022658776013553268
UNIC_2022,UNIC,2022,7776.4091796875,6663.70361328125,-0.1430873222711468,-0.1430873222711468,-0.018417421422523995
UNIC_2023,UNIC,2023,6663.70361328125,6718.0634765625,0.0081576052051455,0.0081576052051455,0.0010500025472350034
UNIC_2024,UNIC,2024,6718.0634765625,8196.8828125,0.2201258355323225,0.2201258355323225,0.02833339959567822
UNIQ_2023,UNIQ,2023,214.46485900878903,438.0,1.0422926255813787,1.0422926255813787,0.13415823446989028
UNIQ_2024,UNIQ,2024,438.0,356.0,-0.1872146118721461,-0.1872146118721461,-0.024097245993391976
UNSP_2021,UNSP,2021,109.0,128.0,0.1743119266055046,0.1743119266055046,0.02243648256399732
UNSP_2022,UNSP,2022,128.0,113.0,-0.1171875,-0.1171875,-0.015083737250055764
UNSP_2023,UNSP,2023,113.0,97.0,-0.1415929203539823,-0.1415929203539823,-0.018225070140480356
UNSP_2024,UNSP,2024,97.0,436.0,3.4948453608247423,3.4948453608247423,0.44983747543259084
UNTR_2021,UNTR,2021,13154.06640625,16369.5185546875,0.2444454854591364,0.2444454854591364,0.031463692583491756
UNTR_2022,UNTR,2022,16369.5185546875,18208.107421875,0.1123178339695891,0.1123178339695891,0.014456940339990782
UNTR_2023,UNTR,2023,18208.107421875,23640.931640625,0.2983739107461037,0.2983739107461037,0.03840506600077498
UNTR_2024,UNTR,2024,23640.931640625,28484.8671875,0.2048961360960536,0.2048961360960536,0.026373115566289396
UNVR_2021,UNVR,2021,3205.126708984375,3783.922607421875,0.1805844046087357,0.1805844046087357,0.02324384179691459
UNVR_2022,UNVR,2022,3783.922607421875,2940.603271484375,-0.2228690762024026,-0.2228690762024026,-0.028686494605650745
UNVR_2023,UNVR,2023,2940.603271484375,1646.6976318359375,-0.4400136707306634,-0.4400136707306634,-0.056636165083595764
UNVR_2024,UNVR,2024,1646.6976318359375,2421.98193359375,0.4708115726707105,0.4708115726707105,0.06060030341504454
URBN_2021,URBN,2021,580.0,164.0,-0.7172413793103448,-0.7172413793103448,-0.09231940702195049
URBN_2022,URBN,2022,164.0,150.0,-0.0853658536585365,-0.0853658536585365,-0.010987828110609716
URBN_2023,URBN,2023,150.0,126.0,-0.16,-0.16,-0.020594329258742803
URBN_2024,URBN,2024,126.0,204.0,0.6190476190476191,0.6190476190476191,0.07968044058442156
UVCR_2024,UVCR,2024,56.87389373779297,148.67034912109375,1.6140350053490642,1.6140350053490642,0.2077498020955958
VICI_2023,VICI,2023,629.2269897460938,644.6041870117188,0.024438235352603,0.024438235352603,0.0031455566584634672
VICI_2024,VICI,2024,644.6041870117188,680.0,0.0549109262730211,0.0549109262730211,0.0070678355973071705
VIVA_2021,VIVA,2021,50.0,50.0,0.0,0.0,0.0
VIVA_2022,VIVA,2022,50.0,50.0,0.0,0.0,0.0
VIVA_2023,VIVA,2023,50.0,6.0,-0.88,-0.86,-0.11069451976574256
VIVA_2024,VIVA,2024,6.0,48.0,7.0,7.0,0.9010019050699976
VOKS_2021,VOKS,2021,180.0,139.0,-0.2277777777777777,-0.2277777777777777,-0.029318315958626894
VOKS_2022,VOKS,2022,139.0,220.0,0.5827338129496403,0.5827338129496403,0.07500632508804708
VOKS_2023,VOKS,2023,220.0,230.0,0.0454545454545454,0.0454545454545454,0.005850661721233744
VOKS_2024,VOKS,2024,230.0,254.0,0.1043478260869565,0.1043478260869565,0.013431084299180086
WEGE_2021,WEGE,2021,176.2205047607422,141.634765625,-0.1962639885903168,-0.1962639885903168,-0.02526203251664453
WEGE_2023,WEGE,2023,77.91232299804688,63.25508117675781,-0.1881248210460429,-0.1881248210460429,-0.02421440316477672
WEGE_2024,WEGE,2024,63.25508117675781,70.0,0.1066304666402121,0.1066304666402121,0.01372489336876199
WEHA_2024,WEHA,2024,95.88311767578124,128.3057861328125,0.3381478329341054,0.3381478329341054,0.04352454880984575
WICO_2021,WICO,2021,258.0080871582031,245.54393005371097,-0.048309172172768,-0.048309172172768,-0.0062180937371454975
WICO_2022,WICO,2022,245.54393005371097,121.0,-0.5072164888232744,-0.5072164888232744,-0.0652861461018122
WICO_2023,WICO,2023,121.0,123.0,0.0165289256198347,0.0165289256198347,0.002127513353175908
WICO_2024,WICO,2024,123.0,123.0,0.0,0.0,0.0
WIFI_2023,WIFI,2023,152.88119506835938,409.6057739257813,1.6792423603349642,1.6792423603349642,0.21614293796229173
WIFI_2024,WIFI,2024,409.6057739257813,3250.0,6.934458464418242,6.934458464418242,0.8925657552956581
WIIM_2021,WIIM,2021,303.6723937988281,467.4327392578125,0.539266488502309,0.539266488502309,0.06941144764014119
WIIM_2022,WIIM,2022,467.4327392578125,1398.19091796875,1.9912130677641255,1.9912130677641255,0.25629810963653593
WIIM_2023,WIIM,2023,1398.19091796875,606.4415283203125,-0.566267009371415,-0.566267009371415,-0.07288680774599074
WIIM_2024,WIIM,2024,606.4415283203125,1552.125,1.5593976129883258,1.5593976129883258,0.20071717429486977
WIKA_2021,WIKA,2021,1105.0,800.0,-0.2760180995475113,-0.2760180995475113,-0.035527547646586846
WIKA_2022,WIKA,2022,800.0,240.0,-0.7,-0.7,-0.09010019050699976
WIKA_2023,WIKA,2023,240.0,244.0,0.0166666666666666,0.0166666666666666,0.0021452426311190332
WIKA_2024,WIKA,2024,244.0,204.0,-0.1639344262295081,-0.1639344262295081,-0.021100747191334826
WINR_2024,WINR,2024,13.0,41.0,2.1538461538461537,2.1538461538461537,0.2772313554061531
WINS_2021,WINS,2021,178.69285583496094,303.40557861328125,0.6979166693351402,0.6979166693351402,0.08983203552158127
WINS_2022,WINS,2022,303.40557861328125,372.2767639160156,0.2269938002376585,0.2269938002376585,0.029217406636172682
WINS_2023,WINS,2023,372.2767639160156,416.16302490234375,0.1178861138812002,0.1178861138812002,0.015173659026894295
WINS_2024,WINS,2024,416.16302490234375,525.5505981445312,0.2628478906021414,0.2628478906021414,0.03383235002516568
WIRG_2024,WIRG,2024,84.0,94.0,0.119047619047619,0.119047619047619,0.015323161650850294
WMPP_2024,WMPP,2024,12.0,12.0,0.0,0.0,0.0
WMUU_2023,WMUU,2023,50.0,10.0,-0.8,-0.8,-0.10297164629371401
WMUU_2024,WMUU,2024,10.0,61.0,5.1,5.1,0.6564442451224268
WOOD_2021,WOOD,2021,830.586181640625,362.0,-0.5641632283299545,-0.5641632283299545,-0.07261602049938987
WOOD_2022,WOOD,2022,362.0,288.0,-0.2044198895027624,-0.2044198895027624,-0.02631181569659819
WOOD_2023,WOOD,2023,288.0,328.0,0.1388888888888889,0.1388888888888889,0.017877021925992016
WOOD_2024,WOOD,2024,328.0,378.0,0.1524390243902439,0.1524390243902439,0.019621121626088797
WOWS_2022,WOWS,2022,50.0,50.0,0.0,0.0,0.0
WOWS_2023,WOWS,2023,50.0,51.0,0.02,0.02,0.0025742911573428504
WOWS_2024,WOWS,2024,51.0,88.0,0.7254901960784313,0.7254901960784313,0.09338114982518182
WSBP_2021,WSBP,2021,114.0,95.0,-0.1666666666666666,-0.1666666666666666,-0.02145242631119041
WSBP_2022,WSBP,2022,95.0,50.0,-0.4736842105263157,-0.4736842105263157,-0.06097005372654118
WSBP_2023,WSBP,2023,50.0,16.0,-0.68,-0.68,-0.08752589934965692
WSBP_2024,WSBP,2024,16.0,23.0,0.4375,0.4375,0.05631261906687485
WSKT_2021,WSKT,2021,635.0,360.0,-0.4330708661417323,-0.4330708661417323,-0.05574252506057353
WSKT_2022,WSKT,2022,360.0,202.0,-0.4388888888888889,-0.4388888888888889,-0.05649138928613477
WSKT_2023,WSKT,2023,202.0,202.0,0.0,0.0,0.0
WSKT_2024,WSKT,2024,202.0,202.0,0.0,0.0,0.0
WTON_2021,WTON,2021,231.276123046875,181.1919403076172,-0.2165557865612731,-0.2165557865612731,-0.02787388232080555
WTON_2022,WTON,2022,181.1919403076172,105.27392578125,-0.4189922266822574,-0.4189922266822574,-0.053930399207176315
WTON_2023,WTON,2023,105.27392578125,75.91314697265625,-0.2788988687436514,-0.2788988687436514,-0.0358983445799853
WTON_2024,WTON,2024,75.91314697265625,100.44023895263672,0.3230941274087224,0.3230941274087224,0.041586917758883915
YELO_2023,YELO,2023,50.0,16.0,-0.68,-0.68,-0.08752589934965692
YELO_2024,YELO,2024,16.0,150.0,8.375,7.769128966998332,1.0
YPAS_2021,YPAS,2021,800.0,630.0,-0.2125,-0.2125,-0.027351843546767785
YPAS_2023,YPAS,2023,428.0,352.0,-0.1775700934579439,-0.1775700934579439,-0.022855856069866422
YPAS_2024,YPAS,2024,352.0,575.0,0.6335227272727273,0.6335227272727273,0.0815435977396954
ZBRA_2021,ZBRA,2021,645.0,550.0,-0.1472868217054263,-0.1472868217054263,-0.018957958135470597
ZBRA_2022,ZBRA,2022,550.0,460.0,-0.1636363636363636,-0.1636363636363636,-0.0210623821964415
ZBRA_2023,ZBRA,2023,460.0,54.0,-0.8826086956521739,-0.86,-0.11069451976574256
ZINC_2021,ZINC,2021,105.0,50.0,-0.5238095238095238,-0.5238095238095238,-0.06742191126374132
ZINC_2022,ZINC,2022,50.0,50.0,0.0,0.0,0.0
ZINC_2023,ZINC,2023,50.0,16.0,-0.68,-0.68,-0.08752589934965692
ZINC_2024,ZINC,2024,16.0,32.0,1.0,1.0,0.1287145578671425
ZONE_2021,ZONE,2021,383.32421875,1147.8504638671875,1.994463714320653,1.994463714320653,0.2567165151708417
ZONE_2022,ZONE,2022,1147.8504638671875,1056.0604248046875,-0.0799668963440176,-0.0799668963440176,-0.01029290370692784
ZONE_2023,ZONE,2023,1056.0604248046875,796.7142944335938,-0.2455788743518709,-0.2455788743518709,-0.031609576233711606
ZONE_2024,ZONE,2024,796.7142944335938,502.1714172363281,-0.3696969908223679,-0.3696969908223679,-0.04758538471851413
