ticker_and_date,ticker,report_year,close_year,close_next_year,next_year_return,next_year_return_winsor,next_year_return_scaled
AALI_2021,AALI,2021,7658.787109375,6720.90966796875,-0.1224576983290486,-0.1224576983290486,-0.0157620884978514
AALI_2022,AALI,2022,6720.90966796875,6190.6220703125,-0.0789011642551235,-0.0789011642551235,-0.010155728472301
AALI_2023,AALI,2023,6190.6220703125,5678.8154296875,-0.0826745090900314,-0.0826745090900314,-0.0106414128844064
ABBA_2021,ABBA,2021,281.2664489746094,151.0,-0.4631425093519378,-0.4631425093519378,-0.0596131833207135
ABBA_2022,ABBA,2022,151.0,52.0,-0.6556291390728477,-0.6556291390728477,-0.0843890147605768
ABBA_2023,ABBA,2023,52.0,26.0,-0.5,-0.5,-0.0643572789335712
ABMM_2021,ABMM,2021,976.8627319335938,2456.369873046875,1.5145496831317922,1.5145496831317922,0.1949445928321294
ABMM_2022,ABMM,2022,2456.369873046875,2890.3232421875,0.1766645055788566,0.1766645055788566,0.0227392937263998
ABMM_2023,ABMM,2023,2890.3232421875,3263.34326171875,0.1290582361469491,0.1290582361469491,0.0166116738047678
ACES_2021,ACES,2021,1068.221923828125,424.21185302734375,-0.6028804094311037,-0.6028804094311037,-0.0775994853466863
ACES_2022,ACES,2022,424.21185302734375,646.44580078125,0.5238749133668869,0.5238749133668869,0.0674303278517064
ACES_2023,ACES,2023,646.44580078125,738.0440673828125,0.141695199335912,0.141695199335912,0.0182382349344185
ACST_2021,ACST,2021,210.0,157.0,-0.2523809523809524,-0.2523809523809524,-0.0324851026998026
ACST_2022,ACST,2022,157.0,136.0,-0.1337579617834395,-0.1337579617834395,-0.0172165969121655
ACST_2023,ACST,2023,136.0,86.0,-0.3676470588235294,-0.3676470588235294,-0.0473215286276259
ADES_2021,ADES,2021,3290.0,7175.0,1.180851063829787,1.180851063829787,0.1519927225877959
ADES_2022,ADES,2022,7175.0,9675.0,0.3484320557491289,0.3484320557491289,0.0448482780024886
ADES_2023,ADES,2023,9675.0,9100.0,-0.0594315245478036,-0.0594315245478036,-0.0076497024055407
ADHI_2021,ADHI,2021,819.508544921875,484.0,-0.409402131315006,-0.409402131315006,-0.0526960143220768
ADHI_2022,ADHI,2022,484.0,312.0,-0.3553719008264462,-0.3553719008264462,-0.045741537093282
ADHI_2023,ADHI,2023,312.0,212.0,-0.3205128205128205,-0.3205128205128205,-0.0412546659830584
ADMG_2021,ADMG,2021,202.0,151.0,-0.2524752475247525,-0.2524752475247525,-0.0324972398575458
ADMG_2022,ADMG,2022,151.0,137.0,-0.0927152317880794,-0.0927152317880794,-0.0119338000671522
ADMG_2023,ADMG,2023,137.0,109.0,-0.2043795620437956,-0.2043795620437956,-0.0263066249655473
ADRO_2021,ADRO,2021,760.5518798828125,1361.35205078125,0.7899529102354071,0.7899529102354071,0.1016784395768129
ADRO_2022,ADRO,2022,1361.35205078125,1081.865234375,-0.2053009111389362,-0.2053009111389362,-0.0264252160069696
ADRO_2023,ADRO,2023,1081.865234375,1974.2447509765625,0.8248527526786601,0.8248527526786601,0.1061705573665292
AGII_2021,AGII,2021,1482.8404541015625,1906.949951171875,0.2860115502630227,0.2860115502630227,0.0368138502370009
AGII_2022,AGII,2022,1906.949951171875,1497.9468994140625,-0.2144802235142398,-0.2144802235142398,-0.0276067271408812
AGII_2023,AGII,2023,1497.9468994140625,1388.0159912109375,-0.0733877203832296,-0.0733877203832296,-0.0094460679820048
AIMS_2021,AIMS,2021,402.0,206.0,-0.4875621890547263,-0.4875621890547263,-0.0627563515969152
AIMS_2023,AIMS,2023,860.0,342.0,-0.6023255813953489,-0.6023255813953489,-0.0775280709013718
AISA_2021,AISA,2021,192.0,143.0,-0.2552083333333333,-0.2552083333333333,-0.0328490277890103
AISA_2022,AISA,2022,143.0,144.0,0.0069930069930069,0.0069930069930069,0.0009001018032667
AISA_2023,AISA,2023,144.0,105.0,-0.2708333333333333,-0.2708333333333333,-0.0348601927556844
AKKU_2021,AKKU,2021,50.0,50.0,0.0,0.0,0.0
AKKU_2022,AKKU,2022,50.0,50.0,0.0,0.0,0.0
AKKU_2023,AKKU,2023,50.0,14.0,-0.72,-0.72,-0.0926744816643426
AKPI_2021,AKPI,2021,1039.9857177734375,1162.800537109375,0.1180927941961342,0.1180927941961342,0.0152002617922508
AKPI_2022,AKPI,2022,1162.800537109375,716.9602661132812,-0.3834193885947244,-0.3834193885947244,-0.04935165708066
AKPI_2023,AKPI,2023,716.9602661132812,595.8521728515625,-0.1689188355140777,-0.1689188355140777,-0.021742313228627
AKRA_2021,AKRA,2021,598.1867065429688,1056.6343994140625,0.7663956551634982,0.7663956551634982,0.0986462779056686
AKRA_2022,AKRA,2022,1056.6343994140625,1238.457275390625,0.1720773770732706,0.1720773770732706,0.0221488635089235
AKRA_2023,AKRA,2023,1238.457275390625,1002.4601440429688,-0.1905573458504814,-0.1905573458504814,-0.0245275045194808
AKSI_2021,AKSI,2021,885.0,290.0,-0.672316384180791,-0.672316384180791,-0.0865369061366664
AKSI_2022,AKSI,2022,290.0,141.0,-0.5137931034482759,-0.5137931034482759,-0.0661326521455318
AKSI_2023,AKSI,2023,141.0,242.0,0.7163120567375887,0.7163120567375887,0.0921997896778822
ALDO_2021,ALDO,2021,497.12640380859375,400.9739379882813,-0.1934165336696411,-0.1934165336696411,-0.0248955236154831
ALDO_2022,ALDO,2022,400.9739379882813,464.0103454589844,0.15720824098185,0.15720824098185,0.02023498923105
ALDO_2023,ALDO,2023,464.0103454589844,644.34716796875,0.3886482796657952,0.3886482796657952,0.0500246914830083
ALKA_2021,ALKA,2021,256.0,266.0,0.0390625,0.0390625,0.0050279124166852
ALKA_2022,ALKA,2022,266.0,486.0,0.8270676691729323,0.8270676691729323,0.106455649363802
ALKA_2023,ALKA,2023,486.0,362.0,-0.2551440329218107,-0.2551440329218107,-0.0328407513899705
ALMI_2021,ALMI,2021,300.0,272.0,-0.0933333333333333,-0.0933333333333333,-0.0120133587342666
ALMI_2022,ALMI,2022,272.0,192.0,-0.2941176470588235,-0.2941176470588235,-0.0378572229021007
ALMI_2023,ALMI,2023,192.0,74.0,-0.6145833333333334,-0.6145833333333334,-0.0791058220225146
ALTO_2021,ALTO,2021,280.0,50.0,-0.8214285714285714,-0.8214285714285714,-0.105729815390867
ALTO_2022,ALTO,2022,50.0,50.0,0.0,0.0,0.0
ALTO_2023,ALTO,2023,50.0,16.0,-0.68,-0.68,-0.0875258993496569
AMAN_2022,AMAN,2022,698.705322265625,118.9285659790039,-0.8297872333455746,-0.8297872333455746,-0.106805696863875
AMAN_2023,AMAN,2023,118.9285659790039,102.0,-0.1423423030425889,-0.1423423030425889,-0.0183215266019176
AMFG_2021,AMFG,2021,4155.4873046875,5258.09326171875,0.265337342214349,0.265337342214349,0.0341527786887626
AMFG_2022,AMFG,2022,5258.09326171875,5670.69482421875,0.0784698068221654,0.0784698068221654,0.0101002064910351
AMFG_2023,AMFG,2023,5670.69482421875,4194.66650390625,-0.2602905580474174,-0.2602905580474174,-0.0335031840960651
AMIN_2021,AMIN,2021,175.67379760742188,97.0828857421875,-0.4473684347671554,-0.4473684347671554,-0.0575828302847699
AMIN_2022,AMIN,2022,97.0828857421875,147.93582153320312,0.5238094789030093,0.5238094789030093,0.0674219054836191
AMIN_2023,AMIN,2023,147.93582153320312,132.0500030517578,-0.1073831768181978,-0.1073831768181978,-0.0138217781265235
AMRT_2021,AMRT,2021,1129.5196533203125,2489.247314453125,1.2038105376349897,1.2038105376349897,0.1549479411074948
AMRT_2022,AMRT,2022,2489.247314453125,2776.6435546875,0.1154550769486375,0.1154550769486375,0.0148607491829607
AMRT_2023,AMRT,2023,2776.6435546875,2727.9970703125,-0.0175198881011844,-0.0175198881011844,-0.0022550646508257
ANDI_2021,ANDI,2021,50.0,50.0,0.0,0.0,0.0
ANDI_2022,ANDI,2022,50.0,50.0,0.0,0.0,0.0
ANDI_2023,ANDI,2023,50.0,6.0,-0.88,-0.86,-0.1106945197657425
ANJT_2021,ANJT,2021,910.1795654296876,639.14404296875,-0.2977824736517613,-0.2977824736517613,-0.0383289394366704
ANJT_2022,ANJT,2022,639.14404296875,745.0,0.165621440418284,0.165621440418284,0.0213178904767587
ANTM_2021,ANTM,2021,1869.787109375,1675.5294189453125,-0.1038929455956194,-0.1038929455956194,-0.0133725345578552
ANTM_2022,ANTM,2022,1675.5294189453125,1498.4510498046875,-0.1056850253647528,-0.1056850253647528,-0.0136032013130019
ANTM_2023,ANTM,2023,1498.4510498046875,1452.6707763671875,-0.0305517310314989,-0.0305517310314989,-0.0039324525517952
APEX_2021,APEX,2021,850.0,170.0,-0.8,-0.8,-0.102971646293714
APEX_2022,APEX,2022,170.0,166.0,-0.0235294117647058,-0.0235294117647058,-0.003028577832168
APEX_2023,APEX,2023,166.0,120.0,-0.2771084337349397,-0.2771084337349397,-0.0356678895294491
APII_2021,APII,2021,220.0,197.0,-0.1045454545454545,-0.1045454545454545,-0.0134565219588376
APII_2022,APII,2022,197.0,187.0,-0.0507614213197969,-0.0507614213197969,-0.0065337339018854
APII_2023,APII,2023,187.0,178.0,-0.0481283422459893,-0.0481283422459893,-0.006194818293071
APLI_2021,APLI,2021,177.49496459960938,241.2552947998047,0.3592233184982175,0.3592233184982175,0.0462372706160657
APLI_2022,APLI,2022,241.2552947998047,516.9756469726562,1.1428572061046214,1.1428572061046214,0.1471023599890341
APLI_2023,APLI,2023,516.9756469726562,474.0048828125,-0.0831195132919463,-0.0831195132919463,-0.0106986914035049
APLN_2021,APLN,2021,122.0,154.0,0.2622950819672131,0.2622950819672131,0.0337611955061357
APLN_2022,APLN,2022,154.0,129.0,-0.1623376623376623,-0.1623376623376623,-0.0208952204329776
APLN_2023,APLN,2023,129.0,92.0,-0.2868217054263566,-0.2868217054263566,-0.0369181290006532
ARCI_2023,ARCI,2023,395.2668151855469,240.26022338867188,-0.3921568566896047,-0.3921568566896047,-0.0504762964233708
ARGO_2021,ARGO,2021,900.0,900.0,0.0,0.0,0.0
ARGO_2023,ARGO,2023,960.0,980.0,0.0208333333333333,0.0208333333333333,0.0026815532888987
ARII_2021,ARII,2021,250.0,296.0,0.184,0.184,0.0236834786475542
ARII_2022,ARII,2022,296.0,218.0,-0.2635135135135135,-0.2635135135135135,-0.0339180253839091
ARII_2023,ARII,2023,218.0,236.0,0.0825688073394495,0.0825688073394495,0.0106278075303145
ARKA_2022,ARKA,2022,50.0,50.0,0.0,0.0,0.0
ARKA_2023,ARKA,2023,50.0,28.0,-0.44,-0.44,-0.0566344054615427
ARNA_2021,ARNA,2021,579.5275268554688,758.5030517578125,0.3088300669227388,0.3088300669227388,0.0397509255200403
ARNA_2022,ARNA,2022,758.5030517578125,536.6005859375,-0.2925531615279054,-0.2925531615279054,-0.037655850838699
ARNA_2023,ARNA,2023,536.6005859375,592.400390625,0.1039875955223038,0.1039875955223038,0.0133847173813205
ARTA_2021,ARTA,2021,2242.911865234375,2523.276123046875,0.1250001224560837,0.1250001224560837,0.0160893354952734
ARTA_2022,ARTA,2022,2523.276123046875,2953.167236328125,0.1703702220120694,0.1703702220120694,0.0219291278000104
ARTA_2023,ARTA,2023,2953.167236328125,2276.659912109375,-0.2290785688994362,-0.2290785688994362,-0.0294857467127286
ARTI_2021,ARTI,2021,50.0,50.0,0.0,0.0,0.0
ARTI_2022,ARTI,2022,50.0,5.0,-0.9,-0.86,-0.1106945197657425
ARTI_2023,ARTI,2023,5.0,2.0,-0.6,-0.6,-0.0772287347202855
ASGR_2021,ASGR,2021,592.2216796875,701.7085571289062,0.1848748217038924,0.1848748217038924,0.0237960809363833
ASGR_2022,ASGR,2022,701.7085571289062,685.8595581054688,-0.0225862986312791,-0.0225862986312791,-0.0029071854421803
ASGR_2023,ASGR,2023,685.8595581054688,707.5537719726562,0.031630694084242,0.031630694084242,0.004071330804084
ASII_2021,ASII,2021,3893.855712890625,4050.83251953125,0.0403139762269445,0.0403139762269445,0.0051889956259176
ASII_2022,ASII,2022,4050.83251953125,4453.9208984375,0.099507539984125,0.099507539984125,0.0128080690135036
ASII_2023,ASII,2023,4453.9208984375,4295.0498046875,-0.0356699405698323,-0.0356699405698323,-0.0045912406295932
ASPI_2022,ASPI,2022,89.0,138.0,0.550561797752809,0.550561797752809,0.0708653183762919
ASPI_2023,ASPI,2023,138.0,132.0,-0.0434782608695652,-0.0434782608695652,-0.0055962851246583
ASRI_2021,ASRI,2021,162.0,160.0,-0.0123456790123456,-0.0123456790123456,-0.0015890686156437
ASRI_2022,ASRI,2022,160.0,164.0,0.025,0.025,0.0032178639466785
ASRI_2023,ASRI,2023,164.0,134.0,-0.1829268292682926,-0.1829268292682926,-0.0235453459513065
ASSA_2021,ASSA,2021,2957.89501953125,690.4724731445312,-0.7665662680435652,-0.7665662680435652,-0.0986682382670929
ASSA_2022,ASSA,2022,690.4724731445312,703.83642578125,0.0193547942264186,0.0193547942264186,0.0024912437814629
ASSA_2023,ASSA,2023,703.83642578125,650.8214721679688,-0.0753228330779204,-0.0753228330779204,-0.0096951451569251
ATIC_2021,ATIC,2021,800.0,392.0,-0.51,-0.51,-0.0656444245122426
ATIC_2022,ATIC,2022,392.0,500.0,0.2755102040816326,0.2755102040816326,0.0354621741062535
ATIC_2023,ATIC,2023,500.0,374.0,-0.252,-0.252,-0.0324360685825199
AUTO_2021,AUTO,2021,809.875,1079.6904296875,0.3331568818490508,0.3331568818490508,0.0428821407475964
AUTO_2022,AUTO,2022,1079.6904296875,1856.027099609375,0.719036353917274,0.719036353917274,0.0925504463848641
AUTO_2023,AUTO,2023,1856.027099609375,1980.058349609375,0.0668262063771073,0.0668262063771073,0.0086015056077677
AYLS_2022,AYLS,2022,101.0,51.0,-0.495049504950495,-0.495049504950495,-0.0637200781520507
AYLS_2023,AYLS,2023,51.0,129.0,1.5294117647058822,1.5294117647058822,0.1968575590909238
BAJA_2021,BAJA,2021,334.0,124.0,-0.6287425149700598,-0.6287425149700598,-0.0809283148266464
BAJA_2022,BAJA,2022,124.0,123.0,-0.0080645161290322,-0.0080645161290322,-0.0010380206279608
BAJA_2023,BAJA,2023,123.0,93.0,-0.2439024390243902,-0.2439024390243902,-0.031393794601742
BALI_2021,BALI,2021,760.3432006835938,762.0374145507812,0.0022282225522162,0.0022282225522162,0.0002868046806381
BALI_2022,BALI,2022,762.0374145507812,775.968994140625,0.018282015192202,0.018282015192202,0.0023531615023846
BALI_2023,BALI,2023,775.968994140625,1677.3642578125,1.1616382490516362,1.1616382490516362,0.1495197536282429
BAPA_2021,BAPA,2021,68.0,95.0,0.3970588235294117,0.3970588235294117,0.0511072509178359
BAPA_2022,BAPA,2022,95.0,67.0,-0.2947368421052631,-0.2947368421052631,-0.0379369223187367
BAPA_2023,BAPA,2023,67.0,56.0,-0.1641791044776119,-0.1641791044776119,-0.0211322408438592
BAPI_2022,BAPI,2022,50.0,50.0,0.0,0.0,0.0
BAPI_2023,BAPI,2023,50.0,10.0,-0.8,-0.8,-0.102971646293714
BATA_2021,BATA,2021,1105.0,520.0,-0.5294117647058824,-0.5294117647058824,-0.0681430012237813
BATA_2023,BATA,2023,141.0,50.0,-0.6453900709219859,-0.6453900709219859,-0.0830710976305671
BAYU_2021,BAYU,2021,858.465087890625,771.4586181640625,-0.1013512033906354,-0.1013512033906354,-0.0130453753337284
BAYU_2022,BAYU,2022,771.4586181640625,1209.523193359375,0.5678393693207162,0.5678393693207162,0.073089193361673
BAYU_2023,BAYU,2023,1209.523193359375,1189.3502197265625,-0.0166784512637441,-0.0166784512637441,-0.0021467594803215
BBRM_2021,BBRM,2021,67.77452087402344,72.0,0.0623461305441127,0.0623461305441127,0.0080248546277126
BBRM_2023,BBRM,2023,65.0,79.0,0.2153846153846154,0.2153846153846154,0.0277231355406153
BCIP_2021,BCIP,2021,92.0,68.0,-0.2608695652173913,-0.2608695652173913,-0.0335777107479502
BCIP_2022,BCIP,2022,68.0,60.0,-0.1176470588235294,-0.1176470588235294,-0.0151428891608402
BCIP_2023,BCIP,2023,60.0,59.0,-0.0166666666666666,-0.0166666666666666,-0.002145242631119
BEEF_2021,BEEF,2021,65.80884552001953,57.149784088134766,-0.1315789900804538,-0.1315789900804538,-0.0169361315328107
BELL_2021,BELL,2021,142.53228759765625,144.63587951660156,0.0147587045321505,0.0147587045321505,0.0018996601285475
BELL_2022,BELL,2022,144.63587951660156,77.52213287353516,-0.4640186575237922,-0.4640186575237922,-0.0597259563452799
BELL_2023,BELL,2023,77.52213287353516,59.218868255615234,-0.2361037285671531,-0.2361037285671531,-0.0303899870333049
BESS_2022,BESS,2022,170.0,212.0,0.2470588235294117,0.2470588235294117,0.0318000672377646
BESS_2023,BESS,2023,212.0,344.0,0.6226415094339622,0.6226415094339622,0.0801430265965227
BEST_2021,BEST,2021,112.0,133.0,0.1875,0.1875,0.0241339796000892
BEST_2022,BEST,2022,133.0,137.0,0.0300751879699248,0.0300751879699248,0.00387111452232
BEST_2023,BEST,2023,137.0,101.0,-0.2627737226277372,-0.2627737226277372,-0.0338228035271323
BHIT_2021,BHIT,2021,56.0,57.0,0.0178571428571428,0.0178571428571428,0.0022984742476275
BHIT_2022,BHIT,2022,57.0,50.0,-0.1228070175438596,-0.1228070175438596,-0.0158070509661403
BHIT_2023,BHIT,2023,50.0,34.0,-0.32,-0.32,-0.0411886585174856
BIKA_2021,BIKA,2021,250.0,101.0,-0.596,-0.596,-0.0767138764888169
BIKA_2022,BIKA,2022,101.0,51.0,-0.495049504950495,-0.495049504950495,-0.0637200781520507
BIKA_2023,BIKA,2023,51.0,55.0,0.0784313725490196,0.0784313725490196,0.0100952594405601
BIMA_2021,BIMA,2021,246.0,117.0,-0.524390243902439,-0.524390243902439,-0.0674966583937454
BIMA_2022,BIMA,2022,117.0,90.0,-0.2307692307692307,-0.2307692307692307,-0.0297033595078021
BIMA_2023,BIMA,2023,90.0,87.0,-0.0333333333333333,-0.0333333333333333,-0.004290485262238
BIPI_2021,BIPI,2021,50.0,158.0,2.16,2.16,0.2780234449930278
BIPI_2022,BIPI,2022,158.0,105.0,-0.3354430379746835,-0.3354430379746835,-0.0431764023225224
BIPI_2023,BIPI,2023,105.0,87.0,-0.1714285714285714,-0.1714285714285714,-0.0220653527772244
BIPP_2021,BIPP,2021,55.0,51.0,-0.0727272727272727,-0.0727272727272727,-0.0093610587539739
BIPP_2022,BIPP,2022,51.0,50.0,-0.0196078431372549,-0.0196078431372549,-0.00252381486014
BIPP_2023,BIPP,2023,50.0,27.0,-0.46,-0.46,-0.0592086966188855
BIRD_2021,BIRD,2021,1133.562744140625,1204.3795166015625,0.0624727416519188,0.0624727416519188,0.0080411513204749
BIRD_2022,BIRD,2022,1204.3795166015625,1579.508544921875,0.3114707807210359,0.3114707807210359,0.0400908238290418
BIRD_2023,BIRD,2023,1579.508544921875,1509.8963623046875,-0.0440720519309571,-0.0440720519309571,-0.0056727146785908
BISI_2021,BISI,2021,821.6444091796875,1372.9610595703125,0.6709917869958465,0.6709917869958465,0.0863664111956542
BISI_2022,BISI,2022,1372.9610595703125,1432.92333984375,0.043673693332718,0.043673693332718,0.0056214401277459
BISI_2023,BISI,2023,1432.92333984375,1122.7235107421875,-0.2164804079019241,-0.2164804079019241,-0.0278641799899948
BKDP_2021,BKDP,2021,88.0,87.0,-0.0113636363636363,-0.0113636363636363,-0.0014626654303084
BKDP_2022,BKDP,2022,87.0,51.0,-0.4137931034482758,-0.4137931034482758,-0.0532611963588175
BKDP_2023,BKDP,2023,51.0,51.0,0.0,0.0,0.0
BLTA_2021,BLTA,2021,50.0,50.0,0.0,0.0,0.0
BLTA_2022,BLTA,2022,50.0,50.0,0.0,0.0,0.0
BLTA_2023,BLTA,2023,50.0,21.0,-0.58,-0.58,-0.0746544435629426
BLTZ_2021,BLTZ,2021,3370.0,3190.0,-0.0534124629080118,-0.0534124629080118,-0.0068749615477998
BLTZ_2022,BLTZ,2022,3190.0,2110.0,-0.3385579937304075,-0.3385579937304075,-0.0435773424753962
BLTZ_2023,BLTZ,2023,2110.0,2000.0,-0.0521327014218009,-0.0521327014218009,-0.0067102376139268
BLUE_2022,BLUE,2022,229.67047119140625,299.3051452636719,0.3031938486085676,0.3031938486085676,0.0390254621716891
BLUE_2023,BLUE,2023,299.3051452636719,314.2472839355469,0.0499227591250119,0.0499227591250119,0.0064257858682837
BMSR_2021,BMSR,2021,262.0,770.0,1.9389312977099236,1.9389312977099236,0.2495686847194977
BMSR_2022,BMSR,2022,770.0,336.0,-0.5636363636363636,-0.5636363636363636,-0.0725482053432985
BMSR_2023,BMSR,2023,336.0,318.0,-0.0535714285714285,-0.0535714285714285,-0.0068954227428826
BMTR_2021,BMTR,2021,260.0,278.0,0.0692307692307692,0.0692307692307692,0.0089110078523406
BMTR_2022,BMTR,2022,278.0,268.0,-0.0359712230215827,-0.0359712230215827,-0.0046300200671633
BMTR_2023,BMTR,2023,268.0,183.0,-0.3171641791044776,-0.3171641791044776,-0.040823647084728
BNBR_2021,BNBR,2021,3800.0,3800.0,0.0,0.0,0.0
BNBR_2022,BNBR,2022,3800.0,50.0,-0.986842105263158,-0.86,-0.1106945197657425
BNBR_2023,BNBR,2023,50.0,35.0,-0.3,-0.3,-0.0386143673601427
BOGA_2021,BOGA,2021,1390.0,1295.0,-0.0683453237410072,-0.0683453237410072,-0.0087970381276104
BOGA_2022,BOGA,2022,1295.0,1185.0,-0.0849420849420849,-0.0849420849420849,-0.0109332829076337
BOGA_2023,BOGA,2023,1185.0,585.0,-0.5063291139240507,-0.5063291139240507,-0.0651719280339962
BOLA_2021,BOLA,2021,608.3602294921875,224.0,-0.6317971012224484,-0.6317971012224484,-0.0813214845455897
BOLA_2022,BOLA,2022,224.0,160.0,-0.2857142857142857,-0.2857142857142857,-0.0367755879620407
BOLA_2023,BOLA,2023,160.0,92.0,-0.425,-0.425,-0.0547036870935355
BOLT_2021,BOLT,2021,710.6119384765625,647.7578735351562,-0.0884506177537,-0.0884506177537,-0.0113848821572431
BOLT_2022,BOLT,2022,647.7578735351562,660.365234375,0.0194630761815965,0.0194630761815965,0.0025051812454487
BOLT_2023,BOLT,2023,660.365234375,1214.981201171875,0.8398624547850236,0.8398624547850236,0.1081025245368672
BOSS_2021,BOSS,2021,71.0,89.0,0.2535211267605634,0.2535211267605634,0.0326318597409657
BOSS_2022,BOSS,2022,89.0,50.0,-0.4382022471910112,-0.4382022471910112,-0.0564030085035793
BPTR_2021,BPTR,2021,304.18145751953125,117.88558959960938,-0.6124497838858569,-0.6124497838858569,-0.078831203148695
BPTR_2022,BPTR,2022,117.88558959960938,88.0,-0.2535135100152089,-0.2535135100152089,-0.032630879354955
BPTR_2023,BPTR,2023,88.0,82.0,-0.0681818181818181,-0.0681818181818181,-0.0087759925818506
BRAM_2021,BRAM,2021,9905.1123046875,7003.08837890625,-0.2929824353841899,-0.2929824353841899,-0.0377111046333146
BRAM_2022,BRAM,2022,7003.08837890625,5384.8564453125,-0.2310740413426693,-0.2310740413426693,-0.0297425930659954
BRAM_2023,BRAM,2023,5384.8564453125,5552.66552734375,0.0311631486810251,0.0311631486810251,0.0040111509042261
BRMS_2021,BRMS,2021,116.0,159.0,0.3706896551724138,0.3706896551724138,0.0477131550714407
BRMS_2022,BRMS,2022,159.0,170.0,0.0691823899371069,0.0691823899371069,0.0089047807329469
BRMS_2023,BRMS,2023,170.0,346.0,1.035294117647059,1.035294117647059,0.1332574246153946
BRNA_2021,BRNA,2021,1190.0,1070.0,-0.1008403361344537,-0.1008403361344537,-0.0129796192807202
BRNA_2022,BRNA,2022,1070.0,980.0,-0.0841121495327102,-0.0841121495327102,-0.0108264581383577
BRNA_2023,BRNA,2023,980.0,700.0,-0.2857142857142857,-0.2857142857142857,-0.0367755879620407
BRPT_2021,BRPT,2021,844.2576904296875,751.53173828125,-0.1098313384640231,-0.1098313384640231,-0.0141368921703532
BRPT_2022,BRPT,2022,751.53173828125,1326.6658935546875,0.765282590178782,0.765282590178782,0.0985030102382835
BRPT_2023,BRPT,2023,1326.6658935546875,920.0,-0.306532259199836,-0.306532259199836,-0.0394551642149232
BSDE_2021,BSDE,2021,1010.0,920.0,-0.0891089108910891,-0.0891089108910891,-0.0114696140673691
BSDE_2022,BSDE,2022,920.0,1080.0,0.1739130434782608,0.1739130434782608,0.0223851404986334
BSDE_2023,BSDE,2023,1080.0,945.0,-0.125,-0.125,-0.0160893197333928
BSSR_2021,BSSR,2021,1655.814697265625,2653.740234375,0.602679477816767,0.602679477816767,0.0775736225227854
BSSR_2022,BSSR,2022,2653.740234375,2837.1484375,0.0691130958295153,0.0691130958295153,0.0088958615725255
BSSR_2023,BSSR,2023,2837.1484375,3840.3369140625,0.3535904090539852,0.3535904090539852,0.0455122331674457
BTEK_2021,BTEK,2021,50.0,50.0,0.0,0.0,0.0
BTEK_2022,BTEK,2022,50.0,50.0,0.0,0.0,0.0
BTEK_2023,BTEK,2023,50.0,3.0,-0.94,-0.86,-0.1106945197657425
BTEL_2023,BTEL,2023,50.0,50.0,0.0,0.0,0.0
BTON_2021,BTON,2021,420.6113586425781,422.5676879882813,0.0046511567163014,0.0046511567163014,0.0005986715803095
BTON_2022,BTON,2022,422.5676879882813,434.3056640625,0.0277777416680857,0.0277777416680857,0.0035753997373553
BTON_2023,BTON,2023,434.3056640625,444.0,0.0223214586860762,0.0223214586860762,0.0028730966857279
BUDI_2021,BUDI,2021,150.446044921875,196.9837646484375,0.3093316261702262,0.3093316261702262,0.0398154834968248
BUDI_2022,BUDI,2022,196.9837646484375,257.7374267578125,0.3084196416786113,0.3084196416786113,0.0396980978162049
BUDI_2023,BUDI,2023,257.7374267578125,217.2462158203125,-0.1571025653777023,-0.1571025653777023,-0.0202213872423848
BUKK_2021,BUKK,2021,1215.0,1200.0,-0.0123456790123456,-0.0123456790123456,-0.0015890686156437
BUKK_2022,BUKK,2022,1200.0,1100.0,-0.0833333333333333,-0.0833333333333333,-0.0107262131555952
BUKK_2023,BUKK,2023,1100.0,885.0,-0.1954545454545454,-0.1954545454545454,-0.0251578454013051
BULL_2021,BULL,2021,238.0,178.0,-0.2521008403361344,-0.2521008403361344,-0.0324490482018006
BULL_2022,BULL,2022,178.0,154.0,-0.1348314606741573,-0.1348314606741573,-0.0173547718472551
BULL_2023,BULL,2023,154.0,120.0,-0.2207792207792207,-0.2207792207792207,-0.0284174997888496
BUMI_2021,BUMI,2021,67.0,161.0,1.4029850746268655,1.4029850746268655,0.1805846035747969
BUMI_2022,BUMI,2022,161.0,85.0,-0.4720496894409938,-0.4720496894409938,-0.0607596670677194
BUMI_2023,BUMI,2023,85.0,118.0,0.388235294117647,0.388235294117647,0.0499715342307729
BUVA_2021,BUVA,2021,60.0,60.0,0.0,0.0,0.0
BUVA_2022,BUVA,2022,60.0,61.0,0.0166666666666666,0.0166666666666666,0.002145242631119
BUVA_2023,BUVA,2023,61.0,58.0,-0.0491803278688524,-0.0491803278688524,-0.0063302241574004
BWPT_2021,BWPT,2021,74.0,65.0,-0.1216216216216216,-0.1216216216216216,-0.0156544732541119
BWPT_2022,BWPT,2022,65.0,54.0,-0.1692307692307692,-0.1692307692307692,-0.0217824636390548
BWPT_2023,BWPT,2023,54.0,59.0,0.0925925925925925,0.0925925925925925,0.0119180146173279
BYAN_2021,BYAN,2021,2274.810791015625,19894.115234375,7.745393380823976,7.745393380823976,0.9969448845198502
BYAN_2022,BYAN,2022,19894.115234375,19412.306640625,-0.0242186489860822,-0.0242186489860822,-0.003117292696383
BYAN_2023,BYAN,2023,19412.306640625,20050.2265625,0.032861624004022,0.032861624004022,0.0042297694044739
CAKK_2021,CAKK,2021,98.0,202.0,1.0612244897959184,1.0612244897959184,0.1365950410018655
CAKK_2022,CAKK,2022,202.0,185.0,-0.0841584158415841,-0.0841584158415841,-0.0108324132858486
CAKK_2023,CAKK,2023,185.0,150.0,-0.1891891891891892,-0.1891891891891892,-0.0243514028397296
CAMP_2021,CAMP,2021,234.69552612304688,276.25,0.1770569493308825,0.1770569493308825,0.0227898069504295
CAMP_2022,CAMP,2022,276.25,382.8571472167969,0.3859082252191742,0.3859082252191742,0.0496720065863796
CAMP_2023,CAMP,2023,382.8571472167969,256.0,-0.3313432911961878,-0.3313432911961878,-0.0426487052285611
CANI_2021,CANI,2021,150.0,81.0,-0.46,-0.46,-0.0592086966188855
CANI_2022,CANI,2022,81.0,50.0,-0.382716049382716,-0.382716049382716,-0.0492611270849557
CANI_2023,CANI,2023,50.0,49.0,-0.02,-0.02,-0.0025742911573428
CARE_2022,CARE,2022,476.0,160.0,-0.6638655462184874,-0.6638655462184874,-0.0854491602647416
CARE_2023,CARE,2023,160.0,189.0,0.18125,0.18125,0.0233295136134195
CARS_2022,CARS,2022,84.0,100.0,0.1904761904761904,0.1904761904761904,0.0245170586413604
CARS_2023,CARS,2023,100.0,90.0,-0.1,-0.1,-0.0128714557867142
CASH_2022,CASH,2022,136.0,110.0,-0.1911764705882352,-0.1911764705882352,-0.0246071948863654
CASH_2023,CASH,2023,110.0,71.0,-0.3545454545454545,-0.3545454545454545,-0.0456351614256232
CASS_2021,CASS,2021,468.0,416.0,-0.1111111111111111,-0.1111111111111111,-0.0143016175407936
CASS_2022,CASS,2022,416.0,900.0,1.1634615384615383,1.1634615384615383,0.1497544375185023
CASS_2023,CASS,2023,900.0,1900.0,1.1111111111111112,1.1111111111111112,0.1430161754079361
CCSI_2021,CCSI,2021,717.7980346679688,695.0,-0.0317610714530786,-0.0317610714530786,-0.0040881122694697
CCSI_2022,CCSI,2022,695.0,470.0,-0.3237410071942446,-0.3237410071942446,-0.0416701806044706
CCSI_2023,CCSI,2023,470.0,288.0,-0.3872340425531915,-0.3872340425531915,-0.0498426585783402
CEKA_2021,CEKA,2021,1547.6259765625,1695.9361572265625,0.0958307646098579,0.0958307646098579,0.012334814496828
CEKA_2022,CEKA,2022,1695.9361572265625,1662.611572265625,-0.0196496694872256,-0.0196496694872256,-0.0025291985202837
CEKA_2023,CEKA,2023,1662.611572265625,1977.368408203125,0.189314714986967,0.189314714986967,0.0243675598372915
CENT_2021,CENT,2021,232.0,112.0,-0.5172413793103449,-0.5172413793103449,-0.066576495448522
CENT_2022,CENT,2022,112.0,55.0,-0.5089285714285714,-0.5089285714285714,-0.065506516057385
CENT_2023,CENT,2023,55.0,45.0,-0.1818181818181818,-0.1818181818181818,-0.023402646884935
CINT_2021,CINT,2021,229.4171600341797,213.9367523193359,-0.0674771133621277,-0.0674771133621277,-0.0086852868125573
CINT_2022,CINT,2022,213.9367523193359,151.5746307373047,-0.2914979352820383,-0.2914979352820383,-0.0375200278590124
CINT_2023,CINT,2023,151.5746307373047,176.88235473632812,0.1669654339642395,0.1669654339642395,0.0214908820118026
CITA_2021,CITA,2021,2510.82373046875,3074.02392578125,0.2243089343461618,0.2243089343461618,0.0288718253100161
CITA_2022,CITA,2022,3074.02392578125,1682.2720947265625,-0.4527459332317915,-0.4527459332317915,-0.0582749926220768
CITA_2023,CITA,2023,1682.2720947265625,3072.340576171875,0.8263041905068603,0.8263041905068603,0.1063573785448576
CITY_2021,CITY,2021,175.0,142.0,-0.1885714285714285,-0.1885714285714285,-0.0242718880549468
CITY_2022,CITY,2022,142.0,63.0,-0.5563380281690141,-0.5563380281690141,-0.0716088033204525
CITY_2023,CITY,2023,63.0,106.0,0.6825396825396826,0.6825396825396826,0.087852793464875
CLAY_2021,CLAY,2021,820.0,720.0,-0.1219512195121951,-0.1219512195121951,-0.015696897300871
CLAY_2022,CLAY,2022,720.0,130.0,-0.8194444444444444,-0.8194444444444444,-0.1054744293633529
CLEO_2021,CLEO,2021,232.0897674560547,274.6428527832031,0.1833475288185882,0.1833475288185882,0.0235994961079177
CLEO_2022,CLEO,2022,274.6428527832031,352.4021301269531,0.2831287126380508,0.2831287126380508,0.0364427870666999
CLEO_2023,CLEO,2023,352.4021301269531,784.8214721679688,1.2270622254333032,1.2270622254333032,0.1579407718221195
CLPI_2021,CLPI,2021,728.7822265625,709.2926635742188,-0.0267426431078171,-0.0267426431078171,-0.0034421674838214
CLPI_2022,CLPI,2022,709.2926635742188,794.5731201171875,0.1202331011196835,0.1202331011196835,0.0154757504516154
CLPI_2023,CLPI,2023,794.5731201171875,950.2880249023438,0.1959730336236275,0.1959730336236275,0.0252245823767478
CMNP_2021,CMNP,2021,2000.0,2190.0,0.095,0.095,0.0122278829973785
CMNP_2023,CMNP,2023,1665.0,1430.0,-0.1411411411411411,-0.1411411411411411,-0.0181669195788459
CMPP_2021,CMPP,2021,184.0,192.0,0.0434782608695652,0.0434782608695652,0.0055962851246583
CMPP_2022,CMPP,2022,192.0,125.0,-0.3489583333333333,-0.3489583333333333,-0.0449160175890549
CMPP_2023,CMPP,2023,125.0,86.0,-0.312,-0.312,-0.0401589420545484
CNKO_2021,CNKO,2021,50.0,50.0,0.0,0.0,0.0
CNKO_2022,CNKO,2022,50.0,50.0,0.0,0.0,0.0
CNKO_2023,CNKO,2023,50.0,22.0,-0.56,-0.56,-0.0720801524055998
CNTX_2021,CNTX,2021,316.0,220.0,-0.3037974683544304,-0.3037974683544304,-0.0391031568203977
CNTX_2022,CNTX,2022,220.0,122.0,-0.4454545454545454,-0.4454545454545454,-0.0573364848680907
CNTX_2023,CNTX,2023,122.0,142.0,0.1639344262295081,0.1639344262295081,0.0211007471913348
COCO_2021,COCO,2021,288.0,268.0,-0.0694444444444444,-0.0694444444444444,-0.008938510962996
COCO_2022,COCO,2022,268.0,175.0,-0.3470149253731343,-0.3470149253731343,-0.0446658726927024
COCO_2023,COCO,2023,175.0,82.0,-0.5314285714285715,-0.5314285714285715,-0.0684025936093957
CPIN_2021,CPIN,2021,5317.63818359375,5152.5732421875,-0.0310410253024579,-0.0310410253024579,-0.0039954318475486
CPIN_2022,CPIN,2022,5152.5732421875,4669.06201171875,-0.0938387884542671,-0.0938387884542671,-0.0120784181666793
CPIN_2023,CPIN,2023,4669.06201171875,4448.49755859375,-0.0472395638720178,-0.0472395638720178,-0.0060804195776234
CPRI_2021,CPRI,2021,50.0,50.0,0.0,0.0,0.0
CPRO_2021,CPRO,2021,95.0,53.0,-0.4421052631578947,-0.4421052631578947,-0.0569053834781051
CPRO_2022,CPRO,2022,53.0,51.0,-0.0377358490566037,-0.0377358490566037,-0.0048571531270619
CPRO_2023,CPRO,2023,51.0,50.0,-0.0196078431372549,-0.0196078431372549,-0.00252381486014
CSAP_2021,CSAP,2021,454.28668212890625,767.1058349609375,0.6885941524107175,0.6885941524107175,0.0886320918774452
CSAP_2022,CSAP,2022,767.1058349609375,580.605712890625,-0.2431217617837693,-0.2431217617837693,-0.0312933100758786
CSAP_2023,CSAP,2023,580.605712890625,473.05328369140625,-0.185241768744841,-0.185241768744841,-0.0238433123625196
CSIS_2021,CSIS,2021,151.0,72.0,-0.5231788079470199,-0.5231788079470199,-0.0673407289503593
CSIS_2022,CSIS,2022,72.0,51.0,-0.2916666666666667,-0.2916666666666667,-0.0375417460445832
CSIS_2023,CSIS,2023,51.0,74.0,0.4509803921568627,0.4509803921568627,0.0580477417832211
CSMI_2022,CSMI,2022,3150.0,2880.0,-0.0857142857142857,-0.0857142857142857,-0.0110326763886122
CSMI_2023,CSMI,2023,2880.0,3020.0,0.0486111111111111,0.0486111111111111,0.0062569576740972
CSRA_2022,CSRA,2022,543.16259765625,449.7767333984375,-0.1719298505839192,-0.1719298505839192,-0.022129874702073
CSRA_2023,CSRA,2023,449.7767333984375,714.0802612304688,0.587632725763732,0.587632725763732,0.0756368864849425
CTBN_2021,CTBN,2021,2257.47900390625,1500.282958984375,-0.3354166499939329,-0.3354166499939329,-0.0431730058052471
CTBN_2022,CTBN,2022,1500.282958984375,1349.7843017578125,-0.100313515077478,-0.100313515077478,-0.0129118097412965
CTBN_2023,CTBN,2023,1349.7843017578125,2633.7255859375,0.9512196004262472,0.9512196004262472,0.1224358103034243
CTRA_2021,CTRA,2021,900.2244262695312,885.7889404296875,-0.0160354300756572,-0.0160354300756572,-0.0020639932923976
CTRA_2022,CTRA,2022,885.7889404296875,1118.27490234375,0.2624620282584312,0.2624620282584312,0.0337826839241974
CTRA_2023,CTRA,2023,1118.27490234375,954.5729370117188,-0.1463879453870729,-0.1463879453870729,-0.0188422596675764
CTTH_2021,CTTH,2021,50.0,50.0,0.0,0.0,0.0
CTTH_2022,CTTH,2022,50.0,12.0,-0.76,-0.76,-0.0978230639790283
CTTH_2023,CTTH,2023,12.0,26.0,1.1666666666666667,1.1666666666666667,0.1501669841783329
DADA_2022,DADA,2022,49.90277862548828,8.982500076293945,-0.8200000015288517,-0.8200000015288517,-0.1055459376478423
DADA_2023,DADA,2023,8.982500076293945,7.984444618225098,-0.1111110993144162,-0.1111110993144162,-0.0143016160223872
DART_2021,DART,2021,312.0,172.0,-0.4487179487179487,-0.4487179487179487,-0.0577565323762818
DART_2022,DART,2022,172.0,128.0,-0.2558139534883721,-0.2558139534883721,-0.0329269799195015
DART_2023,DART,2023,128.0,168.0,0.3125,0.3125,0.040223299333482
DAYA_2021,DAYA,2021,304.0,212.0,-0.3026315789473684,-0.3026315789473684,-0.0389530898808457
DAYA_2022,DAYA,2022,212.0,288.0,0.3584905660377358,0.3584905660377358,0.0461429547070888
DAYA_2023,DAYA,2023,288.0,750.0,1.6041666666666667,1.6041666666666667,0.2064796032452077
DCII_2023,DCII,2023,43000.0,42100.0,-0.0209302325581395,-0.0209302325581395,-0.0026940256297773
DEAL_2021,DEAL,2021,50.0,50.0,0.0,0.0,0.0
DEAL_2022,DEAL,2022,50.0,9.0,-0.82,-0.82,-0.1055459374510568
DEWA_2021,DEWA,2021,50.0,53.0,0.06,0.06,0.0077228734720285
DEWA_2022,DEWA,2022,53.0,60.0,0.1320754716981132,0.1320754716981132,0.0170000359447169
DEWA_2023,DEWA,2023,60.0,111.0,0.85,0.85,0.1094073741870711
DFAM_2021,DFAM,2021,384.0,92.0,-0.7604166666666666,-0.7604166666666666,-0.0978766950448062
DFAM_2022,DFAM,2022,92.0,53.0,-0.4239130434782608,-0.4239130434782608,-0.0545637799654191
DFAM_2023,DFAM,2023,53.0,50.0,-0.0566037735849056,-0.0566037735849056,-0.0072857296905929
DGIK_2022,DGIK,2022,132.0,96.0,-0.2727272727272727,-0.2727272727272727,-0.0351039703274025
DGIK_2023,DGIK,2023,96.0,80.0,-0.1666666666666666,-0.1666666666666666,-0.0214524263111904
DGNS_2023,DGNS,2023,246.0,195.0,-0.2073170731707317,-0.2073170731707317,-0.0266847254114807
DIGI_2021,DIGI,2021,103.0,50.0,-0.5145631067961165,-0.5145631067961165,-0.0662317627860053
DIGI_2022,DIGI,2022,50.0,10.0,-0.8,-0.8,-0.102971646293714
DIGI_2023,DIGI,2023,10.0,15.0,0.5,0.5,0.0643572789335712
DILD_2021,DILD,2021,156.0,171.0,0.0961538461538461,0.0961538461538461,0.0123763997949175
DILD_2022,DILD,2022,171.0,198.0,0.1578947368421052,0.1578947368421052,0.0203233512421803
DILD_2023,DILD,2023,198.0,162.0,-0.1818181818181818,-0.1818181818181818,-0.023402646884935
DIVA_2021,DIVA,2021,2150.0,945.0,-0.5604651162790698,-0.5604651162790698,-0.072140019641817
DIVA_2022,DIVA,2022,945.0,238.0,-0.7481481481481481,-0.7481481481481481,-0.0962975581080103
DIVA_2023,DIVA,2023,238.0,133.0,-0.4411764705882353,-0.4411764705882353,-0.0567858343531511
DKFT_2021,DKFT,2021,115.39180755615234,97.42095184326172,-0.1557377087116482,-0.1557377087116482,-0.0200457103200616
DKFT_2022,DKFT,2022,97.42095184326172,105.9334716796875,0.0873787380985701,0.0873787380985701,0.0112469156413462
DKFT_2023,DKFT,2023,105.9334716796875,198.6252593994141,0.875,0.875,0.1126252381337497
DLTA_2021,DLTA,2021,2701.494140625,2981.516357421875,0.1036545712189073,0.1036545712189073,0.0133418523053498
DLTA_2022,DLTA,2022,2981.516357421875,2989.680419921875,0.0027382249571353,0.0027382249571353,0.0003524494146984
DLTA_2023,DLTA,2023,2989.680419921875,1987.092529296875,-0.3353495189466435,-0.3353495189466435,-0.0431643650621761
DMAS_2021,DMAS,2021,126.22566986083984,116.36203002929688,-0.0781428994785082,-0.0781428994785082,-0.0100581287568327
DMAS_2022,DMAS,2022,116.36203002929688,136.1420440673828,0.1699868422122392,0.1699868422122392,0.02187978123858
DMAS_2023,DMAS,2023,136.1420440673828,124.44886016845705,-0.0858895867109083,-0.0858895867109083,-0.0110552401788861
DMMX_2022,DMMX,2022,990.0,314.0,-0.6828282828282828,-0.6828282828282828,-0.0878899405234225
DMMX_2023,DMMX,2023,314.0,246.0,-0.2165605095541401,-0.2165605095541401,-0.0278744902387442
DMND_2022,DMND,2022,805.7235717773438,805.7235717773438,0.0,0.0,0.0
DMND_2023,DMND,2023,805.7235717773438,790.894287109375,-0.0184049284238474,-0.0184049284238474,-0.0023689822246519
DOID_2021,DOID,2021,248.5946044921875,286.26043701171875,0.1515150845549222,0.1515150845549222,0.0195021971186895
DOID_2022,DOID,2022,286.26043701171875,345.4293212890625,0.2066959894808011,0.2066959894808011,0.0266047828989328
DOID_2023,DOID,2023,345.4293212890625,555.0,0.6066962640254976,0.6066962640254976,0.078090641383689
DPNS_2021,DPNS,2021,349.42840576171875,368.4289245605469,0.0543759994480383,0.0543759994480383,0.0069989827275382
DPNS_2022,DPNS,2022,368.4289245605469,401.5408935546875,0.089873424117381,0.089873424117381,0.0115680180492748
DPNS_2023,DPNS,2023,401.5408935546875,315.6614074707031,-0.213874819383217,-0.213874819383217,-0.0275288028158257
DPUM_2021,DPUM,2021,50.0,50.0,0.0,0.0,0.0
DPUM_2022,DPUM,2022,50.0,37.0,-0.26,-0.26,-0.033465785045457
DPUM_2023,DPUM,2023,37.0,64.0,0.7297297297297297,0.7297297297297297,0.0939268395246715
DSFI_2021,DSFI,2021,95.0,91.0,-0.0421052631578947,-0.0421052631578947,-0.0054195603312481
DSFI_2022,DSFI,2022,91.0,68.0,-0.2527472527472527,-0.2527472527472527,-0.0325322508894975
DSFI_2023,DSFI,2023,68.0,57.0,-0.1617647058823529,-0.1617647058823529,-0.0208214725961554
DSNG_2021,DSNG,2021,411.6364135742187,510.851318359375,0.2410255786743405,0.2410255786743405,0.0310235007937399
DSNG_2022,DSNG,2022,510.851318359375,499.53961181640625,-0.0221428547533103,-0.0221428547533103,-0.0028501077594886
DSNG_2023,DSNG,2023,499.53961181640625,884.3236694335938,0.770277368431406,0.770277368431406,0.0991459109127144
DSSA_2021,DSSA,2021,196.0,159.1999969482422,-0.1877551176110092,-0.1877551176110092,-0.0241668169505943
DSSA_2022,DSSA,2022,159.1999969482422,320.0,1.0100502897876047,1.0100502897876047,0.1300081764735907
DSSA_2023,DSSA,2023,320.0,1480.0,3.625,3.625,0.4665902722683916
DUTI_2021,DUTI,2021,2889.953369140625,3820.243896484375,0.3219050304678055,0.3219050304678055,0.0414338636718726
DUTI_2022,DUTI,2022,3820.243896484375,4263.1708984375,0.1159420743687945,0.1159420743687945,0.0149234328405787
DUTI_2023,DUTI,2023,4263.1708984375,3620.0,-0.1508667876001005,-0.1508667876001005,-0.019418751862783
DVLA_2021,DVLA,2021,2164.156005859375,1951.2010498046875,-0.0984009264942636,-0.0984009264942636,-0.0126656317474263
DVLA_2022,DVLA,2022,1951.2010498046875,1462.2589111328125,-0.25058521710042,-0.25058521710042,-0.0322539654271224
DVLA_2023,DVLA,2023,1462.2589111328125,1499.4345703125,0.0254234451208695,0.0254234451208695,0.0032723674981922
DWGL_2021,DWGL,2021,189.0,172.0,-0.0899470899470899,-0.0899470899470899,-0.0115774999139757
DWGL_2022,DWGL,2022,172.0,116.0,-0.3255813953488372,-0.3255813953488372,-0.0419070653520929
DWGL_2023,DWGL,2023,116.0,250.0,1.1551724137931034,1.1551724137931034,0.1486875065016991
DYAN_2021,DYAN,2021,75.0,98.0,0.3066666666666666,0.3066666666666666,0.0394724644125903
DYAN_2022,DYAN,2022,98.0,85.0,-0.1326530612244898,-0.1326530612244898,-0.0170743801252331
DYAN_2023,DYAN,2023,85.0,90.0,0.0588235294117647,0.0588235294117647,0.0075714445804201
EAST_2022,EAST,2022,73.27134704589844,122.98809051513672,0.6785291314228856,0.6785291314228856,0.0873365771510729
EAST_2023,EAST,2023,122.98809051513672,97.56544494628906,-0.2067081898935472,-0.2067081898935472,-0.0266063532696652
ECII_2021,ECII,2021,958.05419921875,493.8423767089844,-0.4845360762348408,-0.4845360762348408,-0.0623668468232475
ECII_2022,ECII,2022,493.8423767089844,288.0,-0.4168179694920854,-0.4168179694920854,-0.0536505406542538
ECII_2023,ECII,2023,288.0,256.0,-0.1111111111111111,-0.1111111111111111,-0.0143016175407936
EDGE_2023,EDGE,2023,5050.0,3700.0,-0.2673267326732673,-0.2673267326732673,-0.0344088422021074
EKAD_2021,EKAD,2021,235.0153961181641,234.2658843994141,-0.0031892026272744,-0.0031892026272744,-0.0004104968061183
EKAD_2022,EKAD,2022,234.2658843994141,214.53955078125,-0.0842048925251593,-0.0842048925251593,-0.0108383955116261
EKAD_2023,EKAD,2023,214.53955078125,190.93356323242188,-0.1100309358478026,-0.1100309358478026,-0.0141625832593578
ELSA_2021,ELSA,2021,199.23228454589844,230.8018341064453,0.1584559933772881,0.1584559933772881,0.0203955931289565
ELSA_2022,ELSA,2022,230.8018341064453,310.3924560546875,0.3448439751632786,0.3448439751632786,0.0443864397962892
ELSA_2023,ELSA,2023,310.3924560546875,369.1505737304687,0.1893026603244144,0.1893026603244144,0.0243660082267308
ELTY_2021,ELTY,2021,50.0,50.0,0.0,0.0,0.0
ELTY_2022,ELTY,2022,50.0,50.0,0.0,0.0,0.0
ELTY_2023,ELTY,2023,50.0,12.0,-0.76,-0.76,-0.0978230639790283
EMDE_2021,EMDE,2021,166.0,122.0,-0.2650602409638554,-0.2650602409638554,-0.0341171117238209
EMDE_2022,EMDE,2022,122.0,117.0,-0.040983606557377,-0.040983606557377,-0.0052751867978337
EMDE_2023,EMDE,2023,117.0,119.0,0.017094017094017,0.017094017094017,0.0022002488524297
EMTK_2021,EMTK,2021,2083.090087890625,943.7261352539062,-0.5469585589504962,-0.5469585589504962,-0.0704015290869625
EMTK_2022,EMTK,2022,943.7261352539062,544.3350830078125,-0.4232065186354503,-0.4232065186354503,-0.0544728399326545
EMTK_2023,EMTK,2023,544.3350830078125,458.6484069824219,-0.1574153103487559,-0.1574153103487559,-0.0202616420730591
ENRG_2021,ENRG,2021,102.0,294.0,1.8823529411764703,1.8823529411764703,0.2422862265734447
ENRG_2022,ENRG,2022,294.0,220.0,-0.2517006802721088,-0.2517006802721088,-0.0323975417760834
ENRG_2023,ENRG,2023,220.0,230.0,0.0454545454545454,0.0454545454545454,0.0058506617212337
ENVY_2022,ENVY,2022,50.0,50.0,0.0,0.0,0.0
ENVY_2023,ENVY,2023,50.0,50.0,0.0,0.0,0.0
ENZO_2023,ENZO,2023,50.0,35.0,-0.3,-0.3,-0.0386143673601427
EPAC_2023,EPAC,2023,10.0,10.0,0.0,0.0,0.0
EPMT_2022,EPMT,2022,2222.9453125,2245.0,0.009921381050619,0.009921381050619,0.0012770261753618
EPMT_2023,EPMT,2023,2245.0,2260.7509765625,0.0070160251948775,0.0070160251948775,0.0009030645809433
ERAA_2021,ERAA,2021,507.3111877441406,346.9542541503906,-0.3160918534180347,-0.3160918534180347,-0.0406856231581079
ERAA_2022,ERAA,2022,346.9542541503906,392.19287109375,0.1303878433603245,0.1303878433603245,0.0167828136093744
ERAA_2023,ERAA,2023,392.19287109375,388.7999877929687,-0.0086510580656888,-0.0086510580656888,-0.0011135171140081
ERTX_2021,ERTX,2021,198.576904296875,442.5989990234375,1.2288543604333078,1.2288543604333078,0.1581714456862833
ERTX_2022,ERTX,2022,442.5989990234375,236.0,-0.4667859608342611,-0.4667859608342611,-0.0600821485673712
ERTX_2023,ERTX,2023,236.0,101.0,-0.5720338983050848,-0.5720338983050848,-0.0736290903053569
ESIP_2022,ESIP,2022,57.73636245727539,49.772727966308594,-0.1379310048647392,-0.1379310048647392,-0.0177537283073355
ESIP_2023,ESIP,2023,49.772727966308594,21.899999618530273,-0.5600000137956174,-0.5600000137956174,-0.0720801541812966
ESSA_2021,ESSA,2021,490.8548278808594,852.234130859375,0.736224403738023,0.736224403738023,0.0947627986181402
ESSA_2022,ESSA,2022,852.234130859375,517.7894287109375,-0.3924328890831801,-0.3924328890831801,-0.0505118258108669
ESSA_2023,ESSA,2023,517.7894287109375,797.2440795898438,0.5397071384300419,0.5397071384300419,0.0694681657007635
ESTI_2022,ESTI,2022,53.0,50.0,-0.0566037735849056,-0.0566037735849056,-0.0072857296905929
ESTI_2023,ESTI,2023,50.0,41.0,-0.18,-0.18,-0.0231686204160856
ETWA_2021,ETWA,2021,62.0,179.0,1.8870967741935485,1.8870967741935485,0.2428968269428334
ETWA_2022,ETWA,2022,179.0,97.0,-0.4581005586592179,-0.4581005586592179,-0.0589642108665122
EXCL_2021,EXCL,2021,2714.723876953125,1864.45458984375,-0.3132065453609507,-0.3132065453609507,-0.0403142420072298
EXCL_2022,EXCL,2022,1864.45458984375,1781.0394287109375,-0.0447397118638341,-0.0447397118638341,-0.0057586522316567
EXCL_2023,EXCL,2023,1781.0394287109375,2042.1376953125,0.146598813250607,0.146598813250607,0.0188694014313996
FAPA_2023,FAPA,2023,5300.0,5400.0,0.0188679245283018,0.0188679245283018,0.0024285765635309
FAST_2021,FAST,2021,975.0,820.0,-0.1589743589743589,-0.1589743589743589,-0.020462314327597
FAST_2022,FAST,2022,820.0,740.0,-0.0975609756097561,-0.0975609756097561,-0.0125575178406968
FAST_2023,FAST,2023,740.0,292.0,-0.6054054054054054,-0.6054054054054054,-0.0779244890871349
FASW_2021,FASW,2021,7454.10498046875,5828.140625,-0.2181300585018728,-0.2181300585018728,-0.0280765140376024
FASW_2022,FASW,2022,5828.140625,5800.0,-0.0048284052857767,-0.0048284052857767,-0.0006214860515621
FASW_2023,FASW,2023,5800.0,4830.0,-0.1672413793103448,-0.1672413793103448,-0.0215264001950221
FILM_2021,FILM,2021,939.5592041015624,1899.0032958984375,1.021164060347136,1.021164060347136,0.1314386805373976
FILM_2022,FILM,2022,1899.0032958984375,3937.200439453125,1.0732983707594863,1.0732983707594863,0.1381491252518316
FILM_2023,FILM,2023,3937.200439453125,3860.0,-0.0196079525643474,-0.0196079525643474,-0.0025238289449998
FIMP_2023,FIMP,2023,76.0,48.0,-0.3684210526315789,-0.3684210526315789,-0.0474211528984209
FIRE_2021,FIRE,2021,458.0,163.0,-0.6441048034934498,-0.6441048034934498,-0.0829056650017621
FIRE_2022,FIRE,2022,163.0,113.0,-0.3067484662576687,-0.3067484662576687,-0.0394829932107799
FIRE_2023,FIRE,2023,113.0,88.0,-0.2212389380530973,-0.2212389380530973,-0.0284766720945005
FISH_2021,FISH,2021,7345.4287109375,6504.46044921875,-0.1144886561170392,-0.1144886561170392,-0.014736356752908
FISH_2022,FISH,2022,6504.46044921875,5361.35205078125,-0.1757422321746607,-0.1757422321746607,-0.0226205837129461
FISH_2023,FISH,2023,5361.35205078125,10392.4775390625,0.9384061036521786,0.9384061036521786,0.120786526731418
FITT_2021,FITT,2021,510.0,438.0,-0.1411764705882353,-0.1411764705882353,-0.0181714669930083
FITT_2022,FITT,2022,438.0,520.0,0.1872146118721461,0.1872146118721461,0.0240972459933919
FITT_2023,FITT,2023,520.0,97.0,-0.8134615384615385,-0.8134615384615385,-0.1047043422650024
FMII_2021,FMII,2021,161.5589599609375,108.8397216796875,-0.326315781520237,-0.326315781520237,-0.0420015915434483
FMII_2022,FMII,2022,108.8397216796875,320.0,1.940103071392922,1.940103071392922,0.2497195090510252
FMII_2023,FMII,2023,320.0,545.0,0.703125,0.703125,0.0905024235003345
FOOD_2021,FOOD,2021,133.0,111.0,-0.1654135338345864,-0.1654135338345864,-0.0212911298727604
FOOD_2022,FOOD,2022,111.0,103.0,-0.072072072072072,-0.072072072072072,-0.0092767248913255
FOOD_2023,FOOD,2023,103.0,116.0,0.1262135922330097,0.1262135922330097,0.0162455267210956
FORU_2021,FORU,2021,222.0,218.0,-0.018018018018018,-0.018018018018018,-0.0023191812228313
FORU_2022,FORU,2022,218.0,135.0,-0.3807339449541284,-0.3807339449541284,-0.0490060013897836
FPNI_2021,FPNI,2021,464.0,218.0,-0.5301724137931034,-0.5301724137931034,-0.068240907834735
FPNI_2022,FPNI,2022,218.0,197.0,-0.0963302752293578,-0.0963302752293578,-0.0123991087853669
FPNI_2023,FPNI,2023,197.0,188.0,-0.0456852791878172,-0.0456852791878172,-0.0058803605116968
GAMA_2021,GAMA,2021,50.0,50.0,0.0,0.0,0.0
GDST_2021,GDST,2021,87.52598571777344,132.1642303466797,0.5099999076027749,0.5099999076027749,0.0656444126193747
GDST_2022,GDST,2022,132.1642303466797,115.53429412841795,-0.1258278141872409,-0.1258278141872409,-0.0161958714704996
GDST_2023,GDST,2023,115.53429412841795,94.19548797607422,-0.184696728476355,-0.184696728476355,-0.0237731577453417
GDYR_2021,GDYR,2021,1340.0,1395.0,0.0410447761194029,0.0410447761194029,0.0052830602109647
GDYR_2022,GDYR,2022,1395.0,1460.0,0.046594982078853,0.046594982078853,0.0059974525171069
GDYR_2023,GDYR,2023,1460.0,1010.0,-0.3082191780821918,-0.3082191780821918,-0.0396722952330233
GEMA_2021,GEMA,2021,328.7942199707031,278.6391906738281,-0.1525423083816498,-0.1525423083816498,-0.0196344157793773
GEMA_2022,GEMA,2022,278.6391906738281,260.063232421875,-0.0666667104761222,-0.0666667104761222,-0.0085809761633908
GEMA_2023,GEMA,2023,260.063232421875,153.2008819580078,-0.4109091064842065,-0.4109091064842065,-0.0528899839646972
GEMS_2021,GEMS,2021,4554.77197265625,4838.51171875,0.0622950496308333,0.0622950496308333,0.0080182797705444
GEMS_2022,GEMS,2022,4838.51171875,4686.83544921875,-0.0313477115170519,-0.0313477115170519,-0.004034906828064
GEMS_2023,GEMS,2023,4686.83544921875,9980.7392578125,1.1295262797152803,1.1295262797152803,0.1453864756928706
GGRM_2021,GGRM,2021,25739.869140625,16298.873046875,-0.3667849297201501,-0.3667849297201501,-0.04721056006126
GGRM_2022,GGRM,2022,16298.873046875,19235.1875,0.1801544465485595,0.1801544465485595,0.0231884999352975
GGRM_2023,GGRM,2023,19235.1875,12563.203125,-0.3468634956118832,-0.3468634956118832,-0.044646381477935
GGRP_2022,GGRP,2022,205.99371337890625,188.22171020507812,-0.0862744929557057,-0.0862744929557057,-0.0111047832160055
GGRP_2023,GGRP,2023,188.22171020507812,243.1533660888672,0.2918454827763382,0.2918454827763382,0.0375647622810791
GHON_2021,GHON,2021,1790.4637451171875,1502.0086669921875,-0.1611063496324078,-0.1611063496324078,-0.0207367325625246
GHON_2022,GHON,2022,1502.0086669921875,1600.6163330078125,0.0656505306411377,0.0656505306411377,0.0084501790252173
GHON_2023,GHON,2023,1600.6163330078125,1440.5882568359375,-0.0999790348703719,-0.0999790348703719,-0.0128687572693235
GIAA_2021,GIAA,2021,203.55413818359375,203.5541229248047,-7.496182194408388e-08,-7.496182194408388e-08,-9.64867776844822e-09
GIAA_2022,GIAA,2022,203.5541229248047,69.0,-0.6610238151477313,-0.6610238151477313,-0.0850833881063919
GIAA_2023,GIAA,2023,69.0,55.0,-0.2028985507246377,-0.2028985507246377,-0.0261159972484057
GJTL_2021,GJTL,2021,565.803955078125,476.4664306640625,-0.1578948390378907,-0.1578948390378907,-0.0203233643962657
GJTL_2022,GJTL,2022,476.4664306640625,880.6121215820312,0.8482144069514013,0.8482144069514013,0.1091775423672901
GJTL_2023,GJTL,2023,880.6121215820312,994.9122924804688,0.1297962724986067,0.1297962724986067,0.0167066698274613
GLOB_2021,GLOB,2021,214.0,112.0,-0.4766355140186916,-0.4766355140186916,-0.0613499294506941
GLOB_2022,GLOB,2022,112.0,109.0,-0.0267857142857142,-0.0267857142857142,-0.0034477113714413
GLOB_2023,GLOB,2023,109.0,65.0,-0.4036697247706422,-0.4036697247706422,-0.0519581701482043
GLVA_2022,GLVA,2022,578.5978393554688,599.1959228515625,0.0356000007173187,0.0356000007173187,0.0045822383523996
GLVA_2023,GLVA,2023,599.1959228515625,317.8522644042969,-0.4695353351343852,-0.4695353351343852,-0.0604360330648229
GMFI_2021,GMFI,2021,74.0,66.0,-0.1081081081081081,-0.1081081081081081,-0.0139150873369883
GMFI_2022,GMFI,2022,66.0,80.0,0.2121212121212121,0.2121212121212121,0.0273030880324241
GMFI_2023,GMFI,2023,80.0,49.0,-0.3875,-0.3875,-0.0498768911735177
GMTD_2021,GMTD,2021,1664.5966796875,1443.1480712890625,-0.1330343927154839,-0.1330343927154839,-0.0171234630394973
GMTD_2022,GMTD,2022,1443.1480712890625,2376.697998046875,0.6468843671210662,0.6468843671210662,0.0832634353051543
GMTD_2023,GMTD,2023,2376.697998046875,4661.67724609375,0.9614091693284664,0.9614091693284664,0.1237473561595303
GOLD_2021,GOLD,2021,400.0,320.0,-0.2,-0.2,-0.0257429115734285
GOLD_2022,GOLD,2022,320.0,286.0,-0.10625,-0.10625,-0.0136759217733838
GOLD_2023,GOLD,2023,286.0,284.0,-0.0069930069930069,-0.0069930069930069,-0.0009001018032667
GOOD_2021,GOOD,2021,475.87933349609375,481.17669677734375,0.01113173636336,0.01113173636336,0.0014328165243034
GOOD_2022,GOOD,2022,481.17669677734375,399.2471618652344,-0.1702691245457817,-0.1702691245457817,-0.0219161150843357
GOOD_2023,GOOD,2023,399.2471618652344,390.9111633300781,-0.0208792931581817,-0.0208792931581817,-0.0026874689874338
GPRA_2021,GPRA,2021,77.0923080444336,88.85041809082031,0.152519886155305,0.152519886155305,0.0196315297124269
GPRA_2022,GPRA,2022,88.85041809082031,85.10960388183594,-0.0421023816135634,-0.0421023816135634,-0.0054191894345435
GPRA_2023,GPRA,2023,85.10960388183594,81.6535415649414,-0.0406071954193658,-0.0406071954193658,-0.0052267372046283
GTBO_2021,GTBO,2021,72.51348114013672,180.80027770996097,1.4933333066792558,1.4933333066792558,0.1922137363174983
GTBO_2022,GTBO,2022,180.80027770996097,418.0,1.311943351495034,1.311943351495034,0.1688662084344204
GTBO_2023,GTBO,2023,418.0,218.0,-0.4784688995215311,-0.4784688995215311,-0.0615859128550921
GWSA_2021,GWSA,2021,183.0,151.0,-0.174863387978142,-0.174863387978142,-0.0225074636707571
GWSA_2022,GWSA,2022,151.0,154.0,0.0198675496688741,0.0198675496688741,0.0025572428715326
GWSA_2023,GWSA,2023,154.0,133.0,-0.1363636363636363,-0.1363636363636363,-0.0175519851637012
GZCO_2021,GZCO,2021,69.0,81.0,0.1739130434782608,0.1739130434782608,0.0223851404986334
GZCO_2022,GZCO,2022,81.0,120.0,0.4814814814814814,0.4814814814814814,0.0619736760101056
GZCO_2023,GZCO,2023,120.0,113.0,-0.0583333333333333,-0.0583333333333333,-0.0075083492089166
HADE_2021,HADE,2021,50.0,50.0,0.0,0.0,0.0
HADE_2022,HADE,2022,50.0,4.0,-0.92,-0.86,-0.1106945197657425
HADE_2023,HADE,2023,4.0,7.0,0.75,0.75,0.0965359184003568
HDIT_2022,HDIT,2022,54.0,50.0,-0.074074074074074,-0.074074074074074,-0.0095344116938624
HDIT_2023,HDIT,2023,50.0,19.0,-0.62,-0.62,-0.0798030258776283
HDTX_2022,HDTX,2022,120.0,120.0,0.0,0.0,0.0
HDTX_2023,HDTX,2023,120.0,120.0,0.0,0.0,0.0
HEAL_2021,HEAL,2021,1031.66162109375,1501.0128173828125,0.4549468417672302,0.4549468417672302,0.0585582815911218
HEAL_2022,HEAL,2022,1501.0128173828125,1450.486328125,-0.0336615974711736,-0.0336615974711736,-0.0043327376356038
HEAL_2023,HEAL,2023,1450.486328125,1597.0185546875,0.1010228250492493,0.1010228250492493,0.0130031082607038
HELI_2021,HELI,2021,326.0,280.0,-0.1411042944785276,-0.1411042944785276,-0.0181621768769587
HELI_2022,HELI,2022,280.0,404.0,0.4428571428571428,0.4428571428571428,0.0570021613411631
HELI_2023,HELI,2023,404.0,270.0,-0.3316831683168317,-0.3316831683168317,-0.042692452361874
HERO_2021,HERO,2021,1840.0,1500.0,-0.1847826086956521,-0.1847826086956521,-0.023784211779798
HERO_2022,HERO,2022,1500.0,885.0,-0.41,-0.41,-0.0527729687255284
HERO_2023,HERO,2023,885.0,565.0,-0.3615819209039548,-0.3615819209039548,-0.0465408570819046
HEXA_2021,HEXA,2021,3203.216552734375,4148.515625,0.2951093242380648,0.2951093242380648,0.0379848661917737
HEXA_2022,HEXA,2022,4148.515625,4781.69287109375,0.152627422270767,0.152627422270767,0.0196453711759834
HEXA_2023,HEXA,2023,4781.69287109375,4809.9765625,0.0059149954145382,0.0059149954145382,0.0007613460195684
HITS_2021,HITS,2021,384.0,366.0,-0.046875,-0.046875,-0.0060334949000223
HITS_2022,HITS,2022,366.0,376.0,0.0273224043715847,0.0273224043715847,0.0035167911985558
HITS_2023,HITS,2023,376.0,396.0,0.0531914893617021,0.0531914893617021,0.0068465190354863
HKMU_2021,HKMU,2021,53.0,50.0,-0.0566037735849056,-0.0566037735849056,-0.0072857296905929
HKMU_2022,HKMU,2022,50.0,50.0,0.0,0.0,0.0
HMSP_2021,HMSP,2021,664.9044799804688,616.6756591796875,-0.0725349614161088,-0.0725349614161088,-0.0093363054885846
HMSP_2022,HMSP,2022,616.6756591796875,695.27587890625,0.127457957123065,0.127457957123065,0.0164056945977445
HMSP_2023,HMSP,2023,695.27587890625,536.8058471679688,-0.227923960180487,-0.227923960180487,-0.0293371317619595
HOKI_2021,HOKI,2021,174.24456787109375,99.9365005493164,-0.426458444183755,-0.426458444183755,-0.0548914100918214
HOKI_2022,HOKI,2022,99.9365005493164,170.00650024414062,0.7011452203116344,0.7011452203116344,0.0902475970330722
HOKI_2023,HOKI,2023,170.00650024414062,111.81053161621094,-0.342316138173284,-0.342316138173284,-0.0440610703757619
HOMI_2023,HOMI,2023,220.0,370.0,0.6818181818181818,0.6818181818181818,0.0877599258185062
HOPE_2023,HOPE,2023,61.0,27.0,-0.5573770491803278,-0.5573770491803278,-0.0717425404505384
HOTL_2021,HOTL,2021,50.0,50.0,0.0,0.0,0.0
HOTL_2022,HOTL,2022,50.0,50.0,0.0,0.0,0.0
HOTL_2023,HOTL,2023,50.0,50.0,0.0,0.0,0.0
HRME_2021,HRME,2021,53.0,52.0,-0.0188679245283018,-0.0188679245283018,-0.0024285765635309
HRME_2022,HRME,2022,52.0,50.0,-0.0384615384615384,-0.0384615384615384,-0.004950559917967
HRME_2023,HRME,2023,50.0,45.0,-0.1,-0.1,-0.0128714557867142
HRTA_2021,HRTA,2021,177.6385040283203,177.6385040283203,0.0,0.0,0.0
HRTA_2022,HRTA,2022,177.6385040283203,316.6445007324219,0.7825217706288514,0.7825217706288514,0.1007219437279061
HRTA_2023,HRTA,2023,316.6445007324219,334.4607849121094,0.056265888523177,0.056265888523177,0.0072422389642626
HRUM_2021,HRUM,2021,1962.68017578125,1620.0,-0.1745980725794233,-0.1745980725794233,-0.0224733137165157
HRUM_2022,HRUM,2022,1620.0,1335.0,-0.1759259259259259,-0.1759259259259259,-0.0226442277729232
HRUM_2023,HRUM,2023,1335.0,1035.0,-0.2247191011235955,-0.2247191011235955,-0.0289246197454252
IATA_2021,IATA,2021,65.0,120.0,0.8461538461538461,0.8461538461538461,0.1089123181952744
IATA_2022,IATA,2022,120.0,50.0,-0.5833333333333334,-0.5833333333333334,-0.0750834920891664
IATA_2023,IATA,2023,50.0,50.0,0.0,0.0,0.0
IBFN_2021,IBFN,2021,54.0,97.0,0.7962962962962963,0.7962962962962963,0.1024949257090208
IBFN_2022,IBFN,2022,97.0,18.0,-0.8144329896907216,-0.8144329896907216,-0.1048293821804562
IBFN_2023,IBFN,2023,18.0,14.0,-0.2222222222222222,-0.2222222222222222,-0.0286032350815872
IBST_2021,IBST,2021,5465.01513671875,5775.0,0.0567216843002868,0.0567216843002868,0.007300906516191
IBST_2022,IBST,2022,5775.0,5600.0,-0.0303030303030303,-0.0303030303030303,-0.0039004411474891
IBST_2023,IBST,2023,5600.0,5025.0,-0.1026785714285714,-0.1026785714285714,-0.0132162269238583
ICBP_2021,ICBP,2021,7996.5615234375,9418.9873046875,0.1778796770438075,0.1778796770438075,0.0228957039842437
ICBP_2022,ICBP,2022,9418.9873046875,10127.5966796875,0.0752320129625134,0.0752320129625134,0.009683455285925
ICBP_2023,ICBP,2023,10127.5966796875,11107.3525390625,0.0967412003422347,0.0967412003422347,0.0124520008295873
ICON_2021,ICON,2021,102.0,60.0,-0.4117647058823529,-0.4117647058823529,-0.053000112062941
ICON_2022,ICON,2022,60.0,50.0,-0.1666666666666666,-0.1666666666666666,-0.0214524263111904
ICON_2023,ICON,2023,50.0,40.0,-0.2,-0.2,-0.0257429115734285
IDPR_2021,IDPR,2021,176.2237548828125,166.1453857421875,-0.0571907524460992,-0.0571907524460992,-0.0073612824151888
IDPR_2022,IDPR,2022,166.1453857421875,130.6313934326172,-0.2137525044762806,-0.2137525044762806,-0.0275130591066588
IDPR_2023,IDPR,2023,130.6313934326172,163.64767456054688,0.2527438486290072,0.2527438486290072,0.0325318127299226
IFII_2022,IFII,2022,142.0328826904297,139.0250701904297,-0.0211768742774568,-0.0211768742774568,-0.0027257720096309
IFII_2023,IFII,2023,139.0250701904297,195.1599884033203,0.403775507079405,0.403775507079405,0.0519717858713068
IFSH_2022,IFSH,2022,871.96826171875,810.3876342773438,-0.0706225560549918,-0.0706225560549918,-0.0090901510780657
IFSH_2023,IFSH,2023,810.3876342773438,801.4200439453125,-0.0110658035151634,-0.0110658035151634,-0.0014243300068989
IGAR_2021,IGAR,2021,426.4778442382813,456.5355529785156,0.0704789454981407,0.0704789454981407,0.0090716663087356
IGAR_2022,IGAR,2022,456.5355529785156,429.1042175292969,-0.0600858690418567,-0.0600858690418567,-0.0077339260677856
IGAR_2023,IGAR,2023,429.1042175292969,529.0326538085938,0.2328768448249388,0.2328768448249388,0.0299746401191371
IIKP_2021,IIKP,2021,50.0,50.0,0.0,0.0,0.0
IKAI_2021,IKAI,2021,50.0,50.0,0.0,0.0,0.0
IKAI_2022,IKAI,2022,50.0,50.0,0.0,0.0,0.0
IKAI_2023,IKAI,2023,50.0,11.0,-0.78,-0.78,-0.1003973551363711
IKAN_2022,IKAN,2022,59.0,50.0,-0.1525423728813559,-0.1525423728813559,-0.0196344240814285
IKAN_2023,IKAN,2023,50.0,24.0,-0.52,-0.52,-0.0669315700909141
IKBI_2022,IKBI,2022,182.9825134277344,401.2825622558594,1.1930104398436885,1.1930104398436885,0.1535578112953655
IKBI_2023,IKBI,2023,401.2825622558594,356.5948486328125,-0.1113622116341895,-0.1113622116341895,-0.0143339378336018
IMAS_2021,IMAS,2021,855.8419189453125,854.793212890625,-0.0012253501861416,-0.0012253501861416,-0.0001577204074416
IMAS_2022,IMAS,2022,854.793212890625,1377.4697265625,0.6114654466012401,0.6114654466012401,0.0787045046103134
IMAS_2023,IMAS,2023,1377.4697265625,900.4749755859375,-0.346283291587766,-0.346283291587766,-0.044571700773498
IMJS_2021,IMJS,2021,416.6205139160156,313.6632080078125,-0.2471249073658378,-0.2471249073658378,-0.0318085731895523
IMJS_2022,IMJS,2022,313.6632080078125,278.2763366699219,-0.1128180495335915,-0.1128180495335915,-0.0145213253651496
IMJS_2023,IMJS,2023,278.2763366699219,148.72935485839844,-0.4655335892436513,-0.4655335892436513,-0.0599209501118005
IMPC_2021,IMPC,2021,206.16786193847656,286.4189758300781,0.389251327229409,0.389251327229409,0.0501023124835317
IMPC_2022,IMPC,2022,286.4189758300781,382.9244384765625,0.3369380899669773,0.3369380899669773,0.0433688372786989
IMPC_2023,IMPC,2023,382.9244384765625,370.0,-0.0337519290437075,-0.0337519290437075,-0.0043443646240239
INAF_2021,INAF,2021,2230.0,1150.0,-0.484304932735426,-0.484304932735426,-0.0623370952899165
INAF_2022,INAF,2022,1150.0,580.0,-0.4956521739130435,-0.4956521739130435,-0.0637976504211054
INAF_2023,INAF,2023,580.0,126.0,-0.7827586206896552,-0.7827586206896552,-0.1007524297787632
INAI_2021,INAI,2021,292.0,264.0,-0.0958904109589041,-0.0958904109589041,-0.0123424918502739
INAI_2022,INAI,2022,264.0,204.0,-0.2272727272727272,-0.2272727272727272,-0.0292533086061687
INAI_2023,INAI,2023,204.0,96.0,-0.5294117647058824,-0.5294117647058824,-0.0681430012237813
INCF_2021,INCF,2021,276.0,57.0,-0.7934782608695652,-0.7934782608695652,-0.1021322035250152
INCF_2022,INCF,2022,57.0,50.0,-0.1228070175438596,-0.1228070175438596,-0.0158070509661403
INCF_2023,INCF,2023,50.0,19.0,-0.62,-0.62,-0.0798030258776283
INCI_2021,INCI,2021,455.4230346679687,553.013671875,0.2142856855674434,0.2142856855674434,0.0275816872750709
INCI_2022,INCI,2022,553.013671875,464.99072265625,-0.1591695715592474,-0.1591695715592474,-0.020487441029151
INCI_2023,INCI,2023,464.99072265625,520.1890258789062,0.118708396819913,0.118708396819913,0.0152794988117924
INCO_2021,INCO,2021,4471.89697265625,6784.2880859375,0.5170940044953046,0.5170940044953046,0.0665575261643633
INCO_2022,INCO,2022,6784.2880859375,4173.3720703125,-0.3848474567341733,-0.3848474567341733,-0.0495354702398333
INCO_2023,INCO,2023,4173.3720703125,3505.244873046875,-0.160092890355591,-0.160092890355591,-0.0206062855997928
INDF_2021,INDF,2021,5416.869140625,6001.22705078125,0.1078774278990292,0.1078774278990292,0.013885395435868
INDF_2022,INDF,2022,6001.22705078125,5961.47412109375,-0.0066241335898672,-0.0066241335898672,-0.0008526224262726
INDF_2023,INDF,2023,5961.47412109375,7437.07275390625,0.2475224420737353,0.2475224420737353,0.0318597416937162
INDO_2022,INDO,2022,91.0,89.0,-0.0219780219780219,-0.0219780219780219,-0.0028288913816954
INDO_2023,INDO,2023,89.0,116.0,0.3033707865168539,0.3033707865168539,0.0390482366563241
INDR_2021,INDR,2021,3591.882080078125,5353.2822265625,0.4903836226288541,0.4903836226288541,0.0631195111719606
INDR_2022,INDR,2022,5353.2822265625,3050.0,-0.43025608011732,-0.43025608011732,-0.0553802211219506
INDR_2023,INDR,2023,3050.0,2770.0,-0.0918032786885245,-0.0918032786885245,-0.0118164184271474
INDS_2021,INDS,2021,206.35704040527344,173.86204528808594,-0.1574697672217491,-0.1574697672217491,-0.0202686514653892
INDS_2022,INDS,2022,173.86204528808594,232.29879760742188,0.3361098865626906,0.3361098865626906,0.0432622354436921
INDS_2023,INDS,2023,232.29879760742188,236.06504821777344,0.0162129578333694,0.0162129578333694,0.0020868436992407
INDX_2021,INDX,2021,125.0,266.0,1.128,1.128,0.1451900212741367
INDX_2022,INDX,2022,266.0,115.0,-0.5676691729323309,-0.5676691729323309,-0.0730672866087914
INDX_2023,INDX,2023,115.0,83.0,-0.2782608695652174,-0.2782608695652174,-0.0358162247978135
INDY_2021,INDY,2021,1255.2620849609375,2311.1865234375,0.8411983848850353,0.8411983848850353,0.1082744781890317
INDY_2022,INDY,2022,2311.1865234375,1335.0682373046875,-0.4223450925462308,-0.4223450925462308,-0.0543619618544454
INDY_2023,INDY,2023,1335.0682373046875,1488.128173828125,0.1146457778311344,0.1146457778311344,0.0147565806048691
INKP_2021,INKP,2021,7612.05908203125,8542.3251953125,0.1222095235016242,0.1222095235016242,0.0157301447846657
INKP_2022,INKP,2022,8542.3251953125,8207.302734375,-0.0392191181297265,-0.0392191181297265,-0.0050480714500069
INKP_2023,INKP,2023,8207.302734375,6741.630859375,-0.1785814319802367,-0.1785814319802367,-0.0229860300606173
INOV_2022,INOV,2022,126.0,154.0,0.2222222222222222,0.2222222222222222,0.0286032350815872
INOV_2023,INOV,2023,154.0,92.0,-0.4025974025974026,-0.4025974025974026,-0.0518201466737846
INPP_2021,INPP,2021,641.022705078125,439.8401794433594,-0.3138461774302462,-0.3138461774302462,-0.0403965719662268
INPP_2022,INPP,2022,439.8401794433594,710.055908203125,0.614349805653812,0.614349805653812,0.0790757636104953
INPP_2023,INPP,2023,710.055908203125,902.3627319335938,0.2708333548228933,0.2708333548228933,0.0348601955217036
INPS_2021,INPS,2021,1790.0,1180.0,-0.3407821229050279,-0.3407821229050279,-0.0438636202787468
INPS_2022,INPS,2022,1180.0,168.0,-0.8576271186440678,-0.8576271186440678,-0.1103890953911425
INPS_2023,INPS,2023,168.0,130.0,-0.2261904761904762,-0.2261904761904762,-0.0291140071366155
INRU_2021,INRU,2021,695.0,660.0,-0.0503597122302158,-0.0503597122302158,-0.0064820280940287
INRU_2022,INRU,2022,660.0,1000.0,0.5151515151515151,0.5151515151515151,0.0663074995073158
INRU_2023,INRU,2023,1000.0,460.0,-0.54,-0.54,-0.0695058612482569
INTA_2021,INTA,2021,68.0,74.0,0.088235294117647,0.088235294117647,0.0113571668706302
INTA_2022,INTA,2022,74.0,50.0,-0.3243243243243243,-0.3243243243243243,-0.0417452620109651
INTA_2023,INTA,2023,50.0,12.0,-0.76,-0.76,-0.0978230639790283
INTD_2021,INTD,2021,258.0,163.0,-0.3682170542635659,-0.3682170542635659,-0.0473948953386765
INTD_2022,INTD,2022,163.0,136.0,-0.1656441717791411,-0.1656441717791411,-0.0213208163338211
INTD_2023,INTD,2023,136.0,204.0,0.5,0.5,0.0643572789335712
INTP_2021,INTP,2021,9638.056640625,8305.1337890625,-0.1382978852753519,-0.1382978852753519,-0.0178009511571777
INTP_2022,INTP,2022,8305.1337890625,8013.2568359375,-0.0351441602914801,-0.0351441602914801,-0.0045235650535298
INTP_2023,INTP,2023,8013.2568359375,6390.4716796875,-0.202512560058253,-0.202512560058253,-0.0260663146304411
IPCC_2021,IPCC,2021,355.986328125,419.8597717285156,0.1794266761309083,0.1794266761309083,0.0230948252877608
IPCC_2022,IPCC,2022,419.8597717285156,578.5833740234375,0.3780395574490849,0.3780395574490849,0.0486591944933491
IPCC_2023,IPCC,2023,578.5833740234375,645.7849731445312,0.1161485140054707,0.1161485140054707,0.0149500046271397
IPCM_2021,IPCM,2021,214.97007751464844,215.2628173828125,0.0013617703056562,0.0013617703056562,0.0001752796628091
IPCM_2022,IPCM,2022,215.2628173828125,233.9007568359375,0.0865822517782076,0.0865822517782076,0.0111443962567736
IPCM_2023,IPCM,2023,233.9007568359375,244.7007751464844,0.0461735073312405,0.0461735073312405,0.0059432025813158
IPOL_2021,IPOL,2021,164.1925506591797,172.0,0.0475505698003712,0.0475505698003712,0.0061204505681854
IPOL_2022,IPOL,2022,172.0,157.0,-0.0872093023255814,-0.0872093023255814,-0.0112251067907391
IPOL_2023,IPOL,2023,157.0,130.0,-0.1719745222929936,-0.1719745222929936,-0.0221356246013557
IPTV_2022,IPTV,2022,65.0,50.0,-0.2307692307692307,-0.2307692307692307,-0.0297033595078021
IPTV_2023,IPTV,2023,50.0,22.0,-0.56,-0.56,-0.0720801524055998
IRRA_2022,IRRA,2022,1080.0,800.0,-0.2592592592592592,-0.2592592592592592,-0.0333704409285184
IRRA_2023,IRRA,2023,800.0,400.0,-0.5,-0.5,-0.0643572789335712
ISAT_2021,ISAT,2021,1290.5152587890625,1331.173583984375,0.0315054974502693,0.0315054974502693,0.0040552161746957
ISAT_2022,ISAT,2022,1331.173583984375,2088.39453125,0.5688371196483366,0.5688371196483366,0.0732176183539544
ISAT_2023,ISAT,2023,2088.39453125,2269.519287109375,0.0867291850984514,0.0867291850984514,0.0111633087141247
ISSP_2021,ISSP,2021,323.38177490234375,206.61668395996097,-0.3610750512382587,-0.3610750512382587,-0.0464756155769883
ISSP_2022,ISSP,2022,206.61668395996097,250.6228179931641,0.2129844172783782,0.2129844172783782,0.0274141951025774
ISSP_2023,ISSP,2023,250.6228179931641,242.2157440185547,-0.0335447268605793,-0.0335447268605793,-0.0043176946866335
ITIC_2022,ITIC,2022,252.51712036132812,294.36090087890625,0.1657067071638692,0.1657067071638692,0.0213288655482174
ITIC_2023,ITIC,2023,294.36090087890625,248.0,-0.1574968032115723,-0.1574968032115723,-0.0202721313908658
ITMA_2021,ITMA,2021,750.0,815.0,0.0866666666666666,0.0866666666666666,0.011155261681819
ITMA_2022,ITMA,2022,815.0,690.0,-0.1533742331288343,-0.1533742331288343,-0.0197414966053899
ITMA_2023,ITMA,2023,690.0,720.0,0.0434782608695652,0.0434782608695652,0.0055962851246583
ITMG_2021,ITMG,2021,9532.283203125,22706.611328125,1.3820747709930623,1.3820747709930623,0.1778931430877042
ITMG_2022,ITMG,2022,22706.611328125,19402.30078125,-0.1455219583021705,-0.1455219583021705,-0.0187307945228246
ITMG_2023,ITMG,2023,19402.30078125,22590.9375,0.1643432268523244,0.1643432268523244,0.0211533657827564
JAST_2021,JAST,2021,220.0,84.0,-0.6181818181818182,-0.6181818181818182,-0.079568999408779
JAST_2022,JAST,2022,84.0,50.0,-0.4047619047619047,-0.4047619047619047,-0.052098749612891
JAST_2023,JAST,2023,50.0,69.0,0.38,0.38,0.0489115319895141
JAWA_2022,JAWA,2022,105.0,180.0,0.7142857142857143,0.7142857142857143,0.0919389699051018
JAWA_2023,JAWA,2023,180.0,110.0,-0.3888888888888889,-0.3888888888888889,-0.0500556613927776
JAYA_2021,JAYA,2021,162.44406127929688,92.71686553955078,-0.429238195540194,-0.429238195540194,-0.0552492045586461
JAYA_2022,JAYA,2022,92.71686553955078,103.58069610595705,0.1171721078272647,0.1171721078272647,0.0150817560533475
JAYA_2023,JAYA,2023,103.58069610595705,89.1546401977539,-0.1392735948930687,-0.1392735948930687,-0.0179265391892288
JECC_2021,JECC,2021,1087.2725830078125,887.7894897460938,-0.1834710967417867,-0.1834710967417867,-0.0236154010985188
JECC_2022,JECC,2022,887.7894897460938,447.10394287109375,-0.4963851813576159,-0.4963851813576159,-0.0638919991502468
JECC_2023,JECC,2023,447.10394287109375,603.184326171875,0.3490919411233673,0.3490919411233673,0.0449332148566767
JGLE_2021,JGLE,2021,50.0,50.0,0.0,0.0,0.0
JGLE_2022,JGLE,2022,50.0,50.0,0.0,0.0,0.0
JGLE_2023,JGLE,2023,50.0,6.0,-0.88,-0.86,-0.1106945197657425
JIHD_2021,JIHD,2021,436.0,352.0,-0.1926605504587156,-0.1926605504587156,-0.0247982175707338
JIHD_2022,JIHD,2022,352.0,388.0,0.1022727272727272,0.1022727272727272,0.0131639888727759
JIHD_2023,JIHD,2023,388.0,1220.0,2.1443298969072164,2.1443298969072164,0.2760064746017076
JKON_2021,JKON,2021,106.4844970703125,102.19076538085938,-0.0403225991349514,-0.0403225991349514,-0.0051901055197092
JKON_2022,JKON,2022,102.19076538085938,78.612060546875,-0.2307322461683092,-0.2307322461683092,-0.0296985990512466
JKON_2023,JKON,2023,78.612060546875,76.19451904296875,-0.0307528067206012,-0.0307528067206012,-0.0039583339202158
JKSW_2021,JKSW,2021,60.0,60.0,0.0,0.0,0.0
JKSW_2022,JKSW,2022,60.0,60.0,0.0,0.0,0.0
JKSW_2023,JKSW,2023,60.0,60.0,0.0,0.0,0.0
JPFA_2021,JPFA,2021,1375.232666015625,1076.027099609375,-0.2175672333854019,-0.2175672333854019,-0.0280040702515794
JPFA_2022,JPFA,2022,1076.027099609375,1027.3851318359375,-0.0452051512374509,-0.0452051512374509,-0.0058185610548458
JPFA_2023,JPFA,2023,1027.3851318359375,1766.1177978515625,0.7190416165508542,0.7190416165508542,0.0925511237624186
JRPT_2021,JRPT,2021,431.64935302734375,432.5467834472656,0.0020790727789299,0.0020790727789299,0.0002676069335135
JRPT_2022,JRPT,2022,432.5467834472656,630.7974243164062,0.4583334068262943,0.4583334068262943,0.0589941818153876
JRPT_2023,JRPT,2023,630.7974243164062,691.6173095703125,0.096417459725389,0.096417459725389,0.0124103306992264
JSKY_2021,JSKY,2021,105.0,52.0,-0.5047619047619047,-0.5047619047619047,-0.0649702053996052
JSMR_2021,JSMR,2021,3448.708740234375,2641.941162109375,-0.2339332309257788,-0.2339332309257788,-0.0301106123890437
JSMR_2022,JSMR,2022,2641.941162109375,4412.9736328125,0.6703527300695447,0.6703527300695447,0.0862841552659333
JSMR_2023,JSMR,2023,4412.9736328125,3953.58935546875,-0.1040985774145613,-0.1040985774145613,-0.0133990023665137
JSPT_2021,JSPT,2021,733.6292724609375,816.2232666015625,0.1125827406853136,0.1125827406853136,0.0144910376907812
JSPT_2022,JSPT,2022,816.2232666015625,1258.34423828125,0.54166671028689,0.54166671028689,0.0697203911259266
JSPT_2023,JSPT,2023,1258.34423828125,9509.5361328125,6.5571817659382345,6.5571817659382345,0.8440047518572287
JTPE_2021,JTPE,2021,211.95542907714844,217.24070739746097,0.0249358006224447,0.0249358006224447,0.0032096005521811
JTPE_2022,JTPE,2022,217.24070739746097,272.5232238769531,0.2544758629346017,0.2544758629346017,0.0327547481854868
JTPE_2023,JTPE,2023,272.5232238769531,205.27560424804688,-0.246759225405572,-0.246759225405572,-0.0317615045977167
KAEF_2021,KAEF,2021,2403.3720703125,1085.0,-0.5485509657857836,-0.5485509657857836,-0.0706064950287111
KAEF_2022,KAEF,2022,1085.0,1445.0,0.3317972350230415,0.3317972350230415,0.0427071344075311
KAEF_2023,KAEF,2023,1445.0,605.0,-0.5813148788927336,-0.5813148788927336,-0.0748236876182697
KARW_2021,KARW,2021,137.0,87.0,-0.364963503649635,-0.364963503649635,-0.046976116009906
KARW_2022,KARW,2022,87.0,50.0,-0.425287356321839,-0.425287356321839,-0.0547406740354514
KARW_2023,KARW,2023,50.0,2230.0,43.6,7.769128966998332,1.0
KBAG_2022,KBAG,2022,50.0,50.0,0.0,0.0,0.0
KBAG_2023,KBAG,2023,50.0,21.0,-0.58,-0.58,-0.0746544435629426
KBLI_2022,KBLI,2022,290.56365966796875,316.78228759765625,0.0902336787733466,0.0902336787733466,0.011614388068037
KBLI_2023,KBLI,2023,316.78228759765625,373.5074768066406,0.1790667958084537,0.1790667958084537,0.023048503451171
KBLM_2021,KBLM,2021,193.0007476806641,208.3724670410156,0.0796459057546521,0.0796459057546521,0.0102515875451381
KBLM_2022,KBLM,2022,208.3724670410156,230.7362060546875,0.1073257869969444,0.1073257869969444,0.0138143912210548
KBLM_2023,KBLM,2023,230.7362060546875,264.767333984375,0.1474893277980902,0.1474893277980902,0.0189840236176532
KBLV_2022,KBLV,2022,99.0,72.0,-0.2727272727272727,-0.2727272727272727,-0.0351039703274025
KBLV_2023,KBLV,2023,72.0,90.0,0.25,0.25,0.0321786394667856
KDSI_2021,KDSI,2021,205.5989532470703,234.14743041992188,0.1388551678983723,0.1388551678983723,0.0178726815436068
KDSI_2022,KDSI,2022,234.14743041992188,377.6855163574219,0.6130243910004806,0.6130243910004806,0.0789051634494011
KDSI_2023,KDSI,2023,377.6855163574219,424.24371337890625,0.1232723919903354,0.1232723919903354,0.0158669514322611
KEEN_2022,KEEN,2022,624.6848754882812,751.3721923828125,0.2028019596208518,0.2028019596208518,0.026103564567188
KEEN_2023,KEEN,2023,751.3721923828125,578.2945556640625,-0.2303487385790418,-0.2303487385790418,-0.0296492360414553
KEJU_2022,KEJU,2022,328.1650085449219,280.7711181640625,-0.1444209137074153,-0.1444209137074153,-0.0185890740546187
KEJU_2023,KEJU,2023,280.7711181640625,770.2863159179688,1.7434670665373375,1.7434670665373375,0.2244095926252773
KIAS_2021,KIAS,2021,50.0,50.0,0.0,0.0,0.0
KIAS_2022,KIAS,2022,50.0,15.0,-0.7,-0.7,-0.0901001905069997
KIAS_2023,KIAS,2023,15.0,22.0,0.4666666666666667,0.4666666666666667,0.0600667936713331
KICI_2021,KICI,2021,288.0,206.0,-0.2847222222222222,-0.2847222222222222,-0.0366478949482836
KICI_2022,KICI,2022,206.0,135.0,-0.3446601941747573,-0.3446601941747573,-0.0443627845076073
KICI_2023,KICI,2023,135.0,131.0,-0.0296296296296296,-0.0296296296296296,-0.0038137646775449
KIJA_2021,KIJA,2021,164.3705596923828,144.56687927246094,-0.1204819187632151,-0.1204819187632151,-0.0155077769045922
KIJA_2022,KIJA,2022,144.56687927246094,132.68467712402344,-0.0821917316624333,-0.0821917316624333,-0.0105792724012649
KIJA_2023,KIJA,2023,132.68467712402344,184.17425537109375,0.3880597169403503,0.3880597169403503,0.0499489348920256
KINO_2021,KINO,2021,1858.8416748046875,1410.4407958984375,-0.2412259661401041,-0.2412259661401041,-0.0310492935777977
KINO_2022,KINO,2022,1410.4407958984375,1162.350341796875,-0.1758956879459312,-0.1758956879459312,-0.0226403357046974
KINO_2023,KINO,2023,1162.350341796875,1120.3570556640625,-0.0361279079316956,-0.0361279079316956,-0.004650187696093
KIOS_2023,KIOS,2023,51.0,50.0,-0.0196078431372549,-0.0196078431372549,-0.00252381486014
KJEN_2022,KJEN,2022,181.0,89.0,-0.5082872928176796,-0.5082872928176796,-0.0654239741645144
KJEN_2023,KJEN,2023,89.0,206.0,1.3146067415730338,1.3146067415730338,0.1692090255107379
KKGI_2021,KKGI,2021,186.4717712402344,294.30517578125,0.5782827278563909,0.5782827278563909,0.0744334056382404
KKGI_2022,KKGI,2022,294.30517578125,296.057373046875,0.0059536746541194,0.0059536746541194,0.0007663246007897
KKGI_2023,KKGI,2023,296.057373046875,481.4402770996094,0.6261722251496927,0.6261722251496927,0.0805974811088275
KLBF_2021,KLBF,2021,1445.052001953125,1911.1031494140625,0.3225151391306507,0.3225151391306507,0.0415123935386616
KLBF_2022,KLBF,2022,1911.1031494140625,1498.9310302734375,-0.2156723561818186,-0.2156723561818186,-0.0277601719701076
KLBF_2023,KLBF,2023,1498.9310302734375,1292.01806640625,-0.1380403498815033,-0.1380403498815033,-0.0177678026028233
KMDS_2023,KMDS,2023,354.6897888183594,524.0828857421875,0.4775809799547859,0.4775809799547859,0.0614716246806369
KMTR_2021,KMTR,2021,328.2477722167969,258.0,-0.2140083746566923,-0.2140083746566923,-0.0275459933238019
KMTR_2022,KMTR,2022,258.0,278.0,0.0775193798449612,0.0775193798449612,0.0099778727028792
KMTR_2023,KMTR,2023,278.0,320.0,0.1510791366906475,0.1510791366906475,0.0194460842820862
KOBX_2021,KOBX,2021,223.6593017578125,337.33331298828125,0.5082462939706378,0.5082462939706378,0.0654186970160443
KOBX_2022,KOBX,2022,337.33331298828125,157.0,-0.534584952167312,-0.534584952167312,-0.0688088657606431
KOBX_2023,KOBX,2023,157.0,170.0,0.0828025477707006,0.0828025477707006,0.0106578933265786
KOIN_2021,KOIN,2021,160.0,127.0,-0.20625,-0.20625,-0.0265473775600981
KOIN_2022,KOIN,2022,127.0,81.0,-0.3622047244094488,-0.3622047244094488,-0.0466210209597524
KOIN_2023,KOIN,2023,81.0,70.0,-0.1358024691358024,-0.1358024691358024,-0.017479754772081
KONI_2021,KONI,2021,990.0,3040.0,2.0707070707070705,2.0707070707070705,0.2665301450784264
KONI_2022,KONI,2022,3040.0,1015.0,-0.6661184210526315,-0.6661184210526315,-0.0857391380529485
KONI_2023,KONI,2023,1015.0,1500.0,0.4778325123152709,0.4778325123152709,0.061504000557206
KOPI_2021,KOPI,2021,645.0,620.0,-0.0387596899224806,-0.0387596899224806,-0.0049889363514396
KOPI_2022,KOPI,2022,620.0,352.0,-0.432258064516129,-0.432258064516129,-0.0556379056587003
KOPI_2023,KOPI,2023,352.0,585.0,0.6619318181818182,0.6619318181818182,0.0852002613154665
KOTA_2022,KOTA,2022,50.0,50.0,0.0,0.0,0.0
KOTA_2023,KOTA,2023,50.0,10.0,-0.8,-0.8,-0.102971646293714
KPIG_2021,KPIG,2021,94.0,71.0,-0.2446808510638297,-0.2446808510638297,-0.0314939875632369
KPIG_2022,KPIG,2022,71.0,62.0,-0.1267605633802817,-0.1267605633802817,-0.0163159298704828
KPIG_2023,KPIG,2023,62.0,149.0,1.403225806451613,1.403225806451613,0.1806155892651838
KRAS_2021,KRAS,2021,412.0,326.0,-0.2087378640776699,-0.2087378640776699,-0.0268676018848889
KRAS_2022,KRAS,2022,326.0,142.0,-0.5644171779141104,-0.5644171779141104,-0.072648707507835
KRAS_2023,KRAS,2023,142.0,101.0,-0.2887323943661972,-0.2887323943661972,-0.0371640624827665
KREN_2021,KREN,2021,96.0,50.0,-0.4791666666666667,-0.4791666666666667,-0.0616757256446724
KREN_2022,KREN,2022,50.0,50.0,0.0,0.0,0.0
KREN_2023,KREN,2023,50.0,6.0,-0.88,-0.86,-0.1106945197657425
LABA_2023,LABA,2023,50.0,300.0,5.0,5.0,0.6435727893357126
LAND_2021,LAND,2021,88.0,50.0,-0.4318181818181818,-0.4318181818181818,-0.0555812863517206
LAND_2022,LAND,2022,50.0,15.0,-0.7,-0.7,-0.0901001905069997
LAND_2023,LAND,2023,15.0,17.0,0.1333333333333333,0.1333333333333333,0.0171619410489523
LAPD_2021,LAPD,2021,50.0,50.0,0.0,0.0,0.0
LAPD_2022,LAPD,2022,50.0,6.0,-0.88,-0.86,-0.1106945197657425
LAPD_2023,LAPD,2023,6.0,18.0,2.0,2.0,0.257429115734285
LCKM_2021,LCKM,2021,293.7900085449219,310.0,0.0551754347786117,0.0551754347786117,0.0071018816926563
LCKM_2022,LCKM,2022,310.0,286.0,-0.0774193548387096,-0.0774193548387096,-0.0099649980284239
LCKM_2023,LCKM,2023,286.0,280.0,-0.0209790209790209,-0.0209790209790209,-0.0027003054098001
LEAD_2021,LEAD,2021,56.0,68.0,0.2142857142857142,0.2142857142857142,0.0275816909715305
LEAD_2022,LEAD,2022,68.0,62.0,-0.088235294117647,-0.088235294117647,-0.0113571668706302
LEAD_2023,LEAD,2023,62.0,98.0,0.5806451612903226,0.5806451612903226,0.0747374852131795
LFLO_2023,LFLO,2023,55.88966751098633,85.11530303955078,0.522916611068039,0.522916611068039,0.0673069803950071
LINK_2021,LINK,2021,3697.51123046875,2559.912109375,-0.3076661706175619,-0.3076661706175619,-0.0396011151217163
LINK_2022,LINK,2022,2559.912109375,1325.0,-0.4824041047551834,-0.4824041047551834,-0.0620924310568581
LINK_2023,LINK,2023,1325.0,1200.0,-0.0943396226415094,-0.0943396226415094,-0.0121428828176549
LION_2021,LION,2021,331.75531005859375,819.6878662109375,1.4707603506517088,1.4707603506517088,0.1893082682626582
LION_2022,LION,2022,819.6878662109375,561.3976440429688,-0.3151080219863845,-0.3151080219863845,-0.0405589897303673
LION_2023,LION,2023,561.3976440429688,394.7368469238281,-0.2968676461107211,-0.2968676461107211,-0.0382111878142008
LMPI_2021,LMPI,2021,195.0,116.0,-0.4051282051282051,-0.4051282051282051,-0.0521458978025859
LMPI_2022,LMPI,2022,116.0,111.0,-0.043103448275862,-0.043103448275862,-0.0055480412873768
LMPI_2023,LMPI,2023,111.0,136.0,0.2252252252252252,0.2252252252252252,0.0289897652853924
LMSH_2021,LMSH,2021,750.0,615.0,-0.18,-0.18,-0.0231686204160856
LMSH_2022,LMSH,2022,615.0,440.0,-0.2845528455284553,-0.2845528455284553,-0.0366260937020324
LMSH_2023,LMSH,2023,440.0,400.0,-0.0909090909090909,-0.0909090909090909,-0.0117013234424675
LPCK_2021,LPCK,2021,1205.0,1000.0,-0.1701244813278008,-0.1701244813278008,-0.0218974973964848
LPCK_2022,LPCK,2022,1000.0,800.0,-0.2,-0.2,-0.0257429115734285
LPCK_2023,LPCK,2023,800.0,510.0,-0.3625,-0.3625,-0.0466590272268391
LPIN_2021,LPIN,2021,825.88427734375,283.32208251953125,-0.6569469957331482,-0.6569469957331482,-0.0845586420979397
LPIN_2022,LPIN,2022,283.32208251953125,273.1216735839844,-0.0360028729311761,-0.0360028729311761,-0.0046340938712832
LPIN_2023,LPIN,2023,273.1216735839844,324.8962707519531,0.189566051234847,0.189566051234847,0.0243999104713134
LPKR_2021,LPKR,2021,141.0,79.0,-0.4397163120567376,-0.4397163120567376,-0.0565978906933534
LPKR_2022,LPKR,2022,79.0,97.0,0.2278481012658227,0.2278481012658227,0.0293273676152982
LPKR_2023,LPKR,2023,97.0,102.0,0.0515463917525773,0.0515463917525773,0.0066347710240795
LPLI_2021,LPLI,2021,274.0,274.0,0.0,0.0,0.0
LPLI_2022,LPLI,2022,274.0,234.0,-0.145985401459854,-0.145985401459854,-0.0187904464039624
LPLI_2023,LPLI,2023,234.0,254.0,0.0854700854700854,0.0854700854700854,0.0110012442621489
LPPF_2021,LPPF,2021,2338.90185546875,2793.450439453125,0.1943427352120668,0.1943427352120668,0.0250147392375123
LPPF_2022,LPPF,2022,2793.450439453125,1312.653564453125,-0.5300959895640376,-0.5300959895640376,-0.0682310709238804
LPPF_2023,LPPF,2023,1312.653564453125,1038.497314453125,-0.2088565158577986,-0.2088565158577986,-0.0268828740963083
LSIP_2021,LSIP,2021,976.4708862304688,871.6682739257812,-0.1073279437027186,-0.1073279437027186,-0.0138146688204849
LSIP_2022,LSIP,2022,871.6682739257812,804.5473022460938,-0.077002884798584,-0.077002884798584,-0.0099113922713442
LSIP_2023,LSIP,2023,804.5473022460938,924.2999877929688,0.1488448040439084,0.1488448040439084,0.0191584931433331
LTLS_2021,LTLS,2021,557.1143188476562,1176.051025390625,1.1109689440816866,1.1109689440816866,0.1429978764416004
LTLS_2022,LTLS,2022,1176.051025390625,1154.094970703125,-0.0186693044888994,-0.0186693044888994,-0.0024030112729757
LTLS_2023,LTLS,2023,1154.094970703125,934.1038208007812,-0.1906178914966725,-0.1906178914966725,-0.0245352976255611
LUCK_2021,LUCK,2021,370.0,128.0,-0.654054054054054,-0.654054054054054,-0.0841862783887796
LUCK_2022,LUCK,2022,128.0,71.0,-0.4453125,-0.4453125,-0.0573182015502119
LUCK_2023,LUCK,2023,71.0,68.0,-0.0422535211267605,-0.0422535211267605,-0.0054386432901609
MAIN_2021,MAIN,2021,1294.5478515625,415.9530944824219,-0.6786885135374697,-0.6786885135374697,-0.0873570919494835
MAIN_2022,MAIN,2022,415.9530944824219,437.1751708984375,0.0510203595009255,0.0510203595009255,0.0065670630153842
MAIN_2023,MAIN,2023,437.1751708984375,649.3961181640625,0.4854368715164914,0.4854368715164914,0.062482792289654
MAPA_2021,MAPA,2021,249.35324096679688,377.9566955566406,0.5157480772707029,0.5157480772707029,0.0663842857367273
MAPA_2022,MAPA,2022,377.9566955566406,809.8334350585938,1.1426619625454737,1.1426619625454737,0.147077229300642
MAPA_2023,MAPA,2023,809.8334350585938,1063.9718017578125,0.3138156016994175,0.3138156016994175,0.0403926364245518
MAPB_2022,MAPB,2022,1895.0,1940.0,0.0237467018469656,0.0237467018469656,0.003056546229035
MAPB_2023,MAPB,2023,1940.0,1200.0,-0.3814432989690721,-0.3814432989690721,-0.0490973055781883
MAPI_2021,MAPI,2021,696.8592529296875,1418.255859375,1.0352113477900549,1.0352113477900549,0.1332467709298456
MAPI_2022,MAPI,2022,1418.255859375,1765.3017578125,0.244699076082391,0.244699076082391,0.0314963333884432
MAPI_2023,MAPI,2023,1765.3017578125,1398.53662109375,-0.2077634235028647,-0.2077634235028647,-0.0267421771971351
MARI_2021,MARI,2021,476.0,128.0,-0.7310924369747899,-0.7310924369747899,-0.0941022397852218
MARI_2022,MARI,2022,128.0,50.0,-0.609375,-0.609375,-0.0784354337002899
MARI_2023,MARI,2023,50.0,50.0,0.0,0.0,0.0
MARK_2021,MARK,2021,758.6723022460938,491.35198974609375,-0.3523528033230982,-0.3523528033230982,-0.0453529352929808
MARK_2022,MARK,2022,491.35198974609375,482.6439514160156,-0.0177226072384035,-0.0177226072384035,-0.0022811575549441
MARK_2023,MARK,2023,482.6439514160156,898.8339233398438,0.8623126234210124,0.8623126234210124,0.1109921880668913
MBAP_2021,MBAP,2021,2521.66357421875,5777.92138671875,1.2913133400472894,1.2913133400472894,0.1662108256321299
MBAP_2022,MBAP,2022,5777.92138671875,4072.391357421875,-0.2951805528571645,-0.2951805528571645,-0.0379940343519886
MBAP_2023,MBAP,2023,4072.391357421875,2631.92041015625,-0.3537162371785283,-0.3537162371785283,-0.0455284290788635
MBSS_2021,MBSS,2021,1090.0,1195.0,0.0963302752293578,0.0963302752293578,0.0123991087853669
MBSS_2022,MBSS,2022,1195.0,1210.0,0.0125523012552301,0.0125523012552301,0.0016156639062821
MBSS_2023,MBSS,2023,1210.0,1020.0,-0.1570247933884297,-0.1570247933884297,-0.0202113768551711
MBTO_2021,MBTO,2021,146.0,127.0,-0.1301369863013698,-0.1301369863013698,-0.0167505246539431
MBTO_2022,MBTO,2022,127.0,100.0,-0.2125984251968504,-0.2125984251968504,-0.0273645123024633
MBTO_2023,MBTO,2023,100.0,89.0,-0.11,-0.11,-0.0141586013653856
MCAS_2021,MCAS,2021,9525.0,8025.0,-0.1574803149606299,-0.1574803149606299,-0.0202700091129358
MCAS_2022,MCAS,2022,8025.0,4350.0,-0.4579439252336448,-0.4579439252336448,-0.0589440498643923
MCAS_2023,MCAS,2023,4350.0,1130.0,-0.7402298850574712,-0.7402298850574712,-0.0952783623752181
MDIA_2021,MDIA,2021,50.0,52.0,0.04,0.04,0.0051485823146857
MDIA_2022,MDIA,2022,52.0,50.0,-0.0384615384615384,-0.0384615384615384,-0.004950559917967
MDIA_2023,MDIA,2023,50.0,10.0,-0.8,-0.8,-0.102971646293714
MDKA_2021,MDKA,2021,3795.088623046875,4120.0,0.0856136468012889,0.0856136468012889,0.0110197226954216
MDKA_2022,MDKA,2022,4120.0,2700.0,-0.3446601941747573,-0.3446601941747573,-0.0443627845076073
MDKA_2023,MDKA,2023,2700.0,1615.0,-0.4018518518518518,-0.4018518518518518,-0.0517241834392035
MDKI_2021,MDKI,2021,156.0210723876953,148.7830047607422,-0.046391602853282,-0.046391602853282,-0.0059712746500082
MDKI_2022,MDKI,2022,148.7830047607422,169.4021453857422,0.1385853220141482,0.1385853220141482,0.0178379484499266
MDKI_2023,MDKI,2023,169.4021453857422,152.53135681152344,-0.0995901706900029,-0.0995901706900029,-0.0128187047882769
MDLN_2021,MDLN,2021,74.0,82.0,0.1081081081081081,0.1081081081081081,0.0139150873369883
MDLN_2022,MDLN,2022,82.0,62.0,-0.2439024390243902,-0.2439024390243902,-0.031393794601742
MDLN_2023,MDLN,2023,62.0,52.0,-0.1612903225806451,-0.1612903225806451,-0.0207604125592165
MDRN_2021,MDRN,2021,50.0,50.0,0.0,0.0,0.0
MDRN_2022,MDRN,2022,50.0,6.0,-0.88,-0.86,-0.1106945197657425
MDRN_2023,MDRN,2023,6.0,7.0,0.1666666666666666,0.1666666666666666,0.0214524263111904
MERK_2021,MERK,2021,2652.5205078125,3619.3603515625,0.3644985367322723,0.3644985367322723,0.0469162679987148
MERK_2022,MERK,2022,3619.3603515625,3401.66064453125,-0.0601486687937186,-0.0601486687937186,-0.0077420093100806
MERK_2023,MERK,2023,3401.66064453125,3171.281005859375,-0.0677256383708497,-0.0677256383708497,-0.0087172755991739
META_2021,META,2021,112.7402572631836,119.66290283203124,0.0614034927442755,0.0614034927442755,0.0079035234200777
META_2022,META,2022,119.66290283203124,235.37001037597656,0.96694217510636,0.96694217510636,0.1244595345519082
META_2023,META,2023,235.37001037597656,235.37001037597656,0.0,0.0,0.0
MFMI_2021,MFMI,2021,801.7410888671875,664.3527221679688,-0.1713625116723658,-0.1713625116723658,-0.0220568499249116
MFMI_2022,MFMI,2022,664.3527221679688,544.6765747070312,-0.1801394702958403,-0.1801394702958403,-0.0231865722735503
MGLV_2023,MGLV,2023,63.0,78.0,0.238095238095238,0.238095238095238,0.0306463233017005
MGNA_2021,MGNA,2021,50.0,50.0,0.0,0.0,0.0
MGNA_2022,MGNA,2022,50.0,11.0,-0.78,-0.78,-0.1003973551363711
MGNA_2023,MGNA,2023,11.0,17.0,0.5454545454545454,0.5454545454545454,0.070207940654805
MGRO_2021,MGRO,2021,843.2386474609375,845.0,0.0020887948439816,0.0020887948439816,0.0002688583048182
MGRO_2022,MGRO,2022,845.0,705.0,-0.165680473372781,-0.165680473372781,-0.0213254888773963
MGRO_2023,MGRO,2023,705.0,695.0,-0.0141843971631205,-0.0141843971631205,-0.001825738409463
MICE_2021,MICE,2021,368.1755676269531,508.4981384277344,0.3811295021699007,0.3811295021699007,0.0490569153619229
MICE_2022,MICE,2022,508.4981384277344,565.9183959960938,0.1129212739025979,0.1129212739025979,0.0145346118441673
MICE_2023,MICE,2023,565.9183959960938,485.6666870117187,-0.141807917099286,-0.141807917099286,-0.0182527433514949
MIDI_2021,MIDI,2021,190.86705017089844,259.9205017089844,0.3617882262876536,0.3617882262876536,0.046567411588153
MIDI_2022,MIDI,2022,259.9205017089844,401.0780029296875,0.5430795196707789,0.5430795196707789,0.0699022402611244
MIDI_2023,MIDI,2023,401.0780029296875,406.0203857421875,0.01232274713746,0.01232274713746,0.0015861169495067
MIKA_2021,MIKA,2021,2081.071044921875,2975.7001953125,0.4298888077721585,0.4298888077721585,0.0553329478244263
MIKA_2022,MIKA,2022,2975.7001953125,2695.3408203125,-0.0942162706584617,-0.0942162706584617,-0.0121270056216949
MIKA_2023,MIKA,2023,2695.3408203125,2429.793212890625,-0.0985209756854004,-0.0985209756854004,-0.0126810838259858
MINA_2021,MINA,2021,50.0,80.0,0.6,0.6,0.0772287347202855
MINA_2022,MINA,2022,80.0,50.0,-0.375,-0.375,-0.0482679592001784
MINA_2023,MINA,2023,50.0,59.0,0.18,0.18,0.0231686204160856
MIRA_2021,MIRA,2021,50.0,50.0,0.0,0.0,0.0
MIRA_2022,MIRA,2022,50.0,7.0,-0.86,-0.86,-0.1106945197657425
MIRA_2023,MIRA,2023,7.0,9.0,0.2857142857142857,0.2857142857142857,0.0367755879620407
MITI_2021,MITI,2021,223.9491424560547,164.97821044921875,-0.2633228748281889,-0.2633228748281889,-0.0338934874098152
MITI_2022,MITI,2022,164.97821044921875,186.2251739501953,0.1287864830338701,0.1287864830338701,0.0165766952229688
MITI_2023,MITI,2023,186.2251739501953,159.0,-0.1461949175436211,-0.1461949175436211,-0.0188174141740505
MKNT_2021,MKNT,2021,50.0,50.0,0.0,0.0,0.0
MKNT_2022,MKNT,2022,50.0,2.0,-0.96,-0.86,-0.1106945197657425
MKPI_2021,MKPI,2021,22173.57421875,34875.4140625,0.5728368245210242,0.5728368245210242,0.0737324385982415
MKPI_2022,MKPI,2022,34875.4140625,24734.060546875,-0.2907880461992723,-0.2907880461992723,-0.0374286547995895
MKPI_2023,MKPI,2023,24734.060546875,23099.875,-0.0660702493138139,-0.0660702493138139,-0.0085042029285994
MLBI_2021,MLBI,2021,5905.0185546875,7124.9873046875,0.2065986310968606,0.2065986310968606,0.0265922514575892
MLBI_2022,MLBI,2022,7124.9873046875,6436.96826171875,-0.0965642482641485,-0.0965642482641485,-0.0124292245210928
MLBI_2023,MLBI,2023,6436.96826171875,5572.1240234375,-0.1343558338518708,-0.1343558338518708,-0.0172935517511148
MLIA_2021,MLIA,2021,391.1030578613281,464.5455017089844,0.1877828423261688,0.1877828423261688,0.0241703855250481
MLIA_2022,MLIA,2022,464.5455017089844,409.6615905761719,-0.1181453935748034,-0.1181453935748034,-0.0152070320980203
MLIA_2023,MLIA,2023,409.6615905761719,302.1942443847656,-0.2623320044240855,-0.2623320044240855,-0.0337659479638474
MLPL_2021,MLPL,2021,370.0,112.0,-0.6972972972972973,-0.6972972972972973,-0.089752313323575
MLPL_2022,MLPL,2022,112.0,73.0,-0.3482142857142857,-0.3482142857142857,-0.0448202478287371
MLPL_2023,MLPL,2023,73.0,95.0,0.3013698630136986,0.3013698630136986,0.0387906886722895
MLPT_2021,MLPT,2021,2538.272216796875,1610.895751953125,-0.3653573713279797,-0.3653573713279797,-0.0470268125139823
MLPT_2022,MLPT,2022,1610.895751953125,1364.6126708984375,-0.1528857970828233,-0.1528857970828233,-0.0196786277756812
MLPT_2023,MLPT,2023,1364.6126708984375,18364.8046875,12.457888145952015,7.769128966998332,1.0
MMLP_2021,MMLP,2021,552.137939453125,463.20953369140625,-0.1610619365331053,-0.1610619365331053,-0.0207310159500844
MMLP_2022,MMLP,2022,463.20953369140625,291.21612548828125,-0.3713080057581637,-0.3713080057581637,-0.0477927457936924
MMLP_2023,MMLP,2023,291.21612548828125,498.3900146484375,0.7114094001930298,0.7114094001930298,0.0915687464083748
MNCN_2021,MNCN,2021,893.3333129882812,734.5184936523438,-0.1777777868875028,-0.1777777868875028,-0.022882589237824
MNCN_2022,MNCN,2022,734.5184936523438,386.0,-0.4744856619189518,-0.4744856619189518,-0.0610732121881963
MNCN_2023,MNCN,2023,386.0,276.0,-0.2849740932642487,-0.2849740932642487,-0.0366803144180976
MOLI_2021,MOLI,2021,409.2916259765625,198.9080810546875,-0.5140186888014228,-0.5140186888014228,-0.0661616882645234
MOLI_2022,MOLI,2022,198.9080810546875,359.5646057128906,0.8076922958903437,0.8076922958903437,0.1039617567582228
MOLI_2023,MOLI,2023,359.5646057128906,207.34423828125,-0.4233463611632212,-0.4233463611632212,-0.0544908397017876
MPMX_2021,MPMX,2021,559.4530639648438,656.0808715820312,0.1727183455433888,0.1727183455433888,0.0222313654821616
MPMX_2022,MPMX,2022,656.0808715820312,700.6791381835938,0.0679767823348074,0.0679767823348074,0.0087496014834557
MPMX_2023,MPMX,2023,700.6791381835938,737.2931518554688,0.0522550361165188,0.0522550361165188,0.0067259838700692
MPOW_2021,MPOW,2021,106.0,85.0,-0.1981132075471698,-0.1981132075471698,-0.0255000539170754
MPOW_2022,MPOW,2022,85.0,59.0,-0.3058823529411765,-0.3058823529411765,-0.0393715118181847
MPOW_2023,MPOW,2023,59.0,91.0,0.5423728813559322,0.5423728813559322,0.0698112856228569
MPPA_2021,MPPA,2021,434.0,128.0,-0.7050691244239631,-0.7050691244239631,-0.0907526606160037
MPPA_2022,MPPA,2022,128.0,65.0,-0.4921875,-0.4921875,-0.0633516964502342
MPPA_2023,MPPA,2023,65.0,65.0,0.0,0.0,0.0
MPRO_2021,MPRO,2021,850.0,1510.0,0.7764705882352941,0.7764705882352941,0.0999430684615459
MPRO_2022,MPRO,2022,1510.0,2100.0,0.390728476821192,0.390728476821192,0.0502924431401417
MPRO_2023,MPRO,2023,2100.0,2020.0,-0.0380952380952381,-0.0380952380952381,-0.004903411728272
MRAT_2021,MRAT,2021,276.0,765.0,1.7717391304347827,1.7717391304347827,0.2280486188298286
MRAT_2022,MRAT,2022,765.0,370.0,-0.5163398692810458,-0.5163398692810458,-0.0664604579836879
MRAT_2023,MRAT,2023,370.0,306.0,-0.1729729729729729,-0.1729729729729729,-0.0222641397391814
MSIN_2021,MSIN,2021,496.0,964.0,0.9435483870967742,0.9435483870967742,0.1214484134714167
MSIN_2022,MSIN,2022,964.0,600.0,-0.3775933609958506,-0.3775933609958506,-0.0486017625141492
MSIN_2023,MSIN,2023,600.0,840.0,0.4,0.4,0.051485823146857
MSKY_2021,MSKY,2021,600.0,224.0,-0.6266666666666667,-0.6266666666666667,-0.0806611229300759
MSKY_2022,MSKY,2022,224.0,99.0,-0.5580357142857143,-0.5580357142857143,-0.0718273202383607
MSKY_2023,MSKY,2023,99.0,68.0,-0.3131313131313131,-0.3131313131313131,-0.0403045585240547
MTDL_2021,MTDL,2021,641.766845703125,495.2047119140625,-0.2283728658941361,-0.2283728658941361,-0.0293949124624159
MTDL_2022,MTDL,2022,495.2047119140625,469.2687683105469,-0.0523741858256319,-0.0523741858256319,-0.0067413201721977
MTDL_2023,MTDL,2023,469.2687683105469,564.6275634765625,0.2032072057753271,0.2032072057753271,0.0261557256467886
MTFN_2022,MTFN,2022,50.0,50.0,0.0,0.0,0.0
MTLA_2021,MTLA,2021,412.8746032714844,355.2331848144531,-0.1396099881181825,-0.1396099881181825,-0.0179698378944688
MTLA_2022,MTLA,2022,355.2331848144531,382.3278198242187,0.0762728150634851,0.0762728150634851,0.0098174216681788
MTLA_2023,MTLA,2023,382.3278198242187,467.3239440917969,0.2223121621300182,0.2223121621300182,0.0286148116570537
MTPS_2021,MTPS,2021,109.0,96.0,-0.1192660550458715,-0.1192660550458715,-0.0153512775437876
MTPS_2022,MTPS,2022,96.0,12.0,-0.875,-0.86,-0.1106945197657425
MTPS_2023,MTPS,2023,12.0,11.0,-0.0833333333333333,-0.0833333333333333,-0.0107262131555952
MTSM_2021,MTSM,2021,310.0,157.0,-0.4935483870967742,-0.4935483870967742,-0.0635268624312025
MTSM_2022,MTSM,2022,157.0,256.0,0.6305732484076433,0.6305732484076433,0.0811639568716376
MTSM_2023,MTSM,2023,256.0,446.0,0.7421875,0.7421875,0.0955303359170198
MYOH_2021,MYOH,2021,1499.0941162109375,1388.5284423828125,-0.0737549915195366,-0.0737549915195366,-0.0094933411239319
MYOH_2022,MYOH,2022,1388.5284423828125,1551.03759765625,0.1170369654038633,0.1170369654038633,0.0150643612560703
MYOH_2023,MYOH,2023,1551.03759765625,1453.2044677734375,-0.0630759241624101,-0.0630759241624101,-0.008118789690626
MYOR_2021,MYOR,2021,1826.847412109375,2262.90576171875,0.2386944562085121,0.2386944562085121,0.0307234513962166
MYOR_2022,MYOR,2022,2262.90576171875,2283.566162109375,0.0091300312810785,0.0091300312810785,0.0011751679396571
MYOR_2023,MYOR,2023,2283.566162109375,2609.57666015625,0.1427637628619145,0.1427637628619145,0.0183757746162209
MYTX_2021,MYTX,2021,83.0,54.0,-0.3493975903614458,-0.3493975903614458,-0.0449725563632184
MYTX_2022,MYTX,2022,54.0,60.0,0.1111111111111111,0.1111111111111111,0.0143016175407936
MYTX_2023,MYTX,2023,60.0,35.0,-0.4166666666666667,-0.4166666666666667,-0.053631065777976
NASA_2021,NASA,2021,61.0,50.0,-0.180327868852459,-0.180327868852459,-0.0232108219104683
NASA_2022,NASA,2022,50.0,17.0,-0.66,-0.66,-0.084951608192314
NASA_2023,NASA,2023,17.0,16.0,-0.0588235294117647,-0.0588235294117647,-0.0075714445804201
NATO_2021,NATO,2021,740.0,505.0,-0.3175675675675675,-0.3175675675675675,-0.0408755690524033
NATO_2022,NATO,2022,505.0,199.0,-0.6059405940594059,-0.6059405940594059,-0.0779933756581101
NATO_2023,NATO,2023,199.0,159.0,-0.2010050251256281,-0.2010050251256281,-0.025872272938119
NELY_2021,NELY,2021,236.8093414306641,249.24513244628903,0.0525139377547152,0.0525139377547152,0.0067593082799608
NELY_2022,NELY,2022,249.24513244628903,423.5353088378906,0.6992721369560151,0.6992721369560151,0.0900065039371054
NELY_2023,NELY,2023,423.5353088378906,411.1816711425781,-0.0291679051014868,-0.0291679051014868,-0.0037543340090486
NFCX_2021,NFCX,2021,8950.0,8000.0,-0.106145251396648,-0.106145251396648,-0.0136624391032162
NFCX_2022,NFCX,2022,8000.0,4050.0,-0.49375,-0.49375,-0.0635528129469016
NFCX_2023,NFCX,2023,4050.0,1070.0,-0.7358024691358025,-0.7358024691358025,-0.0947084894923666
NIKL_2021,NIKL,2021,968.7683715820312,645.8460083007812,-0.3333328923134711,-0.3333328923134711,-0.0429047958567042
NIKL_2022,NIKL,2022,645.8460083007812,302.0572204589844,-0.5323076761692839,-0.5323076761692839,-0.0685157471874154
NIKL_2023,NIKL,2023,302.0572204589844,234.4917755126953,-0.2236842570544133,-0.2236842570544133,-0.028791420248599
NIRO_2023,NIRO,2023,140.0,131.0,-0.0642857142857142,-0.0642857142857142,-0.0082745072914591
NPGF_2023,NPGF,2023,49.50642776489258,31.68411445617676,-0.3599999861301746,-0.3599999861301746,-0.0463372390469228
NRCA_2021,NRCA,2021,191.5392608642578,209.53900146484375,0.0939741571486077,0.0939741571486077,0.0120958420883204
NRCA_2022,NRCA,2022,209.53900146484375,260.9708251953125,0.2454522707988466,0.2454522707988466,0.0315932805133596
NRCA_2023,NRCA,2023,260.9708251953125,301.0812072753906,0.1536968051890828,0.1536968051890828,0.0197830163255051
NZIA_2022,NZIA,2022,354.0,82.0,-0.768361581920904,-0.768361581920904,-0.0988993212990473
NZIA_2023,NZIA,2023,82.0,69.0,-0.1585365853658536,-0.1585365853658536,-0.0204059664911323
OASA_2022,OASA,2022,135.69708251953125,137.0,0.0096016617032368,0.0096016617032368,0.0012358736409219
OASA_2023,OASA,2023,137.0,141.0,0.0291970802919708,0.0291970802919708,0.0037580892807924
OKAS_2021,OKAS,2021,86.0,105.0,0.2209302325581395,0.2209302325581395,0.0284369372032059
OKAS_2022,OKAS,2022,105.0,93.0,-0.1142857142857142,-0.1142857142857142,-0.0147102351848162
OKAS_2023,OKAS,2023,93.0,100.0,0.075268817204301,0.075268817204301,0.0096881925276343
OMRE_2021,OMRE,2021,631.086669921875,810.0,0.2835004106492591,0.2835004106492591,0.0364906300118727
OMRE_2022,OMRE,2022,810.0,498.0,-0.3851851851851852,-0.3851851851851852,-0.0495789408080845
OMRE_2023,OMRE,2023,498.0,412.0,-0.1726907630522088,-0.1726907630522088,-0.0222278152140045
OPMS_2022,OPMS,2022,88.0,52.0,-0.4090909090909091,-0.4090909090909091,-0.0526559554911037
OPMS_2023,OPMS,2023,52.0,50.0,-0.0384615384615384,-0.0384615384615384,-0.004950559917967
PAMG_2022,PAMG,2022,67.0,75.0,0.1194029850746268,0.1194029850746268,0.0153689024318976
PAMG_2023,PAMG,2023,75.0,51.0,-0.32,-0.32,-0.0411886585174856
PANI_2022,PANI,2022,948.5693969726562,4892.62109375,4.157894730069008,4.157894730069008,0.5351815818389541
PANI_2023,PANI,2023,4892.62109375,15982.48046875,2.266649953573262,2.266649953573262,0.2917508466137615
PANR_2021,PANR,2021,177.9709014892578,440.7298278808594,1.4764151004059587,1.4764151004059587,0.1900361168771258
PANR_2022,PANR,2022,440.7298278808594,545.66552734375,0.2380952974466195,0.2380952974466195,0.0306463309410874
PANR_2023,PANR,2023,545.66552734375,524.8442993164062,-0.038157492060566,-0.038157492060566,-0.0049114247198947
PBID_2021,PBID,2021,265.1203918457031,277.4046936035156,0.0463348053776331,0.0463348053776331,0.0059639639880421
PBID_2022,PBID,2022,277.4046936035156,248.82733154296875,-0.1030168656821338,-0.1030168656821338,-0.0132597703191346
PBID_2023,PBID,2023,248.82733154296875,422.0248107910156,0.6960548834167691,0.6960548834167691,0.0895923965702548
PBRX_2021,PBRX,2021,106.19622039794922,74.47527313232422,-0.298701282839983,-0.298701282839983,-0.0384472035550966
PBRX_2022,PBRX,2022,74.47527313232422,50.0,-0.3286362319052887,-0.3286362319052887,-0.0423002672888129
PBRX_2023,PBRX,2023,50.0,23.0,-0.54,-0.54,-0.0695058612482569
PBSA_2021,PBSA,2021,202.4009552001953,178.20204162597656,-0.1195592854306618,-0.1195592854306618,-0.0153890205631191
PBSA_2022,PBSA,2022,178.20204162597656,255.07083129882812,0.4313575140412217,0.4313575140412217,0.0555219917024855
PBSA_2023,PBSA,2023,255.07083129882812,322.8935241699219,0.2658974863011134,0.2658974863011134,0.0342248773872323
PCAR_2021,PCAR,2021,282.0,87.0,-0.6914893617021277,-0.6914893617021277,-0.0890047474613219
PCAR_2022,PCAR,2022,87.0,50.0,-0.425287356321839,-0.425287356321839,-0.0547406740354514
PCAR_2023,PCAR,2023,50.0,50.0,0.0,0.0,0.0
PDES_2021,PDES,2021,301.4078369140625,305.3999938964844,0.0132450337831133,0.0132450337831133,0.0017048286673287
PDES_2023,PDES,2023,219.5686187744141,253.501953125,0.1545454652854979,0.1545454652854979,0.0198922512345946
PEHA_2021,PEHA,2021,1074.789794921875,671.5316772460938,-0.3751971963085986,-0.3751971963085986,-0.0482933412358527
PEHA_2022,PEHA,2022,671.5316772460938,640.0,-0.0469548620184278,-0.0469548620184278,-0.0060437743044146
PEHA_2023,PEHA,2023,640.0,324.0,-0.49375,-0.49375,-0.0635528129469016
PGAS_2021,PGAS,2021,875.1150512695312,1204.5836181640625,0.3764860019451962,0.3764860019451962,0.048459229283544
PGAS_2022,PGAS,2022,1204.5836181640625,858.0326538085938,-0.2876935723928042,-0.2876935723928042,-0.0370303509717585
PGAS_2023,PGAS,2023,858.0326538085938,1331.5164794921875,0.5518249492975782,0.5518249492975782,0.0710279043688961
PGJO_2022,PGJO,2022,76.0,83.0,0.0921052631578947,0.0921052631578947,0.0118552882246052
PGJO_2023,PGJO,2023,83.0,95.0,0.144578313253012,0.144578313253012,0.0186093336675386
PGLI_2021,PGLI,2021,424.3049926757813,312.4903869628906,-0.263524133920173,-0.263524133920173,-0.0339193923848567
PGLI_2023,PGLI,2023,149.0,200.0,0.3422818791946309,0.3422818791946309,0.0440566607464716
PGUN_2023,PGUN,2023,413.95404052734375,421.9146728515625,0.0192307153568969,0.0192307153568969,0.0024752730246318
PICO_2023,PICO,2023,120.0,122.0,0.0166666666666666,0.0166666666666666,0.002145242631119
PJAA_2021,PJAA,2021,472.7771911621094,607.8562622070312,0.2857140182945182,0.2857140182945182,0.0367755535412235
PJAA_2022,PJAA,2022,607.8562622070312,833.634521484375,0.3714336321181888,0.3714336321181888,0.0478089157350795
PJAA_2023,PJAA,2023,833.634521484375,508.35064697265625,-0.3901996212111228,-0.3901996212111228,-0.0502243717241161
PKPK_2021,PKPK,2021,196.0,258.0,0.3163265306122449,0.3163265306122449,0.0407158295294022
PKPK_2022,PKPK,2022,258.0,360.0,0.3953488372093023,0.3953488372093023,0.0508871507846842
PKPK_2023,PKPK,2023,360.0,785.0,1.1805555555555556,1.1805555555555556,0.1519546863709321
PLIN_2021,PLIN,2021,1856.73193359375,1642.0076904296875,-0.1156463349819478,-0.1156463349819478,-0.0148853668761568
PLIN_2022,PLIN,2022,1642.0076904296875,2304.173828125,0.4032661610263433,0.4032661610263433,0.0519062256192856
PLIN_2023,PLIN,2023,2304.173828125,2267.228759765625,-0.016033976216733,-0.016033976216733,-0.002063806159589
PMJS_2022,PMJS,2022,142.13499450683594,138.1815185546875,-0.0278149372423432,-0.0278149372423432,-0.0035801873492505
PMJS_2023,PMJS,2023,138.1815185546875,115.8000030517578,-0.1619718449835377,-0.1619718449835377,-0.0208481344139814
PMMP_2023,PMMP,2023,262.0,75.0,-0.7137404580152672,-0.7137404580152672,-0.0918687874853269
PNGO_2023,PNGO,2023,1215.9044189453125,1481.4127197265625,0.2183628060267718,0.2183628060267718,0.0281064720323645
PNSE_2021,PNSE,2021,661.7031860351562,415.927734375,-0.3714285450744349,-0.3714285450744349,-0.0478082609584919
PNSE_2022,PNSE,2022,415.927734375,427.86822509765625,0.0287080897372684,0.0287080897372684,0.0036951490777427
PNSE_2023,PNSE,2023,427.86822509765625,689.6443481445312,0.6118148244991257,0.6118148244991257,0.0787494746319683
POLI_2021,POLI,2021,1475.0,805.0,-0.4542372881355932,-0.4542372881355932,-0.0584669517091427
POLI_2022,POLI,2022,805.0,805.0,0.0,0.0,0.0
POLI_2023,POLI,2023,805.0,770.0,-0.0434782608695652,-0.0434782608695652,-0.0055962851246583
POLL_2021,POLL,2021,1235.0,224.0,-0.8186234817813766,-0.8186234817813766,-0.1053687595171506
POLL_2022,POLL,2022,224.0,147.0,-0.34375,-0.34375,-0.0442456292668302
POLL_2023,POLL,2023,147.0,112.0,-0.238095238095238,-0.238095238095238,-0.0306463233017005
POLU_2021,POLU,2021,428.0,286.0,-0.3317757009345794,-0.3317757009345794,-0.0427043626568556
POLU_2022,POLU,2022,286.0,825.0,1.8846153846153848,1.8846153846153848,0.242577435980384
POLU_2023,POLU,2023,825.0,2300.0,1.7878787878787878,1.7878787878787878,0.2301260277018608
POLY_2022,POLY,2022,55.0,50.0,-0.0909090909090909,-0.0909090909090909,-0.0117013234424675
POLY_2023,POLY,2023,50.0,21.0,-0.58,-0.58,-0.0746544435629426
PORT_2021,PORT,2021,650.0,820.0,0.2615384615384615,0.2615384615384615,0.0336638074421757
PORT_2022,PORT,2022,820.0,710.0,-0.1341463414634146,-0.1341463414634146,-0.0172665870309581
PORT_2023,PORT,2023,710.0,810.0,0.1408450704225352,0.1408450704225352,0.0181288109672031
POSA_2021,POSA,2021,50.0,50.0,0.0,0.0,0.0
POSA_2022,POSA,2022,50.0,50.0,0.0,0.0,0.0
POSA_2023,POSA,2023,50.0,50.0,0.0,0.0,0.0
POWR_2021,POWR,2021,384.3421020507813,453.2052307128906,0.1791714420425655,0.1791714420425655,0.0230619729449271
POWR_2022,POWR,2022,453.2052307128906,539.9771728515625,0.1914627993198133,0.1914627993198133,0.0246440495624552
POWR_2023,POWR,2023,539.9771728515625,589.0494995117188,0.090878520662291,0.090878520662291,0.0116973886066667
PPGL_2023,PPGL,2023,83.24664306640625,94.2506332397461,0.1321853923234106,0.1321853923234106,0.0170141843294025
PPRE_2021,PPRE,2021,173.18370056152344,124.0,-0.2839972838208925,-0.2839972838208925,-0.0365545848224755
PPRE_2022,PPRE,2022,124.0,79.0,-0.3629032258064516,-0.3629032258064516,-0.0467109282582372
PPRE_2023,PPRE,2023,79.0,55.0,-0.3037974683544304,-0.3037974683544304,-0.0391031568203977
PPRO_2021,PPRO,2021,58.0,50.0,-0.1379310344827586,-0.1379310344827586,-0.0177537321196058
PPRO_2022,PPRO,2022,50.0,50.0,0.0,0.0,0.0
PPRO_2023,PPRO,2023,50.0,21.0,-0.58,-0.58,-0.0746544435629426
PRAS_2021,PRAS,2021,254.0,152.0,-0.4015748031496063,-0.4015748031496063,-0.0516885232379863
PRAS_2022,PRAS,2022,152.0,105.0,-0.3092105263157895,-0.3092105263157895,-0.0397998961826032
PRDA_2021,PRDA,2021,6960.08837890625,4478.14599609375,-0.3565963889674813,-0.3565963889674813,-0.0458991465429689
PRDA_2022,PRDA,2022,4478.14599609375,4500.41552734375,0.0049729355115767,0.0049729355115767,0.0006400891956744
PRDA_2023,PRDA,2023,4500.41552734375,2367.132080078125,-0.4740192176264974,-0.4740192176264974,-0.0610131740173234
PRIM_2021,PRIM,2021,400.0,173.0,-0.5675,-0.5675,-0.0730455115896033
PRIM_2022,PRIM,2022,173.0,88.0,-0.4913294797687861,-0.4913294797687861,-0.0632412567555324
PRIM_2023,PRIM,2023,88.0,56.0,-0.3636363636363636,-0.3636363636363636,-0.04680529376987
PSAB_2021,PSAB,2021,112.46363830566406,86.5727310180664,-0.2302158073281335,-0.2302158073281335,-0.0296321258542679
PSAB_2022,PSAB,2022,86.5727310180664,71.19999694824219,-0.1775701642889857,-0.1775701642889857,-0.0228558651868526
PSDN_2021,PSDN,2021,153.0,83.0,-0.457516339869281,-0.457516339869281,-0.0588890134032678
PSDN_2023,PSDN,2023,90.0,75.0,-0.1666666666666666,-0.1666666666666666,-0.0214524263111904
PSGO_2022,PSGO,2022,128.17745971679688,116.76439666748048,-0.0890411081209841,-0.0890411081209841,-0.0114608868637929
PSGO_2023,PSGO,2023,116.76439666748048,175.14659118652344,0.4999999673299621,0.4999999673299621,0.0643572747284617
PSKT_2021,PSKT,2021,50.0,66.0,0.32,0.32,0.0411886585174856
PSKT_2022,PSKT,2022,66.0,50.0,-0.2424242424242424,-0.2424242424242424,-0.0312035291799133
PSKT_2023,PSKT,2023,50.0,32.0,-0.36,-0.36,-0.0463372408321713
PSSI_2021,PSSI,2021,289.4646301269531,447.12213134765625,0.5446520397036344,0.5446520397036344,0.0701046464818906
PSSI_2022,PSSI,2022,447.12213134765625,411.92529296875,-0.0787186227459164,-0.0787186227459164,-0.010132232722651
PSSI_2023,PSSI,2023,411.92529296875,386.8641052246094,-0.0608391574198427,-0.0608391574198427,-0.0078308852483045
PTBA_2021,PTBA,2021,1246.043212890625,1993.0184326171875,0.5994777805447831,0.5994777805447831,0.0771615174739976
PTBA_2022,PTBA,2022,1993.0184326171875,1871.1578369140625,-0.0611437374129552,-0.0611437374129552,-0.0078700891274531
PTBA_2023,PTBA,2023,1871.1578369140625,2440.10107421875,0.3040594577756176,0.3040594577756176,0.0391368786729117
PTDU_2023,PTDU,2023,50.0,18.0,-0.64,-0.64,-0.0823773170349712
PTIS_2021,PTIS,2021,376.0,480.0,0.2765957446808511,0.2765957446808511,0.0356018989845287
PTIS_2022,PTIS,2022,480.0,334.0,-0.3041666666666666,-0.3041666666666666,-0.0391506780179225
PTIS_2023,PTIS,2023,334.0,230.0,-0.311377245508982,-0.311377245508982,-0.0400787844855773
PTPP_2021,PTPP,2021,990.0,715.0,-0.2777777777777778,-0.2777777777777778,-0.035754043851984
PTPP_2022,PTPP,2022,715.0,428.0,-0.4013986013986014,-0.4013986013986014,-0.0516658435075103
PTPP_2023,PTPP,2023,428.0,336.0,-0.2149532710280373,-0.2149532710280373,-0.0276676152424698
PTPW_2022,PTPW,2022,877.1092529296875,968.8656005859376,0.1046122217383625,0.1046122217383625,0.0134651158685528
PTPW_2023,PTPW,2023,968.8656005859376,854.5891723632812,-0.1179486898425805,-0.1179486898425805,-0.0151817134640964
PTRO_2021,PTRO,2021,170.54638671875,340.3068542480469,0.99539175701946,0.99539175701946,0.1281214099093579
PTRO_2022,PTRO,2022,340.3068542480469,521.2028198242188,0.5315672115270363,0.5315672115270363,0.0684204386083723
PTRO_2023,PTRO,2023,521.2028198242188,2762.4990234375,4.300238061584515,4.300238061584515,0.5535032408203088
PTSN_2021,PTSN,2021,209.4372711181641,171.84596252441406,-0.1794871963001325,-0.1794871963001325,-0.0231026151145845
PTSN_2022,PTSN,2022,171.84596252441406,223.96888732910156,0.3033118965322355,0.3033118965322355,0.0390406566579911
PTSN_2023,PTSN,2023,223.96888732910156,186.6427001953125,-0.1666579120828585,-0.1666579120828585,-0.0214512994688062
PTSP_2021,PTSP,2021,7000.0,3500.0,-0.5,-0.5,-0.0643572789335712
PTSP_2023,PTSP,2023,2590.0,865.0,-0.666023166023166,-0.666023166023166,-0.0857268773439462
PUDP_2021,PUDP,2021,134.12416076660156,139.67959594726562,0.0414200927626413,0.0414200927626413,0.0053313689267594
PUDP_2022,PUDP,2022,139.67959594726562,284.3038024902344,1.0353996627937692,1.0353996627937692,0.1332710098122884
PUDP_2023,PUDP,2023,284.3038024902344,235.23870849609375,-0.1725798021847631,-0.1725798021847631,-0.0222135329350107
PURA_2022,PURA,2022,50.0,50.0,0.0,0.0,0.0
PURA_2023,PURA,2023,50.0,12.0,-0.76,-0.76,-0.0978230639790283
PURE_2022,PURE,2022,51.0,51.0,0.0,0.0,0.0
PURE_2023,PURE,2023,51.0,51.0,0.0,0.0,0.0
PURI_2023,PURI,2023,200.0,278.0,0.39,0.39,0.0501986775681855
PWON_2021,PWON,2021,427.5766906738281,424.0247192382813,-0.0083072148529641,-0.0083072148529641,-0.0010692594869066
PWON_2022,PWON,2022,424.0247192382813,427.84039306640625,0.0089987061013317,0.0089987061013317,0.0011582644772092
PWON_2023,PWON,2023,427.84039306640625,384.165771484375,-0.102081575956416,-0.102081575956416,-0.0131393849156112
PYFA_2021,PYFA,2021,1015.0,865.0,-0.1477832512315271,-0.1477832512315271,-0.0190218558424348
PYFA_2022,PYFA,2022,865.0,1145.0,0.3236994219653179,0.3236994219653179,0.0416648279801155
PYFA_2023,PYFA,2023,1145.0,210.0,-0.8165938864628821,-0.8165938864628821,-0.1051075210530814
PZZA_2021,PZZA,2021,652.1463623046875,535.403076171875,-0.1790139344184046,-0.1790139344184046,-0.0230416994207225
PZZA_2022,PZZA,2022,535.403076171875,366.8502807617187,-0.3148147683709749,-0.3148147683709749,-0.0405212437209169
PZZA_2023,PZZA,2023,366.8502807617187,112.03805541992188,-0.6945946035879028,-0.6945946035879028,-0.08940443729772
RAJA_2021,RAJA,2021,165.72010803222656,970.8870239257812,4.858595166598485,4.858595166598485,0.6253719287241596
RAJA_2022,RAJA,2022,970.8870239257812,1327.7071533203125,0.3675197222759546,0.3675197222759546,0.0473051385602045
RAJA_2023,RAJA,2023,1327.7071533203125,2634.046142578125,0.9839059660038264,0.9839059660038264,0.1266430213970262
RALS_2021,RALS,2021,399.34234619140625,363.5586242675781,-0.0896066301635761,-0.0896066301635761,-0.0115336777834692
RALS_2022,RALS,2022,363.5586242675781,357.54730224609375,-0.0165346703948908,-0.0165346703948908,-0.0021282527893572
RALS_2023,RALS,2023,357.54730224609375,286.0511474609375,-0.1999627862831605,-0.1999627862831605,-0.0257381216263189
RANC_2021,RANC,2021,1800.0,815.0,-0.5472222222222223,-0.5472222222222223,-0.0704354663884085
RANC_2022,RANC,2022,815.0,670.0,-0.1779141104294478,-0.1779141104294478,-0.0229001360622523
RANC_2023,RANC,2023,670.0,470.0,-0.2985074626865671,-0.2985074626865671,-0.038422256079744
RBMS_2021,RBMS,2021,82.0,50.0,-0.3902439024390244,-0.3902439024390244,-0.0502300713627873
RBMS_2022,RBMS,2022,50.0,50.0,0.0,0.0,0.0
RBMS_2023,RBMS,2023,50.0,29.0,-0.42,-0.42,-0.0540601143041998
RDTX_2021,RDTX,2021,5134.177734375,7508.71630859375,0.4624963717793479,0.4624963717793479,0.0595300160087363
RDTX_2022,RDTX,2022,7508.71630859375,13213.5244140625,0.759758109244263,0.759758109244263,0.0977919291173514
RDTX_2023,RDTX,2023,13213.5244140625,14150.884765625,0.0709394649140628,0.0709394649140628,0.0091309418617452
REAL_2023,REAL,2023,8.970000267028809,7.973333358764648,-0.1111111347373786,-0.1111111347373786,-0.0143016205818381
RICY_2021,RICY,2021,94.0,83.0,-0.1170212765957446,-0.1170212765957446,-0.0150623418780698
RICY_2022,RICY,2022,83.0,111.0,0.3373493975903614,0.3373493975903614,0.0434217785575902
RICY_2023,RICY,2023,111.0,68.0,-0.3873873873873873,-0.3873873873873873,-0.049862396290875
RIGS_2021,RIGS,2021,310.0,505.0,0.6290322580645161,0.6290322580645161,0.0809656089809444
RIGS_2022,RIGS,2022,505.0,480.0,-0.0495049504950495,-0.0495049504950495,-0.006372007815205
RIGS_2023,RIGS,2023,480.0,880.0,0.8333333333333334,0.8333333333333334,0.1072621315559521
RISE_2021,RISE,2021,258.10809326171875,743.2432250976562,1.8795812471638225,1.8795812471638225,0.2419294692040637
RISE_2022,RISE,2022,743.2432250976562,672.2973022460938,-0.0954545167125348,-0.0954545167125348,-0.0122863859150756
RISE_2023,RISE,2023,672.2973022460938,692.5675659179688,0.0301507437322053,0.0301507437322053,0.0038808396488563
ROCK_2023,ROCK,2023,380.0,278.0,-0.2684210526315789,-0.2684210526315789,-0.0345496971117066
RODA_2021,RODA,2021,88.0,57.0,-0.3522727272727273,-0.3522727272727273,-0.0453426283395615
RODA_2022,RODA,2022,57.0,50.0,-0.1228070175438596,-0.1228070175438596,-0.0158070509661403
RODA_2023,RODA,2023,50.0,39.0,-0.22,-0.22,-0.0283172027307713
RONY_2022,RONY,2022,800.0,306.0,-0.6175,-0.6175,-0.0794812394829605
RONY_2023,RONY,2023,306.0,1815.0,4.931372549019608,4.931372549019608,0.6347394373252224
ROTI_2021,ROTI,2021,929.60107421875,944.2091064453124,0.0157143022224229,0.0157143022224229,0.0020226594627498
ROTI_2022,ROTI,2022,944.2091064453124,880.7116088867188,-0.0672494017746178,-0.0672494017746178,-0.0086559770162497
ROTI_2023,ROTI,2023,880.7116088867188,800.8892211914062,-0.0906339679071717,-0.0906339679071717,-0.0116659111069163
RUIS_2021,RUIS,2021,198.1781005859375,219.9378204345703,0.1097988111920417,0.1097988111920417,0.0141327054369215
RUIS_2022,RUIS,2022,219.9378204345703,194.0,-0.1179325155779044,-0.1179325155779044,-0.0151796316007698
RUIS_2023,RUIS,2023,194.0,167.0,-0.1391752577319587,-0.1391752577319587,-0.0179138817650146
SAFE_2021,SAFE,2021,220.0,222.0,0.009090909090909,0.009090909090909,0.0011701323442467
SAFE_2022,SAFE,2022,222.0,350.0,0.5765765765765766,0.5765765765765766,0.0742137991306046
SAFE_2023,SAFE,2023,350.0,198.0,-0.4342857142857143,-0.4342857142857143,-0.0558988937023018
SAME_2021,SAME,2021,370.0,300.0,-0.1891891891891892,-0.1891891891891892,-0.0243514028397296
SAME_2022,SAME,2022,300.0,314.0,0.0466666666666666,0.0466666666666666,0.0060066793671333
SAME_2023,SAME,2023,314.0,264.0,-0.1592356687898089,-0.1592356687898089,-0.0204959487049589
SAMF_2022,SAMF,2022,201.6381072998047,332.8433837890625,0.6506968263403498,0.6506968263403498,0.0837541543079509
SAMF_2023,SAMF,2023,332.8433837890625,366.7019653320313,0.1017252653711345,0.1017252653711345,0.0130935225561633
SAPX_2021,SAPX,2021,1255.0,740.0,-0.4103585657370518,-0.4103585657370518,-0.0528191213558393
SAPX_2022,SAPX,2022,740.0,1190.0,0.6081081081081081,0.6081081081081081,0.0782723662705596
SAPX_2023,SAPX,2023,1190.0,1490.0,0.2521008403361344,0.2521008403361344,0.0324490482018006
SATU_2021,SATU,2021,104.0,69.0,-0.3365384615384615,-0.3365384615384615,-0.0433173992822114
SATU_2022,SATU,2022,69.0,100.0,0.4492753623188406,0.4492753623188406,0.0578282796214698
SATU_2023,SATU,2023,100.0,242.0,1.42,1.42,0.1827746721713423
SBAT_2022,SBAT,2022,50.0,9.0,-0.82,-0.82,-0.1055459374510568
SCCO_2021,SCCO,2021,9094.04296875,7601.89892578125,-0.1640792822396185,-0.1640792822396185,-0.0211193922686305
SCCO_2022,SCCO,2022,7601.89892578125,7236.24462890625,-0.0481003891849853,-0.0481003891849853,-0.0061912203271828
SCCO_2023,SCCO,2023,7236.24462890625,1987.6773681640625,-0.7253164493328499,-0.7253164493328499,-0.0933587860896434
SCMA_2021,SCMA,2021,241.49575805664065,154.47630310058594,-0.3603353353131986,-0.3603353353131986,-0.0463804033687469
SCMA_2022,SCMA,2022,154.47630310058594,132.74156188964844,-0.1406995168494232,-0.1406995168494232,-0.018110076103394
SCMA_2023,SCMA,2023,132.74156188964844,140.56869506835938,0.0589652032663126,0.0589652032663126,0.0075896800679696
SCNP_2023,SCNP,2023,209.6940155029297,155.3605499267578,-0.2591083271778577,-0.2591083271778577,-0.0333510137723928
SCPI_2021,SCPI,2021,-5193.81640625,9413.791015625,-2.8124997649699126,-0.86,-0.1106945197657425
SCPI_2022,SCPI,2022,9413.791015625,29000.0,2.0805867638091637,2.0805867638091637,0.2678018054079253
SCPI_2023,SCPI,2023,29000.0,29000.0,0.0,0.0,0.0
SDMU_2021,SDMU,2021,68.0,70.0,0.0294117647058823,0.0294117647058823,0.00378572229021
SDMU_2022,SDMU,2022,70.0,50.0,-0.2857142857142857,-0.2857142857142857,-0.0367755879620407
SDMU_2023,SDMU,2023,50.0,26.0,-0.48,-0.48,-0.0617829877762284
SDPC_2021,SDPC,2021,128.4434814453125,315.9466857910156,1.459810978617366,1.459810978617366,0.1878989246823349
SDPC_2022,SDPC,2022,315.9466857910156,152.60435485839844,-0.5169933355169318,-0.5169933355169318,-0.0665445686013211
SDPC_2023,SDPC,2023,152.60435485839844,129.9534912109375,-0.1484286845449376,-0.1484286845449376,-0.0191049325060032
SGER_2023,SGER,2023,504.6895751953125,372.2329406738281,-0.2624516951241251,-0.2624516951241251,-0.0337813538993838
SGRO_2021,SGRO,2021,1429.3314208984375,1596.67529296875,0.1170784253557686,0.1170784253557686,0.015069697755449
SGRO_2022,SGRO,2022,1596.67529296875,1678.640380859375,0.0513348507687024,0.0513348507687024,0.0066075426198692
SGRO_2023,SGRO,2023,1678.640380859375,1896.482666015625,0.129773051834203,0.129773051834203,0.0167036809899092
SHID_2021,SHID,2021,780.0,2300.0,1.948717948717949,1.948717948717949,0.2508283691769957
SHID_2022,SHID,2022,2300.0,650.0,-0.717391304347826,-0.717391304347826,-0.0923387045568631
SHID_2023,SHID,2023,650.0,935.0,0.4384615384615384,0.4384615384615384,0.056436383064824
SHIP_2021,SHIP,2021,888.8158569335938,808.3758544921875,-0.090502438512881,-0.090502438512881,-0.0116489813590837
SHIP_2022,SHIP,2022,808.3758544921875,973.25244140625,0.2039603063325488,0.2039603063325488,0.0262526606520409
SHIP_2023,SHIP,2023,973.25244140625,961.5589599609376,-0.0120148493318101,-0.0120148493318101,-0.0015464860195842
SIDO_2021,SIDO,2021,666.2626953125,606.9247436523438,-0.0890608945655057,-0.0890608945655057,-0.0114634336672512
SIDO_2022,SIDO,2022,606.9247436523438,445.0574645996094,-0.2667007413120967,-0.2667007413120967,-0.0343282680008256
SIDO_2023,SIDO,2023,445.0574645996094,529.1024169921875,0.1888406758174209,0.1888406758174209,0.0243065440951717
SILO_2021,SILO,2021,1033.4619140625,1236.3419189453125,0.1963110610291373,0.1963110610291373,0.025268091424795
SILO_2022,SILO,2022,1236.3419189453125,2162.90185546875,0.7494366423439391,0.7494366423439391,0.0964634060687359
SILO_2023,SILO,2023,2162.90185546875,3240.0,0.4979875262522341,0.4979875262522341,0.0640982442649083
SIMP_2021,SIMP,2021,399.6829223632813,373.1923828125,-0.0662788877596911,-0.0662788877596911,-0.0085310577339146
SIMP_2022,SIMP,2022,373.1923828125,351.4912414550781,-0.0581500115138336,-0.0581500115138336,-0.0074847530219723
SIMP_2023,SIMP,2023,351.4912414550781,363.1764831542969,0.0332447592459061,0.0332447592459061,0.0042790844877364
SINI_2022,SINI,2022,1105.0,875.0,-0.2081447963800905,-0.2081447963800905,-0.0267912654384097
SINI_2023,SINI,2023,875.0,5000.0,4.714285714285714,4.714285714285714,0.6067972013736719
SIPD_2021,SIPD,2021,2000.0,1425.0,-0.2875,-0.2875,-0.0370054353868034
SIPD_2022,SIPD,2022,1425.0,1350.0,-0.0526315789473684,-0.0526315789473684,-0.0067744504140601
SIPD_2023,SIPD,2023,1350.0,825.0,-0.3888888888888889,-0.3888888888888889,-0.0500556613927776
SKBM_2021,SKBM,2021,345.3419189453125,365.9978942871094,0.0598131133483042,0.0598131133483042,0.0076988184392842
SKBM_2022,SKBM,2022,365.9978942871094,314.0,-0.1420715668006529,-0.1420715668006529,-0.0182866789062382
SKBM_2023,SKBM,2023,314.0,454.0,0.445859872611465,0.445859872611465,0.0573886563738852
SKLT_2021,SKLT,2021,207.29608154296875,171.10191345214844,-0.1746013133553511,-0.1746013133553511,-0.0224737308515564
SKLT_2022,SKLT,2022,171.10191345214844,250.04635620117188,0.4613884272609353,0.4613884272609353,0.0593874074199075
SKLT_2023,SKLT,2023,250.04635620117188,183.5092010498047,-0.2660992791985959,-0.2660992791985959,-0.0342508510708125
SKRN_2021,SKRN,2021,132.97366333007812,335.6186218261719,1.523948076793762,1.523948076793762,0.1961543029169912
SKRN_2022,SKRN,2022,335.6186218261719,383.0859375,0.1414323061561615,0.1414323061561615,0.0182043967550206
SKRN_2023,SKRN,2023,383.0859375,290.95526123046875,-0.2404961060976853,-0.2404961060976853,-0.0309553499651329
SLIS_2022,SLIS,2022,251.2544403076172,75.0,-0.7014978127026309,-0.7014978127026309,-0.0902929808067866
SLIS_2023,SLIS,2023,75.0,50.0,-0.3333333333333333,-0.3333333333333333,-0.0429048526223808
SMAR_2021,SMAR,2021,3369.225830078125,4075.46826171875,0.2096156408798067,0.2096156408798067,0.026980584537882
SMAR_2022,SMAR,2022,4075.46826171875,3548.228759765625,-0.1293690609507463,-0.1293690609507463,-0.0166516814819627
SMAR_2023,SMAR,2023,3548.228759765625,3406.258544921875,-0.0400115732259404,-0.0400115732259404,-0.0051500719573457
SMBR_2021,SMBR,2021,590.9255981445312,367.89886474609375,-0.377419313190573,-0.377419313190573,-0.0485793600278451
SMBR_2022,SMBR,2022,367.89886474609375,266.3684387207031,-0.2759737410319602,-0.2759737410319602,-0.03552183805987
SMBR_2023,SMBR,2023,266.3684387207031,197.6844024658203,-0.2578535076631225,-0.2578535076631225,-0.0331895002333506
SMCB_2021,SMCB,2021,1437.5670166015625,1229.596435546875,-0.1446684423424893,-0.1446684423424893,-0.0186209345934417
SMCB_2022,SMCB,2022,1229.596435546875,1185.5440673828125,-0.0358266882454565,-0.0358266882454565,-0.0046114163373578
SMCB_2023,SMCB,2023,1185.5440673828125,676.5709838867188,-0.4293160393604721,-0.4293160393604721,-0.0552592241915559
SMDM_2021,SMDM,2021,196.0,181.0,-0.0765306122448979,-0.0765306122448979,-0.0098506039184037
SMDM_2022,SMDM,2022,181.0,194.0,0.0718232044198895,0.0718232044198895,0.0092446920015074
SMDM_2023,SMDM,2023,194.0,525.0,1.7061855670103092,1.7061855670103092,0.2196109208970318
SMDR_2021,SMDR,2021,162.03497314453125,326.98919677734375,1.018016175345537,1.018016175345537,0.1310335019112002
SMDR_2023,SMDR,2023,296.5929260253906,258.3946228027344,-0.1287903381059944,-0.1287903381059944,-0.0165771914268728
SMGR_2021,SMGR,2021,6282.5107421875,5865.1328125,-0.0664348931207993,-0.0664348931207993,-0.0085511378949945
SMGR_2022,SMGR,2022,5865.1328125,5958.7763671875,0.0159661439358923,0.0159661439358923,0.0020550751575515
SMGR_2023,SMGR,2023,5958.7763671875,3127.500244140625,-0.4751438799813891,-0.4751438799813891,-0.0611579344350831
SMKL_2022,SMKL,2022,238.47879028320312,191.6686553955078,-0.1962863650562232,-0.1962863650562232,-0.0252649126935603
SMKL_2023,SMKL,2023,191.6686553955078,162.06234741210938,-0.1544660910898858,-0.1544660910898858,-0.0198820346201004
SMMT_2021,SMMT,2021,166.42811584472656,587.5242309570312,2.53019817580088,2.53019817580088,0.3256733395144608
SMMT_2022,SMMT,2022,587.5242309570312,930.0,0.5829134374340653,0.5829134374340653,0.0750294453741419
SMMT_2023,SMMT,2023,930.0,730.0,-0.2150537634408602,-0.2150537634408602,-0.0276805500789553
SMRA_2021,SMRA,2021,783.4644775390625,573.9788818359375,-0.267383655173671,-0.267383655173671,-0.0344161689565795
SMRA_2022,SMRA,2022,573.9788818359375,551.2767333984375,-0.0395522364252924,-0.0395522364252924,-0.0050909486241382
SMRA_2023,SMRA,2023,551.2767333984375,478.3947448730469,-0.132205812634423,-0.132205812634423,-0.017016812720706
SMRU_2021,SMRU,2021,50.0,50.0,0.0,0.0,0.0
SMRU_2022,SMRU,2022,50.0,50.0,0.0,0.0,0.0
SMRU_2023,SMRU,2023,50.0,50.0,0.0,0.0,0.0
SMSM_2021,SMSM,2021,1030.766357421875,1236.6239013671875,0.1997130993489134,0.1997130993489134,0.025705983282972
SMSM_2022,SMSM,2022,1236.6239013671875,1700.766357421875,0.3753303292468636,0.3753303292468636,0.048310477383139
SMSM_2023,SMSM,2023,1700.766357421875,1741.264892578125,0.0238119333555257,0.0238119333555257,0.0030649424738183
SNLK_2023,SNLK,2023,515.0,700.0,0.3592233009708738,0.3592233009708738,0.0462372683600414
SOCI_2021,SOCI,2021,193.69412231445312,178.87059020996094,-0.0765306243027183,-0.0765306243027183,-0.0098506054704207
SOCI_2022,SOCI,2022,178.87059020996094,180.84706115722656,0.0110497256421282,0.0110497256421282,0.0014222605505797
SOCI_2023,SOCI,2023,180.84706115722656,165.03529357910156,-0.0874317087429936,-0.0874317087429936,-0.0112537337344232
SOFA_2023,SOFA,2023,17.0,46.0,1.7058823529411764,1.7058823529411764,0.2195718928321842
SOHO_2023,SOHO,2023,463.3815002441406,599.0662841796875,0.2928144172006413,0.2928144172006413,0.0376894782471055
SONA_2021,SONA,2021,2737.5,2200.0,-0.1963470319634703,-0.1963470319634703,-0.0252727214077037
SONA_2022,SONA,2022,2200.0,1020.0,-0.5363636363636364,-0.5363636363636364,-0.0690378083105582
SONA_2023,SONA,2023,1020.0,4190.0,3.107843137254902,3.107843137254902,0.4000246553321978
SOSS_2021,SOSS,2021,369.4908752441406,468.6700134277344,0.2684210756708437,0.2684210756708437,0.0345497000771954
SOSS_2022,SOSS,2022,468.6700134277344,472.5593872070313,0.0082987468108978,0.0082987468108978,0.001068169526616
SOSS_2023,SOSS,2023,472.5593872070313,491.7747802734375,0.0406623878111384,0.0406623878111384,0.0052338412689329
SOTS_2021,SOTS,2021,272.0,314.0,0.1544117647058823,0.1544117647058823,0.0198750420236028
SOTS_2022,SOTS,2022,314.0,340.0,0.0828025477707006,0.0828025477707006,0.0106578933265786
SOTS_2023,SOTS,2023,340.0,306.0,-0.1,-0.1,-0.0128714557867142
SPMA_2021,SPMA,2021,456.6598510742187,365.6410217285156,-0.1993142798334383,-0.1993142798334383,-0.0256546494053689
SPMA_2022,SPMA,2022,365.6410217285156,256.5384826660156,-0.2983870314844143,-0.2983870314844143,-0.0384067548308055
SPMA_2023,SPMA,2023,256.5384826660156,227.6923065185547,-0.1124438557821183,-0.1124438557821183,-0.014473161181872
SPTO_2022,SPTO,2022,380.55718994140625,427.56402587890625,0.1235210821919763,0.1235210821919763,0.0158989614816112
SPTO_2023,SPTO,2023,427.56402587890625,550.8096923828125,0.2882507859508545,0.2882507859508545,0.0371020724685205
SQMI_2021,SQMI,2021,59.0,68.0,0.1525423728813559,0.1525423728813559,0.0196344240814285
SQMI_2022,SQMI,2022,68.0,55.0,-0.1911764705882352,-0.1911764705882352,-0.0246071948863654
SQMI_2023,SQMI,2023,55.0,29.0,-0.4727272727272727,-0.4727272727272727,-0.060846881900831
SRAJ_2021,SRAJ,2021,310.0,655.0,1.1129032258064515,1.1129032258064515,0.143246846658594
SRAJ_2022,SRAJ,2022,655.0,300.0,-0.5419847328244275,-0.5419847328244275,-0.0697613252562375
SRAJ_2023,SRAJ,2023,300.0,2360.0,6.866666666666666,6.866666666666666,0.8838399640210453
SRIL_2021,SRIL,2021,146.0,146.0,0.0,0.0,0.0
SRIL_2022,SRIL,2022,146.0,146.0,0.0,0.0,0.0
SRIL_2023,SRIL,2023,146.0,146.0,0.0,0.0,0.0
SRSN_2021,SRSN,2021,51.786277770996094,48.96156692504883,-0.0545455469581808,-0.0545455469581808,-0.0070208059603437
SRSN_2022,SRSN,2022,48.96156692504883,64.3468017578125,0.3142308508286845,0.3142308508286845,0.0404460850326301
SRSN_2023,SRSN,2023,64.3468017578125,49.0,-0.2385013914999933,-0.2385013914999933,-0.0306986011576199
SSIA_2021,SSIA,2021,474.2165832519531,268.4614562988281,-0.4338842929999487,-0.4338842929999487,-0.0558472249389861
SSIA_2022,SSIA,2022,268.4614562988281,425.2272644042969,0.5839415842659014,0.5839415842659014,0.0751617828390242
SSIA_2023,SSIA,2023,425.2272644042969,1332.149658203125,2.13279455415292,2.13279455415292,0.2745217080592425
SSMS_2021,SSMS,2021,748.3832397460938,1286.25537109375,0.7187121554594699,0.7187121554594699,0.0925087173237066
SSMS_2022,SSMS,2022,1286.25537109375,955.1157836914062,-0.2574446683326684,-0.2574446683326684,-0.0331368766596925
SSMS_2023,SSMS,2023,955.1157836914062,1188.182373046875,0.2440191999075701,0.2440191999075701,0.0314088234271967
SSTM_2021,SSTM,2021,810.0,790.0,-0.0246913580246913,-0.0246913580246913,-0.0031781372312874
SSTM_2023,SSTM,2023,498.0,258.0,-0.4819277108433735,-0.4819277108433735,-0.0620311122251289
STTP_2021,STTP,2021,7550.0,7650.0,0.0132450331125827,0.0132450331125827,0.0017048285810217
STTP_2022,STTP,2022,7650.0,9375.0,0.2254901960784313,0.2254901960784313,0.0290238708916105
STTP_2023,STTP,2023,9375.0,13625.0,0.4533333333333333,0.4533333333333333,0.0583505995664379
SULI_2021,SULI,2021,50.0,159.0,2.18,2.18,0.2805977361503707
SULI_2022,SULI,2022,159.0,140.0,-0.1194968553459119,-0.1194968553459119,-0.0153809849023629
SULI_2023,SULI,2023,140.0,82.0,-0.4142857142857143,-0.4142857142857143,-0.053324602544959
SUPR_2021,SUPR,2021,15475.0,34000.0,1.197092084006462,1.197092084006462,0.154083178319148
SUPR_2022,SUPR,2022,34000.0,39900.0,0.1735294117647058,0.1735294117647058,0.0223357615122394
SUPR_2023,SUPR,2023,39900.0,43875.0,0.0996240601503759,0.0996240601503759,0.0128230668551852
SURE_2021,SURE,2021,1990.0,1720.0,-0.135678391959799,-0.135678391959799,-0.0174637842332303
SURE_2022,SURE,2022,1720.0,1100.0,-0.3604651162790697,-0.3604651162790697,-0.0463971080683885
SURE_2023,SURE,2023,1100.0,2390.0,1.1727272727272726,1.1727272727272726,0.1509470724078307
SWAT_2022,SWAT,2022,50.0,50.0,0.0,0.0,0.0
SWAT_2023,SWAT,2023,50.0,25.0,-0.5,-0.5,-0.0643572789335712
TALF_2021,TALF,2021,283.0946960449219,286.8946228027344,0.0134228115570541,0.0134228115570541,0.0017277112549001
TALF_2022,TALF,2022,286.8946228027344,272.37481689453125,-0.0506102406742798,-0.0506102406742798,-0.0065142747519395
TALF_2023,TALF,2023,272.37481689453125,308.83782958984375,0.1338707194411136,0.1338707194411136,0.0172311104642192
TAMA_2023,TAMA,2023,16.0,14.0,-0.125,-0.125,-0.0160893197333928
TAMU_2021,TAMU,2021,50.0,50.0,0.0,0.0,0.0
TAMU_2022,TAMU,2022,50.0,9.0,-0.82,-0.82,-0.1055459374510568
TAMU_2023,TAMU,2023,9.0,15.0,0.6666666666666666,0.6666666666666666,0.0858097052447616
TAPG_2023,TAPG,2023,351.8564147949219,626.0718994140625,0.7793391653210757,0.7793391653210757,0.1003122960928501
TARA_2021,TARA,2021,50.0,50.0,0.0,0.0,0.0
TARA_2022,TARA,2022,50.0,7.0,-0.86,-0.86,-0.1106945197657425
TARA_2023,TARA,2023,7.0,12.0,0.7142857142857143,0.7142857142857143,0.0919389699051018
TAXI_2021,TAXI,2021,50.0,50.0,0.0,0.0,0.0
TAXI_2022,TAXI,2022,50.0,50.0,0.0,0.0,0.0
TAXI_2023,TAXI,2023,50.0,7.0,-0.86,-0.86,-0.1106945197657425
TBIG_2021,TBIG,2021,2629.954345703125,2077.1796875,-0.2101841270006302,-0.2101841270006302,-0.0270537569775774
TBIG_2022,TBIG,2022,2077.1796875,1941.8953857421875,-0.0651288391523964,-0.0651288391523964,-0.0083830297359009
TBIG_2023,TBIG,2023,1941.8953857421875,2008.2183837890625,0.0341537440862328,0.0341537440862328,0.0043960840695669
TBLA_2021,TBLA,2021,592.0554809570312,584.3224487304688,-0.0130613303571861,-0.0130613303571861,-0.0016811833620818
TBLA_2022,TBLA,2022,584.3224487304688,610.5562744140625,0.04489614551108,0.04489614551108,0.0057787875193975
TBLA_2023,TBLA,2023,610.5562744140625,604.8206787109375,-0.0093940492358862,-0.0093940492358862,-0.0012091508939792
TBMS_2021,TBMS,2021,728.869140625,698.0602416992188,-0.0422694516869829,-0.0422694516869829,-0.0054406937851765
TBMS_2022,TBMS,2022,698.0602416992188,1191.418701171875,0.7067562797613609,0.7067562797613609,0.09096982206931
TBMS_2023,TBMS,2023,1191.418701171875,878.3162231445312,-0.262798021987885,-0.262798021987885,-0.0338259312085302
TCID_2021,TCID,2021,2542.001220703125,2993.384765625,0.1775701526992268,0.1775701526992268,0.0228558636950819
TCID_2022,TCID,2022,2993.384765625,2632.79541015625,-0.1204620801206827,-0.1204620801206827,-0.0155052233824899
TCID_2023,TCID,2023,2632.79541015625,2170.0,-0.1757810000621295,-0.1757810000621295,-0.0226255737044411
TCPI_2021,TCPI,2021,10014.46875,7924.7919921875,-0.2086657625061239,-0.2086657625061239,-0.0268583213629859
TCPI_2022,TCPI,2022,7924.7919921875,7359.02734375,-0.0713917348234815,-0.0713917348234815,-0.0091891555831727
TCPI_2023,TCPI,2023,7359.02734375,6643.95458984375,-0.0971694655426928,-0.0971694655426928,-0.0125071247955142
TDPM_2021,TDPM,2021,119.0,119.0,0.0,0.0,0.0
TDPM_2022,TDPM,2022,119.0,119.0,0.0,0.0,0.0
TEBE_2022,TEBE,2022,557.097900390625,609.18212890625,0.0934920567446128,0.0934920567446128,0.0120337887479726
TEBE_2023,TEBE,2023,609.18212890625,562.6996459960938,-0.076303096733341,-0.076303096733341,-0.0098213193599257
TECH_2022,TECH,2022,4000.0,50.0,-0.9875,-0.86,-0.1106945197657425
TELE_2021,TELE,2021,121.0,50.0,-0.5867768595041323,-0.5867768595041323,-0.0755267240377447
TELE_2022,TELE,2022,50.0,50.0,0.0,0.0,0.0
TELE_2023,TELE,2023,50.0,9.0,-0.82,-0.82,-0.1055459374510568
TFAS_2022,TFAS,2022,4980.0,680.0,-0.8634538152610441,-0.86,-0.1106945197657425
TFCO_2021,TFCO,2021,710.0,650.0,-0.0845070422535211,-0.0845070422535211,-0.0108772865803218
TFCO_2022,TFCO,2022,650.0,670.0,0.0307692307692307,0.0307692307692307,0.0039604479343736
TFCO_2023,TFCO,2023,670.0,635.0,-0.0522388059701492,-0.0522388059701492,-0.0067238948139551
TGKA_2021,TGKA,2021,5510.62939453125,5795.33203125,0.0516642685137361,0.0516642685137361,0.0066499434792748
TGKA_2022,TGKA,2022,5795.33203125,5540.099609375,-0.0440410351811971,-0.0440410351811971,-0.005668722371359
TGKA_2023,TGKA,2023,5540.099609375,5391.3330078125,-0.0268526943650536,-0.0268526943650536,-0.0034563326827393
TGRA_2021,TGRA,2021,90.0,55.0,-0.3888888888888889,-0.3888888888888889,-0.0500556613927776
TGRA_2022,TGRA,2022,55.0,50.0,-0.0909090909090909,-0.0909090909090909,-0.0117013234424675
TGRA_2023,TGRA,2023,50.0,31.0,-0.38,-0.38,-0.0489115319895141
TINS_2021,TINS,2021,1270.1163330078125,1053.834228515625,-0.1702852714128959,-0.1702852714128959,-0.0219181934211972
TINS_2022,TINS,2022,1053.834228515625,607.8001098632812,-0.4232488436825626,-0.4232488436825626,-0.0544782877823803
TINS_2023,TINS,2023,607.8001098632812,1008.28857421875,0.6589147613769842,0.6589147613769842,0.0848119221827722
TIRA_2021,TIRA,2021,442.0,398.0,-0.0995475113122171,-0.0995475113122171,-0.0128132139053263
TIRA_2022,TIRA,2022,398.0,368.0,-0.0753768844221105,-0.0753768844221105,-0.0097021023517946
TIRA_2023,TIRA,2023,368.0,420.0,0.1413043478260869,0.1413043478260869,0.0181879266551396
TIRT_2021,TIRT,2021,112.0,51.0,-0.5446428571428571,-0.5446428571428571,-0.0701034645526401
TIRT_2022,TIRT,2022,51.0,50.0,-0.0196078431372549,-0.0196078431372549,-0.00252381486014
TIRT_2023,TIRT,2023,50.0,33.0,-0.34,-0.34,-0.0437629496748284
TKIM_2021,TKIM,2021,7408.35888671875,6967.62353515625,-0.0594916307783932,-0.0594916307783932,-0.0076574389524361
TKIM_2022,TKIM,2022,6967.62353515625,7246.345703125,0.0400024723727413,0.0400024723727413,0.0051489005450499
TKIM_2023,TKIM,2023,7246.345703125,5948.326171875,-0.1791274643011065,-0.1791274643011065,-0.0230563123693792
TLKM_2023,TLKM,2023,3190.59228515625,2322.736328125,-0.2720046560222749,-0.2720046560222749,-0.0350109590377113
TMAS_2021,TMAS,2021,110.623046875,168.4481201171875,0.5227217553276011,0.5227217553276011,0.0672818996245288
TMAS_2022,TMAS,2022,168.4481201171875,139.00686645507812,-0.1747793542701896,-0.1747793542701896,-0.0224966473091921
TMAS_2023,TMAS,2023,139.00686645507812,129.1938018798828,-0.0705940995969902,-0.0705940995969902,-0.0090864883176556
TMPO_2023,TMPO,2023,89.0,149.0,0.6741573033707865,0.6741573033707865,0.0867738592362758
TNCA_2021,TNCA,2021,2550.0,310.0,-0.8784313725490196,-0.86,-0.1106945197657425
TNCA_2023,TNCA,2023,193.0,197.0,0.0207253886010362,0.0207253886010362,0.002667659230407
TOBA_2021,TOBA,2021,1031.60791015625,567.3843383789062,-0.4500000118330144,-0.4500000118330144,-0.0579215525632953
TOBA_2022,TOBA,2022,567.3843383789062,294.5929260253906,-0.4807877022705941,-0.4807877022705941,-0.0618843765257188
TOBA_2023,TOBA,2023,294.5929260253906,385.6841735839844,0.3092105733412713,0.3092105733412713,0.0397999022354673
TOPS_2021,TOPS,2021,50.0,50.0,0.0,0.0,0.0
TOPS_2023,TOPS,2023,9.0,1.0,-0.8888888888888888,-0.86,-0.1106945197657425
TOTL_2021,TOTL,2021,167.4569854736328,173.41909790039062,0.0356038442343546,0.0356038442343546,0.0045827330689955
TOTL_2022,TOTL,2022,173.41909790039062,282.55218505859375,0.6293025882356253,0.6293025882356253,0.0810004044093969
TOTL_2023,TOTL,2023,282.55218505859375,558.3132934570312,0.9759652304272644,0.9759652304272644,0.1256209331281492
TOTO_2021,TOTO,2021,149.48463439941406,195.5401306152344,0.3080951858420629,0.3080951858420629,0.0396563356266562
TOTO_2022,TOTO,2022,195.5401306152344,179.14710998535156,-0.0838345590662382,-0.0838345590662382,-0.0107907282041976
TOTO_2023,TOTO,2023,179.14710998535156,190.27638244628903,0.0621236505676676,0.0621236505676676,0.0079962182159101
TOWR_2021,TOWR,2021,988.2192993164062,989.862548828125,0.0016628389193121,0.0016628389193121,0.0002140315763035
TOWR_2022,TOWR,2022,989.862548828125,912.8594970703124,-0.0777916609219882,-0.0777916609219882,-0.0100129192413243
TOWR_2023,TOWR,2023,912.8594970703124,619.0014038085938,-0.3219094441201661,-0.3219094441201661,-0.0414344317731847
TOYS_2023,TOYS,2023,50.0,8.0,-0.84,-0.84,-0.1081202286083997
TPIA_2021,TPIA,2021,1816.015625,2550.440185546875,0.4044153312540331,0.4044153312540331,0.0520541405570568
TPIA_2022,TPIA,2022,2550.440185546875,5222.81591796875,1.047809608539733,1.047809608539733,0.1348683504921354
TPIA_2023,TPIA,2023,5222.81591796875,7465.7529296875,0.4294497541071809,0.4294497541071809,0.0552764352260588
TPMA_2021,TPMA,2021,265.6914978027344,325.8312072753906,0.2263516520852603,0.2263516520852603,0.0291347528206515
TPMA_2022,TPMA,2022,325.8312072753906,587.0689697265625,0.8017579550947532,0.8017579550947532,0.1031979207064854
TPMA_2023,TPMA,2023,587.0689697265625,567.3758544921875,-0.0335448069134831,-0.0335448069134831,-0.0043177049906076
TRIN_2022,TRIN,2022,300.0,175.0,-0.4166666666666667,-0.4166666666666667,-0.053631065777976
TRIN_2023,TRIN,2023,175.0,112.0,-0.36,-0.36,-0.0463372408321713
TRIO_2021,TRIO,2021,426.0,426.0,0.0,0.0,0.0
TRIO_2022,TRIO,2022,426.0,426.0,0.0,0.0,0.0
TRIO_2023,TRIO,2023,426.0,426.0,0.0,0.0,0.0
TRIS_2021,TRIS,2021,179.025146484375,199.4953765869141,0.1143427641564626,0.1143427641564626,0.014717578333706
TRIS_2022,TRIS,2022,199.4953765869141,182.2467498779297,-0.0864612854898402,-0.0864612854898402,-0.0111288261344495
TRIS_2023,TRIS,2023,182.2467498779297,151.47328186035156,-0.1688560593711023,-0.1688560593711023,-0.0217342330251394
TRJA_2023,TRJA,2023,272.0,184.0,-0.3235294117647059,-0.3235294117647059,-0.0416429451923108
TRST_2021,TRST,2021,554.7785034179688,722.2996215820312,0.3019603627969927,0.3019603627969927,0.0388666945908168
TRST_2022,TRST,2022,722.2996215820312,594.0,-0.1776265939348278,-0.1776265939348278,-0.0228631285037678
TRST_2023,TRST,2023,594.0,594.0,0.0,0.0,0.0
TRUE_2023,TRUE,2023,50.0,17.0,-0.66,-0.66,-0.084951608192314
TRUK_2021,TRUK,2021,163.0,100.0,-0.3865030674846625,-0.3865030674846625,-0.0497485714455826
TRUK_2022,TRUK,2022,100.0,86.0,-0.14,-0.14,-0.0180200381013999
TRUK_2023,TRUK,2023,86.0,84.0,-0.0232558139534883,-0.0232558139534883,-0.0029933618108637
TSPC_2021,TSPC,2021,1146.7034912109375,1136.5565185546875,-0.0088488198858927,-0.0088488198858927,-0.0011389719392586
TSPC_2022,TSPC,2022,1136.5565185546875,1625.793701171875,0.4304556567405292,0.4304556567405292,0.0554059095387676
TSPC_2023,TSPC,2023,1625.793701171875,2324.42724609375,0.4297184473148707,0.4297184473148707,0.0553110199534885
UANG_2023,UANG,2023,658.8871459960938,735.0,0.1155172846616095,0.1155172846616095,0.0148687562212319
UCID_2022,UCID,2022,1021.91552734375,946.0447387695312,-0.0742436987638582,-0.0742436987638582,-0.0095562448608113
UCID_2023,UCID,2023,946.0447387695312,736.9096069335938,-0.2210626234314755,-0.2210626234314755,-0.0284539778359329
UFOE_2023,UFOE,2023,153.70266723632812,220.0,0.4313349530996446,0.4313349530996446,0.0555190877808654
ULTJ_2021,ULTJ,2021,1439.04833984375,1375.0433349609375,-0.0444773140072293,-0.0444773140072293,-0.0057248778075585
ULTJ_2022,ULTJ,2022,1375.0433349609375,1514.8177490234375,0.1016509156538479,0.1016509156538479,0.0130839526651752
ULTJ_2023,ULTJ,2023,1514.8177490234375,1746.7742919921875,0.1531250496096221,0.1531250496096221,0.0197094230588867
UNIC_2021,UNIC,2021,9437.8359375,7776.4091796875,-0.1760389530836237,-0.1760389530836237,-0.0226587760135532
UNIC_2022,UNIC,2022,7776.4091796875,6663.70361328125,-0.1430873222711468,-0.1430873222711468,-0.0184174214225239
UNIC_2023,UNIC,2023,6663.70361328125,6718.0634765625,0.0081576052051455,0.0081576052051455,0.001050002547235
UNIQ_2023,UNIQ,2023,214.46485900878903,438.0,1.0422926255813787,1.0422926255813787,0.1341582344698902
UNSP_2021,UNSP,2021,109.0,128.0,0.1743119266055046,0.1743119266055046,0.0224364825639973
UNSP_2022,UNSP,2022,128.0,113.0,-0.1171875,-0.1171875,-0.0150837372500557
UNSP_2023,UNSP,2023,113.0,97.0,-0.1415929203539823,-0.1415929203539823,-0.0182250701404803
UNTR_2021,UNTR,2021,13154.06640625,16369.5185546875,0.2444454854591364,0.2444454854591364,0.0314636925834917
UNTR_2022,UNTR,2022,16369.5185546875,18208.107421875,0.1123178339695891,0.1123178339695891,0.0144569403399907
UNTR_2023,UNTR,2023,18208.107421875,23640.931640625,0.2983739107461037,0.2983739107461037,0.0384050660007749
UNVR_2021,UNVR,2021,3205.126708984375,3783.922607421875,0.1805844046087357,0.1805844046087357,0.0232438417969145
UNVR_2022,UNVR,2022,3783.922607421875,2940.603271484375,-0.2228690762024026,-0.2228690762024026,-0.0286864946056507
UNVR_2023,UNVR,2023,2940.603271484375,1646.6976318359375,-0.4400136707306634,-0.4400136707306634,-0.0566361650835957
URBN_2021,URBN,2021,580.0,164.0,-0.7172413793103448,-0.7172413793103448,-0.0923194070219504
URBN_2022,URBN,2022,164.0,150.0,-0.0853658536585365,-0.0853658536585365,-0.0109878281106097
URBN_2023,URBN,2023,150.0,126.0,-0.16,-0.16,-0.0205943292587428
VICI_2023,VICI,2023,629.2269897460938,644.6041870117188,0.024438235352603,0.024438235352603,0.0031455566584634
VIVA_2021,VIVA,2021,50.0,50.0,0.0,0.0,0.0
VIVA_2022,VIVA,2022,50.0,50.0,0.0,0.0,0.0
VIVA_2023,VIVA,2023,50.0,6.0,-0.88,-0.86,-0.1106945197657425
VOKS_2021,VOKS,2021,180.0,139.0,-0.2277777777777777,-0.2277777777777777,-0.0293183159586268
VOKS_2022,VOKS,2022,139.0,220.0,0.5827338129496403,0.5827338129496403,0.075006325088047
VOKS_2023,VOKS,2023,220.0,230.0,0.0454545454545454,0.0454545454545454,0.0058506617212337
WEGE_2021,WEGE,2021,176.2205047607422,141.634765625,-0.1962639885903168,-0.1962639885903168,-0.0252620325166445
WEGE_2023,WEGE,2023,77.91232299804688,63.25508117675781,-0.1881248210460429,-0.1881248210460429,-0.0242144031647767
WICO_2021,WICO,2021,258.0080871582031,245.54393005371097,-0.048309172172768,-0.048309172172768,-0.0062180937371454
WICO_2022,WICO,2022,245.54393005371097,121.0,-0.5072164888232744,-0.5072164888232744,-0.0652861461018122
WICO_2023,WICO,2023,121.0,123.0,0.0165289256198347,0.0165289256198347,0.0021275133531759
WIFI_2023,WIFI,2023,152.88119506835938,409.6057739257813,1.6792423603349642,1.6792423603349642,0.2161429379622917
WIIM_2021,WIIM,2021,303.6723937988281,467.4327392578125,0.539266488502309,0.539266488502309,0.0694114476401411
WIIM_2022,WIIM,2022,467.4327392578125,1398.19091796875,1.9912130677641255,1.9912130677641255,0.2562981096365359
WIIM_2023,WIIM,2023,1398.19091796875,606.4415283203125,-0.566267009371415,-0.566267009371415,-0.0728868077459907
WIKA_2021,WIKA,2021,1105.0,800.0,-0.2760180995475113,-0.2760180995475113,-0.0355275476465868
WIKA_2022,WIKA,2022,800.0,240.0,-0.7,-0.7,-0.0901001905069997
WIKA_2023,WIKA,2023,240.0,244.0,0.0166666666666666,0.0166666666666666,0.002145242631119
WINS_2021,WINS,2021,178.69285583496094,303.40557861328125,0.6979166693351402,0.6979166693351402,0.0898320355215812
WINS_2022,WINS,2022,303.40557861328125,372.2767639160156,0.2269938002376585,0.2269938002376585,0.0292174066361726
WINS_2023,WINS,2023,372.2767639160156,416.16302490234375,0.1178861138812002,0.1178861138812002,0.0151736590268942
WMUU_2023,WMUU,2023,50.0,10.0,-0.8,-0.8,-0.102971646293714
WOOD_2021,WOOD,2021,830.586181640625,362.0,-0.5641632283299545,-0.5641632283299545,-0.0726160204993898
WOOD_2022,WOOD,2022,362.0,288.0,-0.2044198895027624,-0.2044198895027624,-0.0263118156965981
WOOD_2023,WOOD,2023,288.0,328.0,0.1388888888888889,0.1388888888888889,0.017877021925992
WOWS_2022,WOWS,2022,50.0,50.0,0.0,0.0,0.0
WOWS_2023,WOWS,2023,50.0,51.0,0.02,0.02,0.0025742911573428
WSBP_2021,WSBP,2021,114.0,95.0,-0.1666666666666666,-0.1666666666666666,-0.0214524263111904
WSBP_2022,WSBP,2022,95.0,50.0,-0.4736842105263157,-0.4736842105263157,-0.0609700537265411
WSBP_2023,WSBP,2023,50.0,16.0,-0.68,-0.68,-0.0875258993496569
WSKT_2021,WSKT,2021,635.0,360.0,-0.4330708661417323,-0.4330708661417323,-0.0557425250605735
WSKT_2022,WSKT,2022,360.0,202.0,-0.4388888888888889,-0.4388888888888889,-0.0564913892861347
WSKT_2023,WSKT,2023,202.0,202.0,0.0,0.0,0.0
WTON_2021,WTON,2021,231.276123046875,181.1919403076172,-0.2165557865612731,-0.2165557865612731,-0.0278738823208055
WTON_2022,WTON,2022,181.1919403076172,105.27392578125,-0.4189922266822574,-0.4189922266822574,-0.0539303992071763
WTON_2023,WTON,2023,105.27392578125,75.91314697265625,-0.2788988687436514,-0.2788988687436514,-0.0358983445799853
YELO_2023,YELO,2023,50.0,16.0,-0.68,-0.68,-0.0875258993496569
YPAS_2021,YPAS,2021,800.0,630.0,-0.2125,-0.2125,-0.0273518435467677
YPAS_2023,YPAS,2023,428.0,352.0,-0.1775700934579439,-0.1775700934579439,-0.0228558560698664
ZBRA_2021,ZBRA,2021,645.0,550.0,-0.1472868217054263,-0.1472868217054263,-0.0189579581354705
ZBRA_2022,ZBRA,2022,550.0,460.0,-0.1636363636363636,-0.1636363636363636,-0.0210623821964415
ZBRA_2023,ZBRA,2023,460.0,54.0,-0.8826086956521739,-0.86,-0.1106945197657425
ZINC_2021,ZINC,2021,105.0,50.0,-0.5238095238095238,-0.5238095238095238,-0.0674219112637413
ZINC_2022,ZINC,2022,50.0,50.0,0.0,0.0,0.0
ZINC_2023,ZINC,2023,50.0,16.0,-0.68,-0.68,-0.0875258993496569
ZONE_2021,ZONE,2021,383.32421875,1147.8504638671875,1.994463714320653,1.994463714320653,0.2567165151708417
ZONE_2022,ZONE,2022,1147.8504638671875,1056.0604248046875,-0.0799668963440176,-0.0799668963440176,-0.0102929037069278
ZONE_2023,ZONE,2023,1056.0604248046875,796.7142944335938,-0.2455788743518709,-0.2455788743518709,-0.0316095762337116
